{
	"start":	{
		"connected":	[{
				"socket":	5,
				"local_host":	"10.60.0.1",
				"local_port":	35889,
				"remote_host":	"172.16.10.3",
				"remote_port":	5201
			}],
		"version":	"iperf 3.7",
		"system_info":	"Linux ueransim1 5.4.0-169-generic #187-Ubuntu SMP Thu Nov 23 14:52:28 UTC 2023 x86_64",
		"timestamp":	{
			"time":	"Wed, 18 Jun 2025 15:37:22 GMT",
			"timesecs":	1750261042
		},
		"connecting_to":	{
			"host":	"172.16.10.3",
			"port":	5201
		},
		"cookie":	"5cfsepokcyn7f4exi3a5ou6dgnmyka5waxxn",
		"tcp_mss_default":	1348,
		"target_bitrate":	100000000,
		"sock_bufsize":	0,
		"sndbuf_actual":	16384,
		"rcvbuf_actual":	131072,
		"test_start":	{
			"protocol":	"TCP",
			"num_streams":	1,
			"blksize":	64,
			"omit":	0,
			"duration":	30,
			"bytes":	0,
			"blocks":	0,
			"reverse":	0,
			"tos":	0
		}
	},
	"intervals":	[{
			"streams":	[{
					"socket":	5,
					"start":	0,
					"end":	1.000084,
					"seconds":	1.0000840425491333,
					"bytes":	12493504,
					"bits_per_second":	99939632.818498492,
					"retransmits":	0,
					"snd_cwnd":	29656,
					"rtt":	313,
					"rttvar":	40,
					"pmtu":	1400,
					"omitted":	false,
					"sender":	true
				}],
			"sum":	{
				"start":	0,
				"end":	1.000084,
				"seconds":	1.0000840425491333,
				"bytes":	12493504,
				"bits_per_second":	99939632.818498492,
				"retransmits":	0,
				"omitted":	false,
				"sender":	true
			}
		}, {
			"streams":	[{
					"socket":	5,
					"start":	1.000084,
					"end":	2.0001,
					"seconds":	1.0000159740447998,
					"bytes":	12496704,
					"bits_per_second":	99972035.042233512,
					"retransmits":	0,
					"snd_cwnd":	29656,
					"rtt":	347,
					"rttvar":	70,
					"pmtu":	1400,
					"omitted":	false,
					"sender":	true
				}],
			"sum":	{
				"start":	1.000084,
				"end":	2.0001,
				"seconds":	1.0000159740447998,
				"bytes":	12496704,
				"bits_per_second":	99972035.042233512,
				"retransmits":	0,
				"omitted":	false,
				"sender":	true
			}
		}, {
			"streams":	[{
					"socket":	5,
					"start":	2.0001,
					"end":	3.000085,
					"seconds":	0.9999849796295166,
					"bytes":	12500480,
					"bits_per_second":	100005342.11728892,
					"retransmits":	0,
					"snd_cwnd":	29656,
					"rtt":	311,
					"rttvar":	25,
					"pmtu":	1400,
					"omitted":	false,
					"sender":	true
				}],
			"sum":	{
				"start":	2.0001,
				"end":	3.000085,
				"seconds":	0.9999849796295166,
				"bytes":	12500480,
				"bits_per_second":	100005342.11728892,
				"retransmits":	0,
				"omitted":	false,
				"sender":	true
			}
		}, {
			"streams":	[{
					"socket":	5,
					"start":	3.000085,
					"end":	4.000086,
					"seconds":	1.0000009536743164,
					"bytes":	12503744,
					"bits_per_second":	100029856.60409488,
					"retransmits":	0,
					"snd_cwnd":	29656,
					"rtt":	338,
					"rttvar":	79,
					"pmtu":	1400,
					"omitted":	false,
					"sender":	true
				}],
			"sum":	{
				"start":	3.000085,
				"end":	4.000086,
				"seconds":	1.0000009536743164,
				"bytes":	12503744,
				"bits_per_second":	100029856.60409488,
				"retransmits":	0,
				"omitted":	false,
				"sender":	true
			}
		}, {
			"streams":	[{
					"socket":	5,
					"start":	4.000086,
					"end":	5.000101,
					"seconds":	1.0000150203704834,
					"bytes":	12495232,
					"bits_per_second":	99960354.558440879,
					"retransmits":	0,
					"snd_cwnd":	35048,
					"rtt":	335,
					"rttvar":	57,
					"pmtu":	1400,
					"omitted":	false,
					"sender":	true
				}],
			"sum":	{
				"start":	4.000086,
				"end":	5.000101,
				"seconds":	1.0000150203704834,
				"bytes":	12495232,
				"bits_per_second":	99960354.558440879,
				"retransmits":	0,
				"omitted":	false,
				"sender":	true
			}
		}, {
			"streams":	[{
					"socket":	5,
					"start":	5.000101,
					"end":	6.000099,
					"seconds":	0.99999797344207764,
					"bytes":	12501760,
					"bits_per_second":	100014282.68473692,
					"retransmits":	0,
					"snd_cwnd":	35048,
					"rtt":	318,
					"rttvar":	34,
					"pmtu":	1400,
					"omitted":	false,
					"sender":	true
				}],
			"sum":	{
				"start":	5.000101,
				"end":	6.000099,
				"seconds":	0.99999797344207764,
				"bytes":	12501760,
				"bits_per_second":	100014282.68473692,
				"retransmits":	0,
				"omitted":	false,
				"sender":	true
			}
		}, {
			"streams":	[{
					"socket":	5,
					"start":	6.000099,
					"end":	7.000003,
					"seconds":	0.99990397691726685,
					"bytes":	12508416,
					"bits_per_second":	100076937.69606806,
					"retransmits":	0,
					"snd_cwnd":	35048,
					"rtt":	341,
					"rttvar":	81,
					"pmtu":	1400,
					"omitted":	false,
					"sender":	true
				}],
			"sum":	{
				"start":	6.000099,
				"end":	7.000003,
				"seconds":	0.99990397691726685,
				"bytes":	12508416,
				"bits_per_second":	100076937.69606806,
				"retransmits":	0,
				"omitted":	false,
				"sender":	true
			}
		}, {
			"streams":	[{
					"socket":	5,
					"start":	7.000003,
					"end":	8.000078,
					"seconds":	1.0000749826431274,
					"bytes":	12496512,
					"bits_per_second":	99964600.390043572,
					"retransmits":	0,
					"snd_cwnd":	35048,
					"rtt":	306,
					"rttvar":	44,
					"pmtu":	1400,
					"omitted":	false,
					"sender":	true
				}],
			"sum":	{
				"start":	7.000003,
				"end":	8.000078,
				"seconds":	1.0000749826431274,
				"bytes":	12496512,
				"bits_per_second":	99964600.390043572,
				"retransmits":	0,
				"omitted":	false,
				"sender":	true
			}
		}, {
			"streams":	[{
					"socket":	5,
					"start":	8.000078,
					"end":	9.000056,
					"seconds":	0.99997800588607788,
					"bytes":	12503168,
					"bits_per_second":	100027544.01719846,
					"retransmits":	0,
					"snd_cwnd":	35048,
					"rtt":	304,
					"rttvar":	35,
					"pmtu":	1400,
					"omitted":	false,
					"sender":	true
				}],
			"sum":	{
				"start":	8.000078,
				"end":	9.000056,
				"seconds":	0.99997800588607788,
				"bytes":	12503168,
				"bits_per_second":	100027544.01719846,
				"retransmits":	0,
				"omitted":	false,
				"sender":	true
			}
		}, {
			"streams":	[{
					"socket":	5,
					"start":	9.000056,
					"end":	10.000084,
					"seconds":	1.0000280141830444,
					"bytes":	12494336,
					"bits_per_second":	99951887.929515913,
					"retransmits":	0,
					"snd_cwnd":	35048,
					"rtt":	321,
					"rttvar":	34,
					"pmtu":	1400,
					"omitted":	false,
					"sender":	true
				}],
			"sum":	{
				"start":	9.000056,
				"end":	10.000084,
				"seconds":	1.0000280141830444,
				"bytes":	12494336,
				"bits_per_second":	99951887.929515913,
				"retransmits":	0,
				"omitted":	false,
				"sender":	true
			}
		}, {
			"streams":	[{
					"socket":	5,
					"start":	10.000084,
					"end":	11.000057,
					"seconds":	0.99997299909591675,
					"bytes":	12503936,
					"bits_per_second":	100034189.01354261,
					"retransmits":	0,
					"snd_cwnd":	35048,
					"rtt":	292,
					"rttvar":	27,
					"pmtu":	1400,
					"omitted":	false,
					"sender":	true
				}],
			"sum":	{
				"start":	10.000084,
				"end":	11.000057,
				"seconds":	0.99997299909591675,
				"bytes":	12503936,
				"bits_per_second":	100034189.01354261,
				"retransmits":	0,
				"omitted":	false,
				"sender":	true
			}
		}, {
			"streams":	[{
					"socket":	5,
					"start":	11.000057,
					"end":	12.000057,
					"seconds":	1,
					"bytes":	12500992,
					"bits_per_second":	100007936,
					"retransmits":	0,
					"snd_cwnd":	35048,
					"rtt":	308,
					"rttvar":	26,
					"pmtu":	1400,
					"omitted":	false,
					"sender":	true
				}],
			"sum":	{
				"start":	11.000057,
				"end":	12.000057,
				"seconds":	1,
				"bytes":	12500992,
				"bits_per_second":	100007936,
				"retransmits":	0,
				"omitted":	false,
				"sender":	true
			}
		}, {
			"streams":	[{
					"socket":	5,
					"start":	12.000057,
					"end":	13.000057,
					"seconds":	1,
					"bytes":	12499072,
					"bits_per_second":	99992576,
					"retransmits":	0,
					"snd_cwnd":	35048,
					"rtt":	287,
					"rttvar":	9,
					"pmtu":	1400,
					"omitted":	false,
					"sender":	true
				}],
			"sum":	{
				"start":	12.000057,
				"end":	13.000057,