{
	"start":	{
		"connected":	[{
				"socket":	5,
				"local_host":	"10.60.0.1",
				"local_port":	48229,
				"remote_host":	"172.16.10.3",
				"remote_port":	5201
			}],
		"version":	"iperf 3.7",
		"system_info":	"Linux ueransim1 5.4.0-169-generic #187-Ubuntu SMP Thu Nov 23 14:52:28 UTC 2023 x86_64",
		"timestamp":	{
			"time":	"Wed, 18 Jun 2025 15:41:06 GMT",
			"timesecs":	1750261266
		},
		"connecting_to":	{
			"host":	"172.16.10.3",
			"port":	5201
		},
		"cookie":	"m3nsblgqdixvomf5y2vc2dxbba7cvot7rhz5",
		"tcp_mss_default":	1348,
		"target_bitrate":	100000000,
		"sock_bufsize":	0,
		"sndbuf_actual":	16384,
		"rcvbuf_actual":	131072,
		"test_start":	{
			"protocol":	"TCP",
			"num_streams":	1,
			"blksize":	1518,
			"omit":	0,
			"duration":	30,
			"bytes":	0,
			"blocks":	0,
			"reverse":	0,
			"tos":	0
		}
	},
	"intervals":	[{
			"streams":	[{
					"socket":	5,
					"start":	0,
					"end":	1.000104,
					"seconds":	1.0001039505004883,
					"bytes":	12491622,
					"bits_per_second":	99922588.9968637,
					"retransmits":	0,
					"snd_cwnd":	33700,
					"rtt":	573,
					"rttvar":	57,
					"pmtu":	1400,
					"omitted":	false,
					"sender":	true
				}],
			"sum":	{
				"start":	0,
				"end":	1.000104,
				"seconds":	1.0001039505004883,
				"bytes":	12491622,
				"bits_per_second":	99922588.9968637,
				"retransmits":	0,
				"omitted":	false,
				"sender":	true
			}
		}, {
			"streams":	[{
					"socket":	5,
					"start":	1.000104,
					"end":	2.000101,
					"seconds":	0.99999701976776123,
					"bytes":	12497694,
					"bits_per_second":	99981849.969132572,
					"retransmits":	0,
					"snd_cwnd":	33700,
					"rtt":	734,
					"rttvar":	33,
					"pmtu":	1400,
					"omitted":	false,
					"sender":	true
				}],
			"sum":	{
				"start":	1.000104,
				"end":	2.000101,
				"seconds":	0.99999701976776123,
				"bytes":	12497694,
				"bits_per_second":	99981849.969132572,
				"retransmits":	0,
				"omitted":	false,
				"sender":	true
			}
		}, {
			"streams":	[{
					"socket":	5,
					"start":	2.000101,
					"end":	3.000079,
					"seconds":	0.99997800588607788,
					"bytes":	12500730,
					"bits_per_second":	100008039.58821583,
					"retransmits":	0,
					"snd_cwnd":	33700,
					"rtt":	648,
					"rttvar":	253,
					"pmtu":	1400,
					"omitted":	false,
					"sender":	true
				}],
			"sum":	{
				"start":	2.000101,
				"end":	3.000079,
				"seconds":	0.99997800588607788,
				"bytes":	12500730,
				"bits_per_second":	100008039.58821583,
				"retransmits":	0,
				"omitted":	false,
				"sender":	true
			}
		}, {
			"streams":	[{
					"socket":	5,
					"start":	3.000079,
					"end":	4.000081,
					"seconds":	1.0000020265579224,
					"bytes":	12499212,
					"bits_per_second":	99993493.357393846,
					"retransmits":	0,
					"snd_cwnd":	37744,
					"rtt":	558,
					"rttvar":	93,
					"pmtu":	1400,
					"omitted":	false,
					"sender":	true
				}],
			"sum":	{
				"start":	3.000079,
				"end":	4.000081,
				"seconds":	1.0000020265579224,
				"bytes":	12499212,
				"bits_per_second":	99993493.357393846,
				"retransmits":	0,
				"omitted":	false,
				"sender":	true
			}
		}, {
			"streams":	[{
					"socket":	5,
					"start":	4.000081,
					"end":	5.000094,
					"seconds":	1.000012993812561,
					"bytes":	12500730,
					"bits_per_second":	100004540.55974472,
					"retransmits":	0,
					"snd_cwnd":	37744,
					"rtt":	702,
					"rttvar":	81,
					"pmtu":	1400,
					"omitted":	false,
					"sender":	true
				}],
			"sum":	{
				"start":	4.000081,
				"end":	5.000094,
				"seconds":	1.000012993812561,
				"bytes":	12500730,
				"bits_per_second":	100004540.55974472,
				"retransmits":	0,
				"omitted":	false,
				"sender":	true
			}
		}, {
			"streams":	[{
					"socket":	5,
					"start":	5.000094,
					"end":	6.000084,
					"seconds":	0.99998998641967773,
					"bytes":	12499212,
					"bits_per_second":	99994697.304933265,
					"retransmits":	0,
					"snd_cwnd":	37744,
					"rtt":	623,
					"rttvar":	93,
					"pmtu":	1400,
					"omitted":	false,
					"sender":	true
				}],
			"sum":	{
				"start":	5.000094,
				"end":	6.000084,
				"seconds":	0.99998998641967773,
				"bytes":	12499212,
				"bits_per_second":	99994697.304933265,
				"retransmits":	0,
				"omitted":	false,
				"sender":	true
			}
		}, {
			"streams":	[{
					"socket":	5,
					"start":	6.000084,
					"end":	7.000083,
					"seconds":	0.99999898672103882,
					"bytes":	12502248,
					"bits_per_second":	100018085.34622163,
					"retransmits":	0,
					"snd_cwnd":	37744,
					"rtt":	677,
					"rttvar":	169,
					"pmtu":	1400,
					"omitted":	false,
					"sender":	true
				}],
			"sum":	{
				"start":	6.000084,
				"end":	7.000083,
				"seconds":	0.99999898672103882,
				"bytes":	12502248,
				"bits_per_second":	100018085.34622163,
				"retransmits":	0,
				"omitted":	false,
				"sender":	true
			}
		}, {
			"streams":	[{
					"socket":	5,
					"start":	7.000083,
					"end":	8.000111,
					"seconds":	1.0000280141830444,
					"bytes":	12499212,
					"bits_per_second":	99990894.836769268,
					"retransmits":	0,
					"snd_cwnd":	37744,
					"rtt":	788,
					"rttvar":	102,
					"pmtu":	1400,
					"omitted":	false,
					"sender":	true
				}],
			"sum":	{
				"start":	7.000083,
				"end":	8.000111,
				"seconds":	1.0000280141830444,
				"bytes":	12499212,
				"bits_per_second":	99990894.836769268,
				"retransmits":	0,
				"omitted":	false,
				"sender":	true
			}
		}, {
			"streams":	[{
					"socket":	5,
					"start":	8.000111,
					"end":	9.000084,
					"seconds":	0.99997299909591675,
					"bytes":	12499212,
					"bits_per_second":	99996395.993096873,
					"retransmits":	0,
					"snd_cwnd":	37744,
					"rtt":	752,
					"rttvar":	97,
					"pmtu":	1400,
					"omitted":	false,
					"sender":	true
				}],
			"sum":	{
				"start":	8.000111,
				"end":	9.000084,
				"seconds":	0.99997299909591675,
				"bytes":	12499212,
				"bits_per_second":	99996395.993096873,
				"retransmits":	0,
				"omitted":	false,
				"sender":	true
			}
		}, {
			"streams":	[{
					"socket":	5,
					"start":	9.000084,
					"end":	10.000113,
					"seconds":	1.0000289678573608,
					"bytes":	12499212,
					"bits_per_second":	99990799.480783239,
					"retransmits":	0,
					"snd_cwnd":	37744,
					"rtt":	735,
					"rttvar":	88,
					"pmtu":	1400,
					"omitted":	false,
					"sender":	true
				}],
			"sum":	{
				"start":	9.000084,
				"end":	10.000113,
				"seconds":	1.0000289678573608,
				"bytes":	12499212,
				"bits_per_second":	99990799.480783239,
				"retransmits":	0,
				"omitted":	false,
				"sender":	true
			}
		}, {
			"streams":	[{
					"socket":	5,
					"start":	10.000113,
					"end":	11.000082,
					"seconds":	0.9999690055847168,
					"bytes":	12500730,
					"bits_per_second":	100008939.71860968,
					"retransmits":	0,
					"snd_cwnd":	37744,
					"rtt":	649,
					"rttvar":	131,
					"pmtu":	1400,
					"omitted":	false,
					"sender":	true
				}],
			"sum":	{
				"start":	10.000113,
				"end":	11.000082,
				"seconds":	0.9999690055847168,
				"bytes":	12500730,
				"bits_per_second":	100008939.71860968,
				"retransmits":	0,
				"omitted":	false,
				"sender":	true
			}
		}, {
			"streams":	[{
					"socket":	5,
					"start":	11.000082,
					"end":	12.000088,
					"seconds":	1.0000059604644775,
					"bytes":	12500730,
					"bits_per_second":	100005243.92229603,
					"retransmits":	0,
					"snd_cwnd":	37744,
					"rtt":	531,
					"rttvar":	61,
					"pmtu":	1400,
					"omitted":	false,
					"sender":	true
				}],
			"sum":	{
				"start":	11.000082,
				"end":	12.000088,
				"seconds":	1.0000059604644775,
				"bytes":	12500730,
				"bits_per_second":	100005243.92229603,
				"retransmits":	0,
				"omitted":	false,
				"sender":	true
			}
		}, {
			"streams":	[{
					"socket":	5,
					"start":	12.000088,
					"end":	13.000087,
					"seconds":	0.99999898672103882,
					"bytes":	12499212,
					"bits_per_second":	99993797.321611077,
					"retransmits":	0,
					"snd_cwnd":	51224,
					"rtt":	535,
					"rttvar":	79,
					"pmtu":	1400,