{
	"start":	{
		"connected":	[{
				"socket":	5,
				"local_host":	"10.60.0.1",
				"local_port":	60493,
				"remote_host":	"172.16.10.3",
				"remote_port":	5201
			}],
		"version":	"iperf 3.7",
		"system_info":	"Linux ueransim1 5.4.0-169-generic #187-Ubuntu SMP Thu Nov 23 14:52:28 UTC 2023 x86_64",
		"timestamp":	{
			"time":	"Wed, 18 Jun 2025 15:43:47 GMT",
			"timesecs":	1750261427
		},
		"connecting_to":	{
			"host":	"172.16.10.3",
			"port":	5201
		},
		"cookie":	"xbblt2qzxvuez2ccfi3eieywdmnfskncxh5w",
		"tcp_mss_default":	1348,
		"target_bitrate":	500000000,
		"sock_bufsize":	0,
		"sndbuf_actual":	16384,
		"rcvbuf_actual":	131072,
		"test_start":	{
			"protocol":	"TCP",
			"num_streams":	1,
			"blksize":	64,
			"omit":	0,
			"duration":	30,
			"bytes":	0,
			"blocks":	0,
			"reverse":	0,
			"tos":	0
		}
	},
	"intervals":	[{
			"streams":	[{
					"socket":	5,
					"start":	0,
					"end":	1.000004,
					"seconds":	1.0000040531158447,
					"bytes":	19247104,
					"bits_per_second":	153976207.91659197,
					"retransmits":	0,
					"snd_cwnd":	36396,
					"rtt":	607,
					"rttvar":	125,
					"pmtu":	1400,
					"omitted":	false,
					"sender":	true
				}],
			"sum":	{
				"start":	0,
				"end":	1.000004,
				"seconds":	1.0000040531158447,
				"bytes":	19247104,
				"bits_per_second":	153976207.91659197,
				"retransmits":	0,
				"omitted":	false,
				"sender":	true
			}
		}, {
			"streams":	[{
					"socket":	5,
					"start":	1.000004,
					"end":	2.000055,
					"seconds":	1.0000510215759277,
					"bytes":	20438208,
					"bits_per_second":	163497322.10896602,
					"retransmits":	0,
					"snd_cwnd":	36396,
					"rtt":	693,
					"rttvar":	122,
					"pmtu":	1400,
					"omitted":	false,
					"sender":	true
				}],
			"sum":	{
				"start":	1.000004,
				"end":	2.000055,
				"seconds":	1.0000510215759277,
				"bytes":	20438208,
				"bits_per_second":	163497322.10896602,
				"retransmits":	0,
				"omitted":	false,
				"sender":	true
			}
		}, {
			"streams":	[{
					"socket":	5,
					"start":	2.000055,
					"end":	3.000003,
					"seconds":	0.99994802474975586,
					"bytes":	20487872,
					"bits_per_second":	163911495.34098825,
					"retransmits":	0,
					"snd_cwnd":	36396,
					"rtt":	738,
					"rttvar":	140,
					"pmtu":	1400,
					"omitted":	false,
					"sender":	true
				}],
			"sum":	{
				"start":	2.000055,
				"end":	3.000003,
				"seconds":	0.99994802474975586,
				"bytes":	20487872,
				"bits_per_second":	163911495.34098825,
				"retransmits":	0,
				"omitted":	false,
				"sender":	true
			}
		}, {
			"streams":	[{
					"socket":	5,
					"start":	3.000003,
					"end":	4.000009,
					"seconds":	1.0000059604644775,
					"bytes":	20466816,
					"bits_per_second":	163733552.07197911,
					"retransmits":	0,
					"snd_cwnd":	36396,
					"rtt":	643,
					"rttvar":	49,
					"pmtu":	1400,
					"omitted":	false,
					"sender":	true
				}],
			"sum":	{
				"start":	3.000003,
				"end":	4.000009,
				"seconds":	1.0000059604644775,
				"bytes":	20466816,
				"bits_per_second":	163733552.07197911,
				"retransmits":	0,
				"omitted":	false,
				"sender":	true
			}
		}, {
			"streams":	[{
					"socket":	5,
					"start":	4.000009,
					"end":	5.000004,
					"seconds":	0.99999499320983887,
					"bytes":	20482432,
					"bits_per_second":	163860276.41401976,
					"retransmits":	0,
					"snd_cwnd":	36396,
					"rtt":	751,
					"rttvar":	149,
					"pmtu":	1400,
					"omitted":	false,
					"sender":	true
				}],
			"sum":	{
				"start":	4.000009,
				"end":	5.000004,
				"seconds":	0.99999499320983887,
				"bytes":	20482432,
				"bits_per_second":	163860276.41401976,
				"retransmits":	0,
				"omitted":	false,
				"sender":	true
			}
		}, {
			"streams":	[{
					"socket":	5,
					"start":	5.000004,
					"end":	6.000012,
					"seconds":	1.0000079870224,
					"bytes":	20488320,
					"bits_per_second":	163905250.88508973,
					"retransmits":	0,
					"snd_cwnd":	36396,
					"rtt":	726,
					"rttvar":	39,
					"pmtu":	1400,
					"omitted":	false,
					"sender":	true
				}],
			"sum":	{
				"start":	5.000004,
				"end":	6.000012,
				"seconds":	1.0000079870224,
				"bytes":	20488320,
				"bits_per_second":	163905250.88508973,
				"retransmits":	0,
				"omitted":	false,
				"sender":	true
			}
		}, {
			"streams":	[{
					"socket":	5,
					"start":	6.000012,
					"end":	7.000003,
					"seconds":	0.99999099969863892,
					"bytes":	20530240,
					"bits_per_second":	164243398.24008074,
					"retransmits":	0,
					"snd_cwnd":	59312,
					"rtt":	738,
					"rttvar":	124,
					"pmtu":	1400,
					"omitted":	false,
					"sender":	true
				}],
			"sum":	{
				"start":	6.000012,
				"end":	7.000003,
				"seconds":	0.99999099969863892,
				"bytes":	20530240,
				"bits_per_second":	164243398.24008074,
				"retransmits":	0,
				"omitted":	false,
				"sender":	true
			}
		}, {
			"streams":	[{
					"socket":	5,
					"start":	7.000003,
					"end":	8.000002,
					"seconds":	0.99999898672103882,
					"bytes":	20521344,
					"bits_per_second":	164170918.3509376,
					"retransmits":	0,
					"snd_cwnd":	59312,
					"rtt":	472,
					"rttvar":	103,
					"pmtu":	1400,
					"omitted":	false,
					"sender":	true
				}],
			"sum":	{
				"start":	7.000003,
				"end":	8.000002,
				"seconds":	0.99999898672103882,
				"bytes":	20521344,
				"bits_per_second":	164170918.3509376,
				"retransmits":	0,
				"omitted":	false,
				"sender":	true
			}
		}, {
			"streams":	[{
					"socket":	5,
					"start":	8.000002,
					"end":	9.000057,
					"seconds":	1.0000549554824829,
					"bytes":	20516224,
					"bits_per_second":	164120772.66375279,
					"retransmits":	0,
					"snd_cwnd":	59312,
					"rtt":	614,
					"rttvar":	18,
					"pmtu":	1400,
					"omitted":	false,
					"sender":	true
				}],
			"sum":	{
				"start":	8.000002,
				"end":	9.000057,
				"seconds":	1.0000549554824829,
				"bytes":	20516224,
				"bits_per_second":	164120772.66375279,
				"retransmits":	0,
				"omitted":	false,
				"sender":	true
			}
		}, {
			"streams":	[{
					"socket":	5,
					"start":	9.000057,
					"end":	10.000013,
					"seconds":	0.99995601177215576,
					"bytes":	20459072,
					"bits_per_second":	163679775.98327944,
					"retransmits":	0,
					"snd_cwnd":	59312,
					"rtt":	571,
					"rttvar":	111,
					"pmtu":	1400,
					"omitted":	false,
					"sender":	true
				}],
			"sum":	{
				"start":	9.000057,
				"end":	10.000013,
				"seconds":	0.99995601177215576,
				"bytes":	20459072,
				"bits_per_second":	163679775.98327944,
				"retransmits":	0,
				"omitted":	false,
				"sender":	true
			}
		}, {
			"streams":	[{
					"socket":	5,
					"start":	10.000013,
					"end":	11.000003,
					"seconds":	0.99998998641967773,
					"bytes":	20571584,
					"bits_per_second":	164574319.97817209,
					"retransmits":	0,
					"snd_cwnd":	59312,
					"rtt":	713,
					"rttvar":	137,
					"pmtu":	1400,
					"omitted":	false,
					"sender":	true
				}],
			"sum":	{
				"start":	10.000013,
				"end":	11.000003,
				"seconds":	0.99998998641967773,
				"bytes":	20571584,
				"bits_per_second":	164574319.97817209,
				"retransmits":	0,
				"omitted":	false,
				"sender":	true
			}
		}, {
			"streams":	[{
					"socket":	5,
					"start":	11.000003,
					"end":	12.000003,
					"seconds":	1,
					"bytes":	20517696,
					"bits_per_second":	164141568,
					"retransmits":	0,
					"snd_cwnd":	59312,
					"rtt":	868,
					"rttvar":	163,
					"pmtu":	1400,
					"omitted":	false,
					"sender":	true
				}],
			"sum":	{
				"start":	11.000003,
				"end":	12.000003,
				"seconds":	1,
				"bytes":	20517696,
				"bits_per_second":	164141568,
				"retransmits":	0,
				"omitted":	false,
				"sender":	true
			}
		}, {
			"streams":	[{
					"socket":	5,
					"start":	12.000003,
					"end":	13.000003,
					"seconds":	1,
					"bytes":	20580992,
					"bits_per_second":	164647936,
					"retransmits":	0,
					"snd_cwnd":	59312,
					"rtt":	621,
					"rttvar":	36,
					"pmtu":	1400,
					"omitted":	false,
					"sender":	true
				}],
			"sum":	{
				"start":	12.000003,