{
	"start":	{
		"connected":	[{
				"socket":	5,
				"local_host":	"10.60.0.1",
				"local_port":	33995,
				"remote_host":	"172.16.10.3",
				"remote_port":	5201
			}],
		"version":	"iperf 3.7",
		"system_info":	"Linux ueransim1 5.4.0-169-generic #187-Ubuntu SMP Thu Nov 23 14:52:28 UTC 2023 x86_64",
		"timestamp":	{
			"time":	"Wed, 18 Jun 2025 15:37:54 GMT",
			"timesecs":	1750261074
		},
		"connecting_to":	{
			"host":	"172.16.10.3",
			"port":	5201
		},
		"cookie":	"6ft3jgbjlfkfolmedeklagk6csroikld2noc",
		"tcp_mss_default":	1348,
		"target_bitrate":	100000000,
		"sock_bufsize":	0,
		"sndbuf_actual":	16384,
		"rcvbuf_actual":	131072,
		"test_start":	{
			"protocol":	"TCP",
			"num_streams":	1,
			"blksize":	128,
			"omit":	0,
			"duration":	30,
			"bytes":	0,
			"blocks":	0,
			"reverse":	0,
			"tos":	0
		}
	},
	"intervals":	[{
			"streams":	[{
					"socket":	5,
					"start":	0,
					"end":	1.000088,
					"seconds":	1.0000879764556885,
					"bytes":	12491776,
					"bits_per_second":	99925416.915986538,
					"retransmits":	0,
					"snd_cwnd":	24264,
					"rtt":	354,
					"rttvar":	50,
					"pmtu":	1400,
					"omitted":	false,
					"sender":	true
				}],
			"sum":	{
				"start":	0,
				"end":	1.000088,
				"seconds":	1.0000879764556885,
				"bytes":	12491776,
				"bits_per_second":	99925416.915986538,
				"retransmits":	0,
				"omitted":	false,
				"sender":	true
			}
		}, {
			"streams":	[{
					"socket":	5,
					"start":	1.000088,
					"end":	2.000058,
					"seconds":	0.999970018863678,
					"bytes":	12500096,
					"bits_per_second":	100003766.22654796,
					"retransmits":	0,
					"snd_cwnd":	24264,
					"rtt":	318,
					"rttvar":	37,
					"pmtu":	1400,
					"omitted":	false,
					"sender":	true
				}],
			"sum":	{
				"start":	1.000088,
				"end":	2.000058,
				"seconds":	0.999970018863678,
				"bytes":	12500096,
				"bits_per_second":	100003766.22654796,
				"retransmits":	0,
				"omitted":	false,
				"sender":	true
			}
		}, {
			"streams":	[{
					"socket":	5,
					"start":	2.000058,
					"end":	3.000087,
					"seconds":	1.0000289678573608,
					"bytes":	12499840,
					"bits_per_second":	99995823.335252941,
					"retransmits":	0,
					"snd_cwnd":	25612,
					"rtt":	335,
					"rttvar":	80,
					"pmtu":	1400,
					"omitted":	false,
					"sender":	true
				}],
			"sum":	{
				"start":	2.000058,
				"end":	3.000087,
				"seconds":	1.0000289678573608,
				"bytes":	12499840,
				"bits_per_second":	99995823.335252941,
				"retransmits":	0,
				"omitted":	false,
				"sender":	true
			}
		}, {
			"streams":	[{
					"socket":	5,
					"start":	3.000087,
					"end":	4.000058,
					"seconds":	0.99997097253799438,
					"bytes":	12500224,
					"bits_per_second":	100004694.88248108,
					"retransmits":	0,
					"snd_cwnd":	25612,
					"rtt":	357,
					"rttvar":	47,
					"pmtu":	1400,
					"omitted":	false,
					"sender":	true
				}],
			"sum":	{
				"start":	3.000087,
				"end":	4.000058,
				"seconds":	0.99997097253799438,
				"bytes":	12500224,
				"bits_per_second":	100004694.88248108,
				"retransmits":	0,
				"omitted":	false,
				"sender":	true
			}
		}, {
			"streams":	[{
					"socket":	5,
					"start":	4.000058,
					"end":	5.000089,
					"seconds":	1.0000309944152832,
					"bytes":	12500096,
					"bits_per_second":	99997668.6307311,
					"retransmits":	0,
					"snd_cwnd":	25612,
					"rtt":	358,
					"rttvar":	82,
					"pmtu":	1400,
					"omitted":	false,
					"sender":	true
				}],
			"sum":	{
				"start":	4.000058,
				"end":	5.000089,
				"seconds":	1.0000309944152832,
				"bytes":	12500096,
				"bits_per_second":	99997668.6307311,
				"retransmits":	0,
				"omitted":	false,
				"sender":	true
			}
		}, {
			"streams":	[{
					"socket":	5,
					"start":	5.000089,
					"end":	6.000088,
					"seconds":	0.99999898672103882,
					"bytes":	12499712,
					"bits_per_second":	99997797.325664192,
					"retransmits":	0,
					"snd_cwnd":	26960,
					"rtt":	358,
					"rttvar":	50,
					"pmtu":	1400,
					"omitted":	false,
					"sender":	true
				}],
			"sum":	{
				"start":	5.000089,
				"end":	6.000088,
				"seconds":	0.99999898672103882,
				"bytes":	12499712,
				"bits_per_second":	99997797.325664192,
				"retransmits":	0,
				"omitted":	false,
				"sender":	true
			}
		}, {
			"streams":	[{
					"socket":	5,
					"start":	6.000088,
					"end":	7.000088,
					"seconds":	1,
					"bytes":	12500096,
					"bits_per_second":	100000768,
					"retransmits":	0,
					"snd_cwnd":	26960,
					"rtt":	322,
					"rttvar":	67,
					"pmtu":	1400,
					"omitted":	false,
					"sender":	true
				}],
			"sum":	{
				"start":	6.000088,
				"end":	7.000088,
				"seconds":	1,
				"bytes":	12500096,
				"bits_per_second":	100000768,
				"retransmits":	0,
				"omitted":	false,
				"sender":	true
			}
		}, {
			"streams":	[{
					"socket":	5,
					"start":	7.000088,
					"end":	8.000057,
					"seconds":	0.9999690055847168,
					"bytes":	12499968,
					"bits_per_second":	100002843.52966186,
					"retransmits":	0,
					"snd_cwnd":	26960,
					"rtt":	336,
					"rttvar":	43,
					"pmtu":	1400,
					"omitted":	false,
					"sender":	true
				}],
			"sum":	{
				"start":	7.000088,
				"end":	8.000057,
				"seconds":	0.9999690055847168,
				"bytes":	12499968,
				"bits_per_second":	100002843.52966186,
				"retransmits":	0,
				"omitted":	false,
				"sender":	true
			}
		}, {
			"streams":	[{
					"socket":	5,
					"start":	8.000057,
					"end":	9.000058,
					"seconds":	1.0000009536743164,
					"bytes":	12499712,
					"bits_per_second":	99997600.634856567,
					"retransmits":	0,
					"snd_cwnd":	26960,
					"rtt":	336,
					"rttvar":	48,
					"pmtu":	1400,
					"omitted":	false,
					"sender":	true
				}],
			"sum":	{
				"start":	8.000057,
				"end":	9.000058,
				"seconds":	1.0000009536743164,
				"bytes":	12499712,
				"bits_per_second":	99997600.634856567,
				"retransmits":	0,
				"omitted":	false,
				"sender":	true
			}
		}, {
			"streams":	[{
					"socket":	5,
					"start":	9.000058,
					"end":	10.000058,
					"seconds":	1,
					"bytes":	12500096,
					"bits_per_second":	100000768,
					"retransmits":	0,
					"snd_cwnd":	26960,
					"rtt":	373,
					"rttvar":	54,
					"pmtu":	1400,
					"omitted":	false,
					"sender":	true
				}],
			"sum":	{
				"start":	9.000058,
				"end":	10.000058,
				"seconds":	1,
				"bytes":	12500096,
				"bits_per_second":	100000768,
				"retransmits":	0,
				"omitted":	false,
				"sender":	true
			}
		}, {
			"streams":	[{
					"socket":	5,
					"start":	10.000058,
					"end":	11.000058,
					"seconds":	1,
					"bytes":	12499968,
					"bits_per_second":	99999744,
					"retransmits":	0,
					"snd_cwnd":	26960,
					"rtt":	316,
					"rttvar":	45,
					"pmtu":	1400,
					"omitted":	false,
					"sender":	true
				}],
			"sum":	{
				"start":	10.000058,
				"end":	11.000058,
				"seconds":	1,
				"bytes":	12499968,
				"bits_per_second":	99999744,
				"retransmits":	0,
				"omitted":	false,
				"sender":	true
			}
		}, {
			"streams":	[{
					"socket":	5,
					"start":	11.000058,
					"end":	12.000058,
					"seconds":	1,
					"bytes":	12500096,
					"bits_per_second":	100000768,
					"retransmits":	0,
					"snd_cwnd":	26960,
					"rtt":	338,
					"rttvar":	40,
					"pmtu":	1400,
					"omitted":	false,
					"sender":	true
				}],
			"sum":	{
				"start":	11.000058,
				"end":	12.000058,
				"seconds":	1,
				"bytes":	12500096,
				"bits_per_second":	100000768,
				"retransmits":	0,
				"omitted":	false,
				"sender":	true
			}
		}, {
			"streams":	[{
					"socket":	5,
					"start":	12.000058,
					"end":	13.000058,
					"seconds":	1,
					"bytes":	12499968,
					"bits_per_second":	99999744,
					"retransmits":	0,
					"snd_cwnd":	26960,
					"rtt":	339,
					"rttvar":	44,
					"pmtu":	1400,
					"omitted":	false,
					"sender":	true
				}],
			"sum":	{
				"start":	12.000058,
				"end":	13.000058,
				"seconds":	1,
				"bytes":	12499968,
				"bits_per_second":	99999744,
				"retransmits":	0,
				"omitted":	false,