{
	"start":	{
		"connected":	[{
				"socket":	5,
				"local_host":	"10.60.0.1",
				"local_port":	43011,
				"remote_host":	"172.16.10.3",
				"remote_port":	5201
			}],
		"version":	"iperf 3.7",
		"system_info":	"Linux ueransim1 5.4.0-169-generic #187-Ubuntu SMP Thu Nov 23 14:52:28 UTC 2023 x86_64",
		"timestamp":	{
			"time":	"Wed, 18 Jun 2025 15:48:35 GMT",
			"timesecs":	1750261715
		},
		"connecting_to":	{
			"host":	"172.16.10.3",
			"port":	5201
		},
		"cookie":	"nf4ztidi3fdcqie727exgzdnvmpfzofklxdj",
		"tcp_mss_default":	1348,
		"target_bitrate":	500000000,
		"sock_bufsize":	0,
		"sndbuf_actual":	16384,
		"rcvbuf_actual":	131072,
		"test_start":	{
			"protocol":	"TCP",
			"num_streams":	1,
			"blksize":	1518,
			"omit":	0,
			"duration":	30,
			"bytes":	0,
			"blocks":	0,
			"reverse":	0,
			"tos":	0
		}
	},
	"intervals":	[{
			"streams":	[{
					"socket":	5,
					"start":	0,
					"end":	1.000088,
					"seconds":	1.0000879764556885,
					"bytes":	62456592,
					"bits_per_second":	499608782.19011205,
					"retransmits":	0,
					"snd_cwnd":	93012,
					"rtt":	514,
					"rttvar":	86,
					"pmtu":	1400,
					"omitted":	false,
					"sender":	true
				}],
			"sum":	{
				"start":	0,
				"end":	1.000088,
				"seconds":	1.0000879764556885,
				"bytes":	62456592,
				"bits_per_second":	499608782.19011205,
				"retransmits":	0,
				"omitted":	false,
				"sender":	true
			}
		}, {
			"streams":	[{
					"socket":	5,
					"start":	1.000088,
					"end":	2.000105,
					"seconds":	1.0000170469284058,
					"bytes":	62500614,
					"bits_per_second":	499996388.59736043,
					"retransmits":	0,
					"snd_cwnd":	93012,
					"rtt":	504,
					"rttvar":	79,
					"pmtu":	1400,
					"omitted":	false,
					"sender":	true
				}],
			"sum":	{
				"start":	1.000088,
				"end":	2.000105,
				"seconds":	1.0000170469284058,
				"bytes":	62500614,
				"bits_per_second":	499996388.59736043,
				"retransmits":	0,
				"omitted":	false,
				"sender":	true
			}
		}, {
			"streams":	[{
					"socket":	5,
					"start":	2.000105,
					"end":	3.000058,
					"seconds":	0.99995297193527222,
					"bytes":	62508204,
					"bits_per_second":	500089150.22492641,
					"retransmits":	0,
					"snd_cwnd":	103796,
					"rtt":	550,
					"rttvar":	48,
					"pmtu":	1400,
					"omitted":	false,
					"sender":	true
				}],
			"sum":	{
				"start":	2.000105,
				"end":	3.000058,
				"seconds":	0.99995297193527222,
				"bytes":	62508204,
				"bits_per_second":	500089150.22492641,
				"retransmits":	0,
				"omitted":	false,
				"sender":	true
			}
		}, {
			"streams":	[{
					"socket":	5,
					"start":	3.000058,
					"end":	4.000089,
					"seconds":	1.0000309944152832,
					"bytes":	62491506,
					"bits_per_second":	499916553.37873763,
					"retransmits":	0,
					"snd_cwnd":	103796,
					"rtt":	532,
					"rttvar":	89,
					"pmtu":	1400,
					"omitted":	false,
					"sender":	true
				}],
			"sum":	{
				"start":	3.000058,
				"end":	4.000089,
				"seconds":	1.0000309944152832,
				"bytes":	62491506,
				"bits_per_second":	499916553.37873763,
				"retransmits":	0,
				"omitted":	false,
				"sender":	true
			}
		}, {
			"streams":	[{
					"socket":	5,
					"start":	4.000089,
					"end":	5.000088,
					"seconds":	0.99999898672103882,
					"bytes":	62502132,
					"bits_per_second":	500017562.65727645,
					"retransmits":	0,
					"snd_cwnd":	113232,
					"rtt":	635,
					"rttvar":	81,
					"pmtu":	1400,
					"omitted":	false,
					"sender":	true
				}],
			"sum":	{
				"start":	4.000089,
				"end":	5.000088,
				"seconds":	0.99999898672103882,
				"bytes":	62502132,
				"bits_per_second":	500017562.65727645,
				"retransmits":	0,
				"omitted":	false,
				"sender":	true
			}
		}, {
			"streams":	[{
					"socket":	5,
					"start":	5.000088,
					"end":	6.000088,
					"seconds":	1,
					"bytes":	62497578,
					"bits_per_second":	499980624,
					"retransmits":	0,
					"snd_cwnd":	113232,
					"rtt":	518,
					"rttvar":	84,
					"pmtu":	1400,
					"omitted":	false,
					"sender":	true
				}],
			"sum":	{
				"start":	5.000088,
				"end":	6.000088,
				"seconds":	1,
				"bytes":	62497578,
				"bits_per_second":	499980624,
				"retransmits":	0,
				"omitted":	false,
				"sender":	true
			}
		}, {
			"streams":	[{
					"socket":	5,
					"start":	6.000088,
					"end":	7.000088,
					"seconds":	1,
					"bytes":	62500614,
					"bits_per_second":	500004912,
					"retransmits":	0,
					"snd_cwnd":	113232,
					"rtt":	598,
					"rttvar":	86,
					"pmtu":	1400,
					"omitted":	false,
					"sender":	true
				}],
			"sum":	{
				"start":	6.000088,
				"end":	7.000088,
				"seconds":	1,
				"bytes":	62500614,
				"bits_per_second":	500004912,
				"retransmits":	0,
				"omitted":	false,
				"sender":	true
			}
		}, {
			"streams":	[{
					"socket":	5,
					"start":	7.000088,
					"end":	8.000087,
					"seconds":	0.99999898672103882,
					"bytes":	62500614,
					"bits_per_second":	500005418.64497119,
					"retransmits":	0,
					"snd_cwnd":	113232,
					"rtt":	514,
					"rttvar":	69,
					"pmtu":	1400,
					"omitted":	false,
					"sender":	true
				}],
			"sum":	{
				"start":	7.000088,
				"end":	8.000087,
				"seconds":	0.99999898672103882,
				"bytes":	62500614,
				"bits_per_second":	500005418.64497119,
				"retransmits":	0,
				"omitted":	false,
				"sender":	true
			}
		}, {
			"streams":	[{
					"socket":	5,
					"start":	8.000087,
					"end":	9.000058,
					"seconds":	0.99997097253799438,
					"bytes":	62512758,
					"bits_per_second":	500116581.11505669,
					"retransmits":	0,
					"snd_cwnd":	128060,
					"rtt":	381,
					"rttvar":	30,
					"pmtu":	1400,
					"omitted":	false,
					"sender":	true
				}],
			"sum":	{
				"start":	8.000087,
				"end":	9.000058,
				"seconds":	0.99997097253799438,
				"bytes":	62512758,
				"bits_per_second":	500116581.11505669,
				"retransmits":	0,
				"omitted":	false,
				"sender":	true
			}
		}, {
			"streams":	[{
					"socket":	5,
					"start":	9.000058,
					"end":	10.000089,
					"seconds":	1.0000309944152832,
					"bytes":	62485434,
					"bits_per_second":	499867978.88427567,
					"retransmits":	0,
					"snd_cwnd":	128060,
					"rtt":	628,
					"rttvar":	103,
					"pmtu":	1400,
					"omitted":	false,
					"sender":	true
				}],
			"sum":	{
				"start":	9.000058,
				"end":	10.000089,
				"seconds":	1.0000309944152832,
				"bytes":	62485434,
				"bits_per_second":	499867978.88427567,
				"retransmits":	0,
				"omitted":	false,
				"sender":	true
			}
		}, {
			"streams":	[{
					"socket":	5,
					"start":	10.000089,
					"end":	11.000085,
					"seconds":	0.9999960064888,
					"bytes":	62500614,
					"bits_per_second":	500006908.78319025,
					"retransmits":	0,
					"snd_cwnd":	134800,
					"rtt":	615,
					"rttvar":	114,
					"pmtu":	1400,
					"omitted":	false,
					"sender":	true
				}],
			"sum":	{
				"start":	10.000089,
				"end":	11.000085,
				"seconds":	0.9999960064888,
				"bytes":	62500614,
				"bits_per_second":	500006908.78319025,
				"retransmits":	0,
				"omitted":	false,
				"sender":	true
			}
		}, {
			"streams":	[{
					"socket":	5,
					"start":	11.000085,
					"end":	12.000084,
					"seconds":	0.99999898672103882,
					"bytes":	62499096,
					"bits_per_second":	499993274.63266593,
					"retransmits":	0,
					"snd_cwnd":	134800,
					"rtt":	541,
					"rttvar":	82,
					"pmtu":	1400,
					"omitted":	false,
					"sender":	true
				}],
			"sum":	{
				"start":	11.000085,
				"end":	12.000084,
				"seconds":	0.99999898672103882,
				"bytes":	62499096,
				"bits_per_second":	499993274.63266593,
				"retransmits":	0,
				"omitted":	false,
				"sender":	true
			}
		}, {
			"streams":	[{
					"socket":	5,
					"start":	12.000084,
					"end":	13.000103,
					"seconds":	1.0000189542770386,
					"bytes":	62500614,
					"bits_per_second":	499995434.948008,
					"retransmits":	0,
					"snd_cwnd":	138844,
					"rtt":	532,
					"rttvar":	84,
					"pmtu":	1400,
					"omitted":	false,
					"sender":	true
				}],
			"sum":	{
				"start":	12.000084,
				"end":	13.000103,