{
	"start":	{
		"connected":	[{
				"socket":	5,
				"local_host":	"10.60.0.1",
				"local_port":	51623,
				"remote_host":	"172.16.10.3",
				"remote_port":	5201
			}],
		"version":	"iperf 3.7",
		"system_info":	"Linux ueransim1 5.4.0-169-generic #187-Ubuntu SMP Thu Nov 23 14:52:28 UTC 2023 x86_64",
		"timestamp":	{
			"time":	"Wed, 18 Jun 2025 15:52:19 GMT",
			"timesecs":	1750261939
		},
		"connecting_to":	{
			"host":	"172.16.10.3",
			"port":	5201
		},
		"cookie":	"76buet2rgqbl4ikdllbckohdvwyzffz2y7vi",
		"tcp_mss_default":	1348,
		"target_bitrate":	1000000000,
		"sock_bufsize":	0,
		"sndbuf_actual":	16384,
		"rcvbuf_actual":	131072,
		"test_start":	{
			"protocol":	"TCP",
			"num_streams":	1,
			"blksize":	512,
			"omit":	0,
			"duration":	30,
			"bytes":	0,
			"blocks":	0,
			"reverse":	0,
			"tos":	0
		}
	},
	"intervals":	[{
			"streams":	[{
					"socket":	5,
					"start":	0,
					"end":	1.000012,
					"seconds":	1.0000120401382446,
					"bytes":	92983808,
					"bits_per_second":	743861507.80461121,
					"retransmits":	0,
					"snd_cwnd":	200852,
					"rtt":	361,
					"rttvar":	39,
					"pmtu":	1400,
					"omitted":	false,
					"sender":	true
				}],
			"sum":	{
				"start":	0,
				"end":	1.000012,
				"seconds":	1.0000120401382446,
				"bytes":	92983808,
				"bits_per_second":	743861507.80461121,
				"retransmits":	0,
				"omitted":	false,
				"sender":	true
			}
		}, {
			"streams":	[{
					"socket":	5,
					"start":	1.000012,
					"end":	2.000043,
					"seconds":	1.0000309944152832,
					"bytes":	97854976,
					"bits_per_second":	782815545.08990538,
					"retransmits":	0,
					"snd_cwnd":	200852,
					"rtt":	382,
					"rttvar":	50,
					"pmtu":	1400,
					"omitted":	false,
					"sender":	true
				}],
			"sum":	{
				"start":	1.000012,
				"end":	2.000043,
				"seconds":	1.0000309944152832,
				"bytes":	97854976,
				"bits_per_second":	782815545.08990538,
				"retransmits":	0,
				"omitted":	false,
				"sender":	true
			}
		}, {
			"streams":	[{
					"socket":	5,
					"start":	2.000043,
					"end":	3.000012,
					"seconds":	0.9999690055847168,
					"bytes":	97832448,
					"bits_per_second":	782683842.82806,
					"retransmits":	0,
					"snd_cwnd":	200852,
					"rtt":	389,
					"rttvar":	54,
					"pmtu":	1400,
					"omitted":	false,
					"sender":	true
				}],
			"sum":	{
				"start":	2.000043,
				"end":	3.000012,
				"seconds":	0.9999690055847168,
				"bytes":	97832448,
				"bits_per_second":	782683842.82806,
				"retransmits":	0,
				"omitted":	false,
				"sender":	true
			}
		}, {
			"streams":	[{
					"socket":	5,
					"start":	3.000012,
					"end":	4.000003,
					"seconds":	0.99999099969863892,
					"bytes":	97801728,
					"bits_per_second":	782420866.02358544,
					"retransmits":	0,
					"snd_cwnd":	200852,
					"rtt":	369,
					"rttvar":	59,
					"pmtu":	1400,
					"omitted":	false,
					"sender":	true
				}],
			"sum":	{
				"start":	3.000012,
				"end":	4.000003,
				"seconds":	0.99999099969863892,
				"bytes":	97801728,
				"bits_per_second":	782420866.02358544,
				"retransmits":	0,
				"omitted":	false,
				"sender":	true
			}
		}, {
			"streams":	[{
					"socket":	5,
					"start":	4.000003,
					"end":	5.000003,
					"seconds":	1,
					"bytes":	98412544,
					"bits_per_second":	787300352,
					"retransmits":	0,
					"snd_cwnd":	200852,
					"rtt":	401,
					"rttvar":	43,
					"pmtu":	1400,
					"omitted":	false,
					"sender":	true
				}],
			"sum":	{
				"start":	4.000003,
				"end":	5.000003,
				"seconds":	1,
				"bytes":	98412544,
				"bits_per_second":	787300352,
				"retransmits":	0,
				"omitted":	false,
				"sender":	true
			}
		}, {
			"streams":	[{
					"socket":	5,
					"start":	5.000003,
					"end":	6.000003,
					"seconds":	1,
					"bytes":	101213696,
					"bits_per_second":	809709568,
					"retransmits":	0,
					"snd_cwnd":	200852,
					"rtt":	370,
					"rttvar":	25,
					"pmtu":	1400,
					"omitted":	false,
					"sender":	true
				}],
			"sum":	{
				"start":	5.000003,
				"end":	6.000003,
				"seconds":	1,
				"bytes":	101213696,
				"bits_per_second":	809709568,
				"retransmits":	0,
				"omitted":	false,
				"sender":	true
			}
		}, {
			"streams":	[{
					"socket":	5,
					"start":	6.000003,
					"end":	7.000048,
					"seconds":	1.0000449419021606,
					"bytes":	101303808,
					"bits_per_second":	810394043.35019219,
					"retransmits":	0,
					"snd_cwnd":	200852,
					"rtt":	386,
					"rttvar":	53,
					"pmtu":	1400,
					"omitted":	false,
					"sender":	true
				}],
			"sum":	{
				"start":	6.000003,
				"end":	7.000048,
				"seconds":	1.0000449419021606,
				"bytes":	101303808,
				"bits_per_second":	810394043.35019219,
				"retransmits":	0,
				"omitted":	false,
				"sender":	true
			}
		}, {
			"streams":	[{
					"socket":	5,
					"start":	7.000048,
					"end":	8.000007,
					"seconds":	0.99995899200439453,
					"bytes":	101379072,
					"bits_per_second":	811065836.184246,
					"retransmits":	0,
					"snd_cwnd":	200852,
					"rtt":	355,
					"rttvar":	53,
					"pmtu":	1400,
					"omitted":	false,
					"sender":	true
				}],
			"sum":	{
				"start":	7.000048,
				"end":	8.000007,
				"seconds":	0.99995899200439453,
				"bytes":	101379072,
				"bits_per_second":	811065836.184246,
				"retransmits":	0,
				"omitted":	false,
				"sender":	true
			}
		}, {
			"streams":	[{
					"socket":	5,
					"start":	8.000007,
					"end":	9.000002,
					"seconds":	0.99999499320983887,
					"bytes":	101316096,
					"bits_per_second":	810532826.16777933,
					"retransmits":	0,
					"snd_cwnd":	200852,
					"rtt":	395,
					"rttvar":	46,
					"pmtu":	1400,
					"omitted":	false,
					"sender":	true
				}],
			"sum":	{
				"start":	8.000007,
				"end":	9.000002,
				"seconds":	0.99999499320983887,
				"bytes":	101316096,
				"bits_per_second":	810532826.16777933,
				"retransmits":	0,
				"omitted":	false,
				"sender":	true
			}
		}, {
			"streams":	[{
					"socket":	5,
					"start":	9.000002,
					"end":	10.000004,
					"seconds":	1.0000020265579224,
					"bytes":	101258752,
					"bits_per_second":	810068374.3495183,
					"retransmits":	0,
					"snd_cwnd":	200852,
					"rtt":	385,
					"rttvar":	57,
					"pmtu":	1400,
					"omitted":	false,
					"sender":	true
				}],
			"sum":	{
				"start":	9.000002,
				"end":	10.000004,
				"seconds":	1.0000020265579224,
				"bytes":	101258752,
				"bits_per_second":	810068374.3495183,
				"retransmits":	0,
				"omitted":	false,
				"sender":	true
			}
		}, {
			"streams":	[{
					"socket":	5,
					"start":	10.000004,
					"end":	11.000015,
					"seconds":	1.0000109672546387,
					"bytes":	101137408,
					"bits_per_second":	809090390.49966168,
					"retransmits":	0,
					"snd_cwnd":	200852,
					"rtt":	358,
					"rttvar":	27,
					"pmtu":	1400,
					"omitted":	false,
					"sender":	true
				}],
			"sum":	{
				"start":	10.000004,
				"end":	11.000015,
				"seconds":	1.0000109672546387,
				"bytes":	101137408,
				"bits_per_second":	809090390.49966168,
				"retransmits":	0,
				"omitted":	false,
				"sender":	true
			}
		}, {
			"streams":	[{
					"socket":	5,
					"start":	11.000015,
					"end":	12.000002,
					"seconds":	0.999987006187439,
					"bytes":	101257216,
					"bits_per_second":	810068253.87505245,
					"retransmits":	0,
					"snd_cwnd":	200852,
					"rtt":	394,
					"rttvar":	33,
					"pmtu":	1400,
					"omitted":	false,
					"sender":	true
				}],
			"sum":	{
				"start":	11.000015,
				"end":	12.000002,
				"seconds":	0.999987006187439,
				"bytes":	101257216,
				"bits_per_second":	810068253.87505245,
				"retransmits":	0,
				"omitted":	false,
				"sender":	true
			}
		}, {
			"streams":	[{
					"socket":	5,
					"start":	12.000002,
					"end":	13.000004,
					"seconds":	1.0000020265579224,
					"bytes":	101262336,
					"bits_per_second":	810097046.291413,
					"retransmits":	0,
					"snd_cwnd":	200852,
					"rtt":	392,
					"rttvar":	58,
					"pmtu":	1400,
					"omitted":	false,
					"sender":	true
				}],
			"sum":	{
				"start":	12.000002,
				"end":	13.000004,