{
	"start":	{
		"connected":	[{
				"socket":	5,
				"local_host":	"10.60.0.1",
				"local_port":	57219,
				"remote_host":	"172.16.10.3",
				"remote_port":	5201
			}],
		"version":	"iperf 3.7",
		"system_info":	"Linux ueransim1 5.4.0-169-generic #187-Ubuntu SMP Thu Nov 23 14:52:28 UTC 2023 x86_64",
		"timestamp":	{
			"time":	"Wed, 18 Jun 2025 15:45:55 GMT",
			"timesecs":	1750261555
		},
		"connecting_to":	{
			"host":	"172.16.10.3",
			"port":	5201
		},
		"cookie":	"4v44v7uqjkkbbungv3b3v22xkq747f3spm2y",
		"tcp_mss_default":	1348,
		"target_bitrate":	500000000,
		"sock_bufsize":	0,
		"sndbuf_actual":	16384,
		"rcvbuf_actual":	131072,
		"test_start":	{
			"protocol":	"TCP",
			"num_streams":	1,
			"blksize":	512,
			"omit":	0,
			"duration":	30,
			"bytes":	0,
			"blocks":	0,
			"reverse":	0,
			"tos":	0
		}
	},
	"intervals":	[{
			"streams":	[{
					"socket":	5,
					"start":	0,
					"end":	1.000093,
					"seconds":	1.0000929832458496,
					"bytes":	62480896,
					"bits_per_second":	499800694.90910947,
					"retransmits":	0,
					"snd_cwnd":	91664,
					"rtt":	421,
					"rttvar":	17,
					"pmtu":	1400,
					"omitted":	false,
					"sender":	true
				}],
			"sum":	{
				"start":	0,
				"end":	1.000093,
				"seconds":	1.0000929832458496,
				"bytes":	62480896,
				"bits_per_second":	499800694.90910947,
				"retransmits":	0,
				"omitted":	false,
				"sender":	true
			}
		}, {
			"streams":	[{
					"socket":	5,
					"start":	1.000093,
					"end":	2.000017,
					"seconds":	0.99992400407791138,
					"bytes":	62514688,
					"bits_per_second":	500155513.77945739,
					"retransmits":	0,
					"snd_cwnd":	109188,
					"rtt":	346,
					"rttvar":	10,
					"pmtu":	1400,
					"omitted":	false,
					"sender":	true
				}],
			"sum":	{
				"start":	1.000093,
				"end":	2.000017,
				"seconds":	0.99992400407791138,
				"bytes":	62514688,
				"bits_per_second":	500155513.77945739,
				"retransmits":	0,
				"omitted":	false,
				"sender":	true
			}
		}, {
			"streams":	[{
					"socket":	5,
					"start":	2.000017,
					"end":	3.000019,
					"seconds":	1.0000020265579224,
					"bytes":	62502400,
					"bits_per_second":	500018186.68418247,
					"retransmits":	0,
					"snd_cwnd":	109188,
					"rtt":	387,
					"rttvar":	7,
					"pmtu":	1400,
					"omitted":	false,
					"sender":	true
				}],
			"sum":	{
				"start":	2.000017,
				"end":	3.000019,
				"seconds":	1.0000020265579224,
				"bytes":	62502400,
				"bits_per_second":	500018186.68418247,
				"retransmits":	0,
				"omitted":	false,
				"sender":	true
			}
		}, {
			"streams":	[{
					"socket":	5,
					"start":	3.000019,
					"end":	4.000019,
					"seconds":	1,
					"bytes":	62490624,
					"bits_per_second":	499924992,
					"retransmits":	0,
					"snd_cwnd":	109188,
					"rtt":	339,
					"rttvar":	12,
					"pmtu":	1400,
					"omitted":	false,
					"sender":	true
				}],
			"sum":	{
				"start":	3.000019,
				"end":	4.000019,
				"seconds":	1,
				"bytes":	62490624,
				"bits_per_second":	499924992,
				"retransmits":	0,
				"omitted":	false,
				"sender":	true
			}
		}, {
			"streams":	[{
					"socket":	5,
					"start":	4.000019,
					"end":	5.000016,
					"seconds":	0.99999701976776123,
					"bytes":	62495232,
					"bits_per_second":	499963346.00688195,
					"retransmits":	0,
					"snd_cwnd":	109188,
					"rtt":	312,
					"rttvar":	14,
					"pmtu":	1400,
					"omitted":	false,
					"sender":	true
				}],
			"sum":	{
				"start":	4.000019,
				"end":	5.000016,
				"seconds":	0.99999701976776123,
				"bytes":	62495232,
				"bits_per_second":	499963346.00688195,
				"retransmits":	0,
				"omitted":	false,
				"sender":	true
			}
		}, {
			"streams":	[{
					"socket":	5,
					"start":	5.000016,
					"end":	6.000093,
					"seconds":	1.0000770092010498,
					"bytes":	62494208,
					"bits_per_second":	499915165.93247885,
					"retransmits":	0,
					"snd_cwnd":	113232,
					"rtt":	444,
					"rttvar":	15,
					"pmtu":	1400,
					"omitted":	false,
					"sender":	true
				}],
			"sum":	{
				"start":	5.000016,
				"end":	6.000093,
				"seconds":	1.0000770092010498,
				"bytes":	62494208,
				"bits_per_second":	499915165.93247885,
				"retransmits":	0,
				"omitted":	false,
				"sender":	true
			}
		}, {
			"streams":	[{
					"socket":	5,
					"start":	6.000093,
					"end":	7.000102,
					"seconds":	1.0000089406967163,
					"bytes":	62467584,
					"bits_per_second":	499736204.01016176,
					"retransmits":	0,
					"snd_cwnd":	113232,
					"rtt":	368,
					"rttvar":	19,
					"pmtu":	1400,
					"omitted":	false,
					"sender":	true
				}],
			"sum":	{
				"start":	6.000093,
				"end":	7.000102,
				"seconds":	1.0000089406967163,
				"bytes":	62467584,
				"bits_per_second":	499736204.01016176,
				"retransmits":	0,
				"omitted":	false,
				"sender":	true
			}
		}, {
			"streams":	[{
					"socket":	5,
					"start":	7.000102,
					"end":	8.000016,
					"seconds":	0.99991399049758911,
					"bytes":	62552576,
					"bits_per_second":	500463652.62973744,
					"retransmits":	0,
					"snd_cwnd":	118624,
					"rtt":	384,
					"rttvar":	11,
					"pmtu":	1400,
					"omitted":	false,
					"sender":	true
				}],
			"sum":	{
				"start":	7.000102,
				"end":	8.000016,
				"seconds":	0.99991399049758911,
				"bytes":	62552576,
				"bits_per_second":	500463652.62973744,
				"retransmits":	0,
				"omitted":	false,
				"sender":	true
			}
		}, {
			"streams":	[{
					"socket":	5,
					"start":	8.000016,
					"end":	9.000102,
					"seconds":	1.0000859498977661,
					"bytes":	62449152,
					"bits_per_second":	499550279.70453036,
					"retransmits":	0,
					"snd_cwnd":	118624,
					"rtt":	375,
					"rttvar":	22,
					"pmtu":	1400,
					"omitted":	false,
					"sender":	true
				}],
			"sum":	{
				"start":	8.000016,
				"end":	9.000102,
				"seconds":	1.0000859498977661,
				"bytes":	62449152,
				"bits_per_second":	499550279.70453036,
				"retransmits":	0,
				"omitted":	false,
				"sender":	true
			}
		}, {
			"streams":	[{
					"socket":	5,
					"start":	9.000102,
					"end":	10.0001,
					"seconds":	0.99999797344207764,
					"bytes":	62496256,
					"bits_per_second":	499971061.22031504,
					"retransmits":	0,
					"snd_cwnd":	163108,
					"rtt":	334,
					"rttvar":	11,
					"pmtu":	1400,
					"omitted":	false,
					"sender":	true
				}],
			"sum":	{
				"start":	9.000102,
				"end":	10.0001,
				"seconds":	0.99999797344207764,
				"bytes":	62496256,
				"bits_per_second":	499971061.22031504,
				"retransmits":	0,
				"omitted":	false,
				"sender":	true
			}
		}, {
			"streams":	[{
					"socket":	5,
					"start":	10.0001,
					"end":	11.000018,
					"seconds":	0.99991798400878906,
					"bytes":	62544896,
					"bits_per_second":	500400208.81912845,
					"retransmits":	0,
					"snd_cwnd":	163108,
					"rtt":	339,
					"rttvar":	9,
					"pmtu":	1400,
					"omitted":	false,
					"sender":	true
				}],
			"sum":	{
				"start":	10.0001,
				"end":	11.000018,
				"seconds":	0.99991798400878906,
				"bytes":	62544896,
				"bits_per_second":	500400208.81912845,
				"retransmits":	0,
				"omitted":	false,
				"sender":	true
			}
		}, {
			"streams":	[{
					"socket":	5,
					"start":	11.000018,
					"end":	12.000069,
					"seconds":	1.0000510215759277,
					"bytes":	62511104,
					"bits_per_second":	500063317.98145294,
					"retransmits":	0,
					"snd_cwnd":	163108,
					"rtt":	372,
					"rttvar":	15,
					"pmtu":	1400,
					"omitted":	false,
					"sender":	true
				}],
			"sum":	{
				"start":	11.000018,
				"end":	12.000069,
				"seconds":	1.0000510215759277,
				"bytes":	62511104,
				"bits_per_second":	500063317.98145294,
				"retransmits":	0,
				"omitted":	false,
				"sender":	true
			}
		}, {
			"streams":	[{
					"socket":	5,
					"start":	12.000069,
					"end":	13.00007,
					"seconds":	1.0000009536743164,
					"bytes":	62495232,
					"bits_per_second":	499961379.19967347,
					"retransmits":	0,
					"snd_cwnd":	163108,
					"rtt":	407,
					"rttvar":	17,
					"pmtu":	1400,
					"omitted":	false,
					"sender":	true
				}],