{
	"start":	{
		"connected":	[{
				"socket":	5,
				"local_host":	"10.60.0.1",
				"local_port":	54029,
				"remote_host":	"172.16.10.3",
				"remote_port":	5201
			}],
		"version":	"iperf 3.7",
		"system_info":	"Linux ueransim1 5.4.0-169-generic #187-Ubuntu SMP Thu Nov 23 14:52:28 UTC 2023 x86_64",
		"timestamp":	{
			"time":	"Wed, 18 Jun 2025 15:49:39 GMT",
			"timesecs":	1750261779
		},
		"connecting_to":	{
			"host":	"172.16.10.3",
			"port":	5201
		},
		"cookie":	"pkhdu66uecs6m7nox2zgbui3q4i7bqdba57n",
		"tcp_mss_default":	1348,
		"target_bitrate":	1000000000,
		"sock_bufsize":	0,
		"sndbuf_actual":	16384,
		"rcvbuf_actual":	131072,
		"test_start":	{
			"protocol":	"TCP",
			"num_streams":	1,
			"blksize":	64,
			"omit":	0,
			"duration":	30,
			"bytes":	0,
			"blocks":	0,
			"reverse":	0,
			"tos":	0
		}
	},
	"intervals":	[{
			"streams":	[{
					"socket":	5,
					"start":	0,
					"end":	1.000009,
					"seconds":	1.0000089406967163,
					"bytes":	14534848,
					"bits_per_second":	116277744.39595249,
					"retransmits":	0,
					"snd_cwnd":	32352,
					"rtt":	387,
					"rttvar":	29,
					"pmtu":	1400,
					"omitted":	false,
					"sender":	true
				}],
			"sum":	{
				"start":	0,
				"end":	1.000009,
				"seconds":	1.0000089406967163,
				"bytes":	14534848,
				"bits_per_second":	116277744.39595249,
				"retransmits":	0,
				"omitted":	false,
				"sender":	true
			}
		}, {
			"streams":	[{
					"socket":	5,
					"start":	1.000009,
					"end":	2.000006,
					"seconds":	0.99999701976776123,
					"bytes":	19966528,
					"bits_per_second":	159732700.04054224,
					"retransmits":	0,
					"snd_cwnd":	39092,
					"rtt":	533,
					"rttvar":	64,
					"pmtu":	1400,
					"omitted":	false,
					"sender":	true
				}],
			"sum":	{
				"start":	1.000009,
				"end":	2.000006,
				"seconds":	0.99999701976776123,
				"bytes":	19966528,
				"bits_per_second":	159732700.04054224,
				"retransmits":	0,
				"omitted":	false,
				"sender":	true
			}
		}, {
			"streams":	[{
					"socket":	5,
					"start":	2.000006,
					"end":	3.000006,
					"seconds":	1,
					"bytes":	19805184,
					"bits_per_second":	158441472,
					"retransmits":	0,
					"snd_cwnd":	39092,
					"rtt":	342,
					"rttvar":	47,
					"pmtu":	1400,
					"omitted":	false,
					"sender":	true
				}],
			"sum":	{
				"start":	2.000006,
				"end":	3.000006,
				"seconds":	1,
				"bytes":	19805184,
				"bits_per_second":	158441472,
				"retransmits":	0,
				"omitted":	false,
				"sender":	true
			}
		}, {
			"streams":	[{
					"socket":	5,
					"start":	3.000006,
					"end":	4.000006,
					"seconds":	1,
					"bytes":	17546688,
					"bits_per_second":	140373504,
					"retransmits":	0,
					"snd_cwnd":	39092,
					"rtt":	814,
					"rttvar":	110,
					"pmtu":	1400,
					"omitted":	false,
					"sender":	true
				}],
			"sum":	{
				"start":	3.000006,
				"end":	4.000006,
				"seconds":	1,
				"bytes":	17546688,
				"bits_per_second":	140373504,
				"retransmits":	0,
				"omitted":	false,
				"sender":	true
			}
		}, {
			"streams":	[{
					"socket":	5,
					"start":	4.000006,
					"end":	5.000005,
					"seconds":	0.99999898672103882,
					"bytes":	18338880,
					"bits_per_second":	146711188.65936083,
					"retransmits":	0,
					"snd_cwnd":	43136,
					"rtt":	538,
					"rttvar":	79,
					"pmtu":	1400,
					"omitted":	false,
					"sender":	true
				}],
			"sum":	{
				"start":	4.000006,
				"end":	5.000005,
				"seconds":	0.99999898672103882,
				"bytes":	18338880,
				"bits_per_second":	146711188.65936083,
				"retransmits":	0,
				"omitted":	false,
				"sender":	true
			}
		}, {
			"streams":	[{
					"socket":	5,
					"start":	5.000005,
					"end":	6.000005,
					"seconds":	1,
					"bytes":	19403264,
					"bits_per_second":	155226112,
					"retransmits":	0,
					"snd_cwnd":	43136,
					"rtt":	673,
					"rttvar":	99,
					"pmtu":	1400,
					"omitted":	false,
					"sender":	true
				}],
			"sum":	{
				"start":	5.000005,
				"end":	6.000005,
				"seconds":	1,
				"bytes":	19403264,
				"bits_per_second":	155226112,
				"retransmits":	0,
				"omitted":	false,
				"sender":	true
			}
		}, {
			"streams":	[{
					"socket":	5,
					"start":	6.000005,
					"end":	7.000004,
					"seconds":	0.99999898672103882,
					"bytes":	19403328,
					"bits_per_second":	155226781.2880317,
					"retransmits":	0,
					"snd_cwnd":	43136,
					"rtt":	812,
					"rttvar":	164,
					"pmtu":	1400,
					"omitted":	false,
					"sender":	true
				}],
			"sum":	{
				"start":	6.000005,
				"end":	7.000004,
				"seconds":	0.99999898672103882,
				"bytes":	19403328,
				"bits_per_second":	155226781.2880317,
				"retransmits":	0,
				"omitted":	false,
				"sender":	true
			}
		}, {
			"streams":	[{
					"socket":	5,
					"start":	7.000004,
					"end":	8.000005,
					"seconds":	1.0000009536743164,
					"bytes":	19411712,
					"bits_per_second":	155293547.90053186,
					"retransmits":	0,
					"snd_cwnd":	43136,
					"rtt":	465,
					"rttvar":	78,
					"pmtu":	1400,
					"omitted":	false,
					"sender":	true
				}],
			"sum":	{
				"start":	7.000004,
				"end":	8.000005,
				"seconds":	1.0000009536743164,
				"bytes":	19411712,
				"bits_per_second":	155293547.90053186,
				"retransmits":	0,
				"omitted":	false,
				"sender":	true
			}
		}, {
			"streams":	[{
					"socket":	5,
					"start":	8.000005,
					"end":	9.000003,
					"seconds":	0.99999797344207764,
					"bytes":	19396160,
					"bits_per_second":	155169594.46017095,
					"retransmits":	0,
					"snd_cwnd":	43136,
					"rtt":	575,
					"rttvar":	58,
					"pmtu":	1400,
					"omitted":	false,
					"sender":	true
				}],
			"sum":	{
				"start":	8.000005,
				"end":	9.000003,
				"seconds":	0.99999797344207764,
				"bytes":	19396160,
				"bits_per_second":	155169594.46017095,
				"retransmits":	0,
				"omitted":	false,
				"sender":	true
			}
		}, {
			"streams":	[{
					"socket":	5,
					"start":	9.000003,
					"end":	10.000003,
					"seconds":	1,
					"bytes":	19434496,
					"bits_per_second":	155475968,
					"retransmits":	0,
					"snd_cwnd":	43136,
					"rtt":	560,
					"rttvar":	18,
					"pmtu":	1400,
					"omitted":	false,
					"sender":	true
				}],
			"sum":	{
				"start":	9.000003,
				"end":	10.000003,
				"seconds":	1,
				"bytes":	19434496,
				"bits_per_second":	155475968,
				"retransmits":	0,
				"omitted":	false,
				"sender":	true
			}
		}, {
			"streams":	[{
					"socket":	5,
					"start":	10.000003,
					"end":	11.000004,
					"seconds":	1.0000009536743164,
					"bytes":	19430144,
					"bits_per_second":	155441003.759907,
					"retransmits":	0,
					"snd_cwnd":	43136,
					"rtt":	735,
					"rttvar":	61,
					"pmtu":	1400,
					"omitted":	false,
					"sender":	true
				}],
			"sum":	{
				"start":	10.000003,
				"end":	11.000004,
				"seconds":	1.0000009536743164,
				"bytes":	19430144,
				"bits_per_second":	155441003.759907,
				"retransmits":	0,
				"omitted":	false,
				"sender":	true
			}
		}, {
			"streams":	[{
					"socket":	5,
					"start":	11.000004,
					"end":	12.000003,
					"seconds":	0.99999898672103882,
					"bytes":	19322752,
					"bits_per_second":	154582172.63486332,
					"retransmits":	0,
					"snd_cwnd":	43136,
					"rtt":	651,
					"rttvar":	10,
					"pmtu":	1400,
					"omitted":	false,
					"sender":	true
				}],
			"sum":	{
				"start":	11.000004,
				"end":	12.000003,
				"seconds":	0.99999898672103882,
				"bytes":	19322752,
				"bits_per_second":	154582172.63486332,
				"retransmits":	0,
				"omitted":	false,
				"sender":	true
			}
		}, {
			"streams":	[{
					"socket":	5,
					"start":	12.000003,
					"end":	13.000058,
					"seconds":	1.0000549554824829,
					"bytes":	19594304,
					"bits_per_second":	156745817.95794696,
					"retransmits":	0,
					"snd_cwnd":	43136,
					"rtt":	600,
					"rttvar":	38,
					"pmtu":	1400,
					"omitted":	false,
					"sender":	true
				}],
			"sum":	{
				"start":	12.000003,
				"end":	13.000058,
				"seconds":	1.0000549554824829,
				"bytes":	19594304,
				"bits_per_second":	156745817.95794696,
				"retransmits":	0,