{
	"start":	{
		"connected":	[{
				"socket":	5,
				"local_host":	"10.60.0.1",
				"local_port":	36393,
				"remote_host":	"172.16.10.3",
				"remote_port":	5201
			}],
		"version":	"iperf 3.7",
		"system_info":	"Linux ueransim1 5.4.0-169-generic #187-Ubuntu SMP Thu Nov 23 14:52:28 UTC 2023 x86_64",
		"timestamp":	{
			"time":	"Wed, 18 Jun 2025 15:54:59 GMT",
			"timesecs":	1750262099
		},
		"connecting_to":	{
			"host":	"172.16.10.3",
			"port":	5201
		},
		"cookie":	"lm2qieximiaht3rn2bpcys2sdskhzysakjd5",
		"tcp_mss_default":	1348,
		"target_bitrate":	1000000000,
		"sock_bufsize":	0,
		"sndbuf_actual":	16384,
		"rcvbuf_actual":	131072,
		"test_start":	{
			"protocol":	"TCP",
			"num_streams":	1,
			"blksize":	1518,
			"omit":	0,
			"duration":	30,
			"bytes":	0,
			"blocks":	0,
			"reverse":	0,
			"tos":	0
		}
	},
	"intervals":	[{
			"streams":	[{
					"socket":	5,
					"start":	0,
					"end":	1.000022,
					"seconds":	1.0000220537185669,
					"bytes":	119238900,
					"bits_per_second":	953890163.17479765,
					"retransmits":	2,
					"snd_cwnd":	762968,
					"rtt":	6241,
					"rttvar":	109,
					"pmtu":	1400,
					"omitted":	false,
					"sender":	true
				}],
			"sum":	{
				"start":	0,
				"end":	1.000022,
				"seconds":	1.0000220537185669,
				"bytes":	119238900,
				"bits_per_second":	953890163.17479765,
				"retransmits":	2,
				"omitted":	false,
				"sender":	true
			}
		}, {
			"streams":	[{
					"socket":	5,
					"start":	1.000022,
					"end":	2.000004,
					"seconds":	0.99998199939727783,
					"bytes":	116781258,
					"bits_per_second":	934266881.36696792,
					"retransmits":	1,
					"snd_cwnd":	617384,
					"rtt":	4931,
					"rttvar":	83,
					"pmtu":	1400,
					"omitted":	false,
					"sender":	true
				}],
			"sum":	{
				"start":	1.000022,
				"end":	2.000004,
				"seconds":	0.99998199939727783,
				"bytes":	116781258,
				"bits_per_second":	934266881.36696792,
				"retransmits":	1,
				"omitted":	false,
				"sender":	true
			}
		}, {
			"streams":	[{
					"socket":	5,
					"start":	2.000004,
					"end":	3.000003,
					"seconds":	0.99999898672103882,
					"bytes":	117165312,
					"bits_per_second":	937323445.77012742,
					"retransmits":	0,
					"snd_cwnd":	742748,
					"rtt":	6069,
					"rttvar":	177,
					"pmtu":	1400,
					"omitted":	false,
					"sender":	true
				}],
			"sum":	{
				"start":	2.000004,
				"end":	3.000003,
				"seconds":	0.99999898672103882,
				"bytes":	117165312,
				"bits_per_second":	937323445.77012742,
				"retransmits":	0,
				"omitted":	false,
				"sender":	true
			}
		}, {
			"streams":	[{
					"socket":	5,
					"start":	3.000003,
					"end":	4.000003,
					"seconds":	1,
					"bytes":	117162276,
					"bits_per_second":	937298208,
					"retransmits":	1,
					"snd_cwnd":	613340,
					"rtt":	5132,
					"rttvar":	188,
					"pmtu":	1400,
					"omitted":	false,
					"sender":	true
				}],
			"sum":	{
				"start":	3.000003,
				"end":	4.000003,
				"seconds":	1,
				"bytes":	117162276,
				"bits_per_second":	937298208,
				"retransmits":	1,
				"omitted":	false,
				"sender":	true
			}
		}, {
			"streams":	[{
					"socket":	5,
					"start":	4.000003,
					"end":	5.000031,
					"seconds":	1.0000280141830444,
					"bytes":	117174420,
					"bits_per_second":	937369100.370442,
					"retransmits":	0,
					"snd_cwnd":	737356,
					"rtt":	6178,
					"rttvar":	147,
					"pmtu":	1400,
					"omitted":	false,
					"sender":	true
				}],
			"sum":	{
				"start":	4.000003,
				"end":	5.000031,
				"seconds":	1.0000280141830444,
				"bytes":	117174420,
				"bits_per_second":	937369100.370442,
				"retransmits":	0,
				"omitted":	false,
				"sender":	true
			}
		}, {
			"streams":	[{
					"socket":	5,
					"start":	5.000031,
					"end":	6.000003,
					"seconds":	0.99997198581695557,
					"bytes":	117185046,
					"bits_per_second":	937506631.48237967,
					"retransmits":	1,
					"snd_cwnd":	597164,
					"rtt":	4981,
					"rttvar":	122,
					"pmtu":	1400,
					"omitted":	false,
					"sender":	true
				}],
			"sum":	{
				"start":	5.000031,
				"end":	6.000003,
				"seconds":	0.99997198581695557,
				"bytes":	117185046,
				"bits_per_second":	937506631.48237967,
				"retransmits":	1,
				"omitted":	false,
				"sender":	true
			}
		}, {
			"streams":	[{
					"socket":	5,
					"start":	6.000003,
					"end":	7.000013,
					"seconds":	1.0000100135803223,
					"bytes":	117171384,
					"bits_per_second":	937361685.65346968,
					"retransmits":	0,
					"snd_cwnd":	726572,
					"rtt":	6049,
					"rttvar":	109,
					"pmtu":	1400,
					"omitted":	false,
					"sender":	true
				}],
			"sum":	{
				"start":	6.000003,
				"end":	7.000013,
				"seconds":	1.0000100135803223,
				"bytes":	117171384,
				"bits_per_second":	937361685.65346968,
				"retransmits":	0,
				"omitted":	false,
				"sender":	true
			}
		}, {
			"streams":	[{
					"socket":	5,
					"start":	7.000013,
					"end":	8.000004,
					"seconds":	0.99999099969863892,
					"bytes":	117166830,
					"bits_per_second":	937343076.37016606,
					"retransmits":	1,
					"snd_cwnd":	583684,
					"rtt":	4824,
					"rttvar":	62,
					"pmtu":	1400,
					"omitted":	false,
					"sender":	true
				}],
			"sum":	{
				"start":	7.000013,
				"end":	8.000004,
				"seconds":	0.99999099969863892,
				"bytes":	117166830,
				"bits_per_second":	937343076.37016606,
				"retransmits":	1,
				"omitted":	false,
				"sender":	true
			}
		}, {
			"streams":	[{
					"socket":	5,
					"start":	8.000004,
					"end":	9.000007,
					"seconds":	1.0000029802322388,
					"bytes":	117165312,
					"bits_per_second":	937319702.5696044,
					"retransmits":	0,
					"snd_cwnd":	714440,
					"rtt":	5834,
					"rttvar":	107,
					"pmtu":	1400,
					"omitted":	false,
					"sender":	true
				}],
			"sum":	{
				"start":	8.000004,
				"end":	9.000007,
				"seconds":	1.0000029802322388,
				"bytes":	117165312,
				"bits_per_second":	937319702.5696044,
				"retransmits":	0,
				"omitted":	false,
				"sender":	true
			}
		}, {
			"streams":	[{
					"socket":	5,
					"start":	9.000007,
					"end":	10.000015,
					"seconds":	1.0000079870224,
					"bytes":	117172902,
					"bits_per_second":	937375729.159054,
					"retransmits":	1,
					"snd_cwnd":	576944,
					"rtt":	4672,
					"rttvar":	78,
					"pmtu":	1400,
					"omitted":	false,
					"sender":	true
				}],
			"sum":	{
				"start":	9.000007,
				"end":	10.000015,
				"seconds":	1.0000079870224,
				"bytes":	117172902,
				"bits_per_second":	937375729.159054,
				"retransmits":	1,
				"omitted":	false,
				"sender":	true
			}
		}, {
			"streams":	[{
					"socket":	5,
					"start":	10.000015,
					"end":	11.000016,
					"seconds":	1.0000009536743164,
					"bytes":	117172902,
					"bits_per_second":	937382322.04255486,
					"retransmits":	0,
					"snd_cwnd":	709048,
					"rtt":	5784,
					"rttvar":	105,
					"pmtu":	1400,
					"omitted":	false,
					"sender":	true
				}],
			"sum":	{
				"start":	10.000015,
				"end":	11.000016,
				"seconds":	1.0000009536743164,
				"bytes":	117172902,
				"bits_per_second":	937382322.04255486,
				"retransmits":	0,
				"omitted":	false,
				"sender":	true
			}
		}, {
			"streams":	[{
					"socket":	5,
					"start":	11.000016,
					"end":	12.000018,
					"seconds":	1.0000020265579224,
					"bytes":	117177456,
					"bits_per_second":	937417748.26863563,
					"retransmits":	0,
					"snd_cwnd":	819584,
					"rtt":	6711,
					"rttvar":	152,
					"pmtu":	1400,
					"omitted":	false,
					"sender":	true
				}],
			"sum":	{
				"start":	11.000016,
				"end":	12.000018,
				"seconds":	1.0000020265579224,
				"bytes":	117177456,
				"bits_per_second":	937417748.26863563,
				"retransmits":	0,
				"omitted":	false,
				"sender":	true
			}
		}, {
			"streams":	[{
					"socket":	5,
					"start":	12.000018,
					"end":	13.000027,
					"seconds":	1.0000089406967163,
					"bytes":	117178974,
					"bits_per_second":	937423410.78158939,
					"retransmits":	1,
					"snd_cwnd":	688828,
					"rtt":	5586,
					"rttvar":	147,
					"pmtu":	1400,
					"omitted":	false,