{
	"start":	{
		"connected":	[{
				"socket":	5,
				"local_host":	"10.60.0.1",
				"local_port":	36883,
				"remote_host":	"172.16.10.3",
				"remote_port":	5201
			}],
		"version":	"iperf 3.7",
		"system_info":	"Linux ueransim1 5.4.0-169-generic #187-Ubuntu SMP Thu Nov 23 14:52:28 UTC 2023 x86_64",
		"timestamp":	{
			"time":	"Wed, 18 Jun 2025 15:43:15 GMT",
			"timesecs":	1750261395
		},
		"connecting_to":	{
			"host":	"172.16.10.3",
			"port":	5201
		},
		"cookie":	"5iofvcgnahqb3rvbdmny2xcczntnupjmgbvf",
		"tcp_mss_default":	1348,
		"target_bitrate":	500000000,
		"sock_bufsize":	0,
		"sndbuf_actual":	16384,
		"rcvbuf_actual":	131072,
		"test_start":	{
			"protocol":	"TCP",
			"num_streams":	1,
			"blksize":	64,
			"omit":	0,
			"duration":	30,
			"bytes":	0,
			"blocks":	0,
			"reverse":	0,
			"tos":	0
		}
	},
	"intervals":	[{
			"streams":	[{
					"socket":	5,
					"start":	0,
					"end":	1.000007,
					"seconds":	1.0000070333480835,
					"bytes":	19289472,
					"bits_per_second":	154314690.65106624,
					"retransmits":	0,
					"snd_cwnd":	35048,
					"rtt":	583,
					"rttvar":	100,
					"pmtu":	1400,
					"omitted":	false,
					"sender":	true
				}],
			"sum":	{
				"start":	0,
				"end":	1.000007,
				"seconds":	1.0000070333480835,
				"bytes":	19289472,
				"bits_per_second":	154314690.65106624,
				"retransmits":	0,
				"omitted":	false,
				"sender":	true
			}
		}, {
			"streams":	[{
					"socket":	5,
					"start":	1.000007,
					"end":	2.000003,
					"seconds":	0.9999960064888,
					"bytes":	20607552,
					"bits_per_second":	164861074.37454695,
					"retransmits":	0,
					"snd_cwnd":	35048,
					"rtt":	517,
					"rttvar":	25,
					"pmtu":	1400,
					"omitted":	false,
					"sender":	true
				}],
			"sum":	{
				"start":	1.000007,
				"end":	2.000003,
				"seconds":	0.9999960064888,
				"bytes":	20607552,
				"bits_per_second":	164861074.37454695,
				"retransmits":	0,
				"omitted":	false,
				"sender":	true
			}
		}, {
			"streams":	[{
					"socket":	5,
					"start":	2.000003,
					"end":	3.000057,
					"seconds":	1.0000540018081665,
					"bytes":	20521984,
					"bits_per_second":	164167006.68479773,
					"retransmits":	0,
					"snd_cwnd":	35048,
					"rtt":	470,
					"rttvar":	39,
					"pmtu":	1400,
					"omitted":	false,
					"sender":	true
				}],
			"sum":	{
				"start":	2.000003,
				"end":	3.000057,
				"seconds":	1.0000540018081665,
				"bytes":	20521984,
				"bits_per_second":	164167006.68479773,
				"retransmits":	0,
				"omitted":	false,
				"sender":	true
			}
		}, {
			"streams":	[{
					"socket":	5,
					"start":	3.000057,
					"end":	4.000057,
					"seconds":	1,
					"bytes":	20573056,
					"bits_per_second":	164584448,
					"retransmits":	0,
					"snd_cwnd":	35048,
					"rtt":	537,
					"rttvar":	52,
					"pmtu":	1400,
					"omitted":	false,
					"sender":	true
				}],
			"sum":	{
				"start":	3.000057,
				"end":	4.000057,
				"seconds":	1,
				"bytes":	20573056,
				"bits_per_second":	164584448,
				"retransmits":	0,
				"omitted":	false,
				"sender":	true
			}
		}, {
			"streams":	[{
					"socket":	5,
					"start":	4.000057,
					"end":	5.000003,
					"seconds":	0.9999459981918335,
					"bytes":	20485696,
					"bits_per_second":	163894418.59495252,
					"retransmits":	0,
					"snd_cwnd":	36396,
					"rtt":	785,
					"rttvar":	161,
					"pmtu":	1400,
					"omitted":	false,
					"sender":	true
				}],
			"sum":	{
				"start":	4.000057,
				"end":	5.000003,
				"seconds":	0.9999459981918335,
				"bytes":	20485696,
				"bits_per_second":	163894418.59495252,
				"retransmits":	0,
				"omitted":	false,
				"sender":	true
			}
		}, {
			"streams":	[{
					"socket":	5,
					"start":	5.000003,
					"end":	6.000078,
					"seconds":	1.0000749826431274,
					"bytes":	20000256,
					"bits_per_second":	159990051.52306271,
					"retransmits":	0,
					"snd_cwnd":	44484,
					"rtt":	669,
					"rttvar":	200,
					"pmtu":	1400,
					"omitted":	false,
					"sender":	true
				}],
			"sum":	{
				"start":	5.000003,
				"end":	6.000078,
				"seconds":	1.0000749826431274,
				"bytes":	20000256,
				"bits_per_second":	159990051.52306271,
				"retransmits":	0,
				"omitted":	false,
				"sender":	true
			}
		}, {
			"streams":	[{
					"socket":	5,
					"start":	6.000078,
					"end":	7.000004,
					"seconds":	0.999925971031189,
					"bytes":	20035584,
					"bits_per_second":	160296538.5874556,
					"retransmits":	0,
					"snd_cwnd":	44484,
					"rtt":	557,
					"rttvar":	38,
					"pmtu":	1400,
					"omitted":	false,
					"sender":	true
				}],
			"sum":	{
				"start":	6.000078,
				"end":	7.000004,
				"seconds":	0.999925971031189,
				"bytes":	20035584,
				"bits_per_second":	160296538.5874556,
				"retransmits":	0,
				"omitted":	false,
				"sender":	true
			}
		}, {
			"streams":	[{
					"socket":	5,
					"start":	7.000004,
					"end":	8.00003,
					"seconds":	1.0000259876251221,
					"bytes":	18155456,
					"bits_per_second":	145239873.56061313,
					"retransmits":	0,
					"snd_cwnd":	44484,
					"rtt":	604,
					"rttvar":	133,
					"pmtu":	1400,
					"omitted":	false,
					"sender":	true
				}],
			"sum":	{
				"start":	7.000004,
				"end":	8.00003,
				"seconds":	1.0000259876251221,
				"bytes":	18155456,
				"bits_per_second":	145239873.56061313,
				"retransmits":	0,
				"omitted":	false,
				"sender":	true
			}
		}, {
			"streams":	[{
					"socket":	5,
					"start":	8.00003,
					"end":	9.000015,
					"seconds":	0.9999849796295166,
					"bytes":	20550848,
					"bits_per_second":	164409253.48789829,
					"retransmits":	0,
					"snd_cwnd":	44484,
					"rtt":	518,
					"rttvar":	78,
					"pmtu":	1400,
					"omitted":	false,
					"sender":	true
				}],
			"sum":	{
				"start":	8.00003,
				"end":	9.000015,
				"seconds":	0.9999849796295166,
				"bytes":	20550848,
				"bits_per_second":	164409253.48789829,
				"retransmits":	0,
				"omitted":	false,
				"sender":	true
			}
		}, {
			"streams":	[{
					"socket":	5,
					"start":	9.000015,
					"end":	10.000081,
					"seconds":	1.0000660419464111,
					"bytes":	20527168,
					"bits_per_second":	164206499.48316076,
					"retransmits":	0,
					"snd_cwnd":	44484,
					"rtt":	656,
					"rttvar":	73,
					"pmtu":	1400,
					"omitted":	false,
					"sender":	true
				}],
			"sum":	{
				"start":	9.000015,
				"end":	10.000081,
				"seconds":	1.0000660419464111,
				"bytes":	20527168,
				"bits_per_second":	164206499.48316076,
				"retransmits":	0,
				"omitted":	false,
				"sender":	true
			}
		}, {
			"streams":	[{
					"socket":	5,
					"start":	10.000081,
					"end":	11.000004,
					"seconds":	0.9999229907989502,
					"bytes":	20582464,
					"bits_per_second":	164672393.28944218,
					"retransmits":	0,
					"snd_cwnd":	44484,
					"rtt":	567,
					"rttvar":	60,
					"pmtu":	1400,
					"omitted":	false,
					"sender":	true
				}],
			"sum":	{
				"start":	10.000081,
				"end":	11.000004,
				"seconds":	0.9999229907989502,
				"bytes":	20582464,
				"bits_per_second":	164672393.28944218,
				"retransmits":	0,
				"omitted":	false,
				"sender":	true
			}
		}, {
			"streams":	[{
					"socket":	5,
					"start":	11.000004,
					"end":	12.000003,
					"seconds":	0.99999898672103882,
					"bytes":	20590080,
					"bits_per_second":	164720806.90812811,
					"retransmits":	0,
					"snd_cwnd":	44484,
					"rtt":	579,
					"rttvar":	26,
					"pmtu":	1400,
					"omitted":	false,
					"sender":	true
				}],
			"sum":	{
				"start":	11.000004,
				"end":	12.000003,
				"seconds":	0.99999898672103882,
				"bytes":	20590080,
				"bits_per_second":	164720806.90812811,
				"retransmits":	0,
				"omitted":	false,
				"sender":	true
			}
		}, {
			"streams":	[{
					"socket":	5,
					"start":	12.000003,
					"end":	13.000057,
					"seconds":	1.0000540018081665,
					"bytes":	20534400,
					"bits_per_second":	164266329.32119578,
					"retransmits":	0,
					"snd_cwnd":	44484,
					"rtt":	577,
					"rttvar":	86,
					"pmtu":	1400,
					"omitted":	false,
					"sender":	true
				}],
			"sum":	{
				"start":	12.000003,