{
	"start":	{
		"connected":	[{
				"socket":	5,
				"local_host":	"10.60.0.1",
				"local_port":	40059,
				"remote_host":	"172.16.10.3",
				"remote_port":	5201
			}],
		"version":	"iperf 3.7",
		"system_info":	"Linux ueransim1 5.4.0-169-generic #187-Ubuntu SMP Thu Nov 23 14:52:28 UTC 2023 x86_64",
		"timestamp":	{
			"time":	"Wed, 18 Jun 2025 15:47:31 GMT",
			"timesecs":	1750261651
		},
		"connecting_to":	{
			"host":	"172.16.10.3",
			"port":	5201
		},
		"cookie":	"4ykaupiipaw4eykgo5wzufzwdbk3jqehmnkq",
		"tcp_mss_default":	1348,
		"target_bitrate":	500000000,
		"sock_bufsize":	0,
		"sndbuf_actual":	16384,
		"rcvbuf_actual":	131072,
		"test_start":	{
			"protocol":	"TCP",
			"num_streams":	1,
			"blksize":	1518,
			"omit":	0,
			"duration":	30,
			"bytes":	0,
			"blocks":	0,
			"reverse":	0,
			"tos":	0
		}
	},
	"intervals":	[{
			"streams":	[{
					"socket":	5,
					"start":	0,
					"end":	1.00009,
					"seconds":	1.0000900030136108,
					"bytes":	62458110,
					"bits_per_second":	499619912.70219684,
					"retransmits":	0,
					"snd_cwnd":	86272,
					"rtt":	587,
					"rttvar":	69,
					"pmtu":	1400,
					"omitted":	false,
					"sender":	true
				}],
			"sum":	{
				"start":	0,
				"end":	1.00009,
				"seconds":	1.0000900030136108,
				"bytes":	62458110,
				"bits_per_second":	499619912.70219684,
				"retransmits":	0,
				"omitted":	false,
				"sender":	true
			}
		}, {
			"streams":	[{
					"socket":	5,
					"start":	1.00009,
					"end":	2.000086,
					"seconds":	0.9999960064888,
					"bytes":	62500614,
					"bits_per_second":	500006908.78319025,
					"retransmits":	0,
					"snd_cwnd":	105144,
					"rtt":	581,
					"rttvar":	81,
					"pmtu":	1400,
					"omitted":	false,
					"sender":	true
				}],
			"sum":	{
				"start":	1.00009,
				"end":	2.000086,
				"seconds":	0.9999960064888,
				"bytes":	62500614,
				"bits_per_second":	500006908.78319025,
				"retransmits":	0,
				"omitted":	false,
				"sender":	true
			}
		}, {
			"streams":	[{
					"socket":	5,
					"start":	2.000086,
					"end":	3.000085,
					"seconds":	0.99999898672103882,
					"bytes":	62500614,
					"bits_per_second":	500005418.64497119,
					"retransmits":	0,
					"snd_cwnd":	105144,
					"rtt":	594,
					"rttvar":	76,
					"pmtu":	1400,
					"omitted":	false,
					"sender":	true
				}],
			"sum":	{
				"start":	2.000086,
				"end":	3.000085,
				"seconds":	0.99999898672103882,
				"bytes":	62500614,
				"bits_per_second":	500005418.64497119,
				"retransmits":	0,
				"omitted":	false,
				"sender":	true
			}
		}, {
			"streams":	[{
					"socket":	5,
					"start":	3.000085,
					"end":	4.000087,
					"seconds":	1.0000020265579224,
					"bytes":	62499096,
					"bits_per_second":	499991754.73774832,
					"retransmits":	0,
					"snd_cwnd":	105144,
					"rtt":	636,
					"rttvar":	88,
					"pmtu":	1400,
					"omitted":	false,
					"sender":	true
				}],
			"sum":	{
				"start":	3.000085,
				"end":	4.000087,
				"seconds":	1.0000020265579224,
				"bytes":	62499096,
				"bits_per_second":	499991754.73774832,
				"retransmits":	0,
				"omitted":	false,
				"sender":	true
			}
		}, {
			"streams":	[{
					"socket":	5,
					"start":	4.000087,
					"end":	5.000088,
					"seconds":	1.0000009536743164,
					"bytes":	62500614,
					"bits_per_second":	500004435.15861207,
					"retransmits":	0,
					"snd_cwnd":	105144,
					"rtt":	589,
					"rttvar":	87,
					"pmtu":	1400,
					"omitted":	false,
					"sender":	true
				}],
			"sum":	{
				"start":	4.000087,
				"end":	5.000088,
				"seconds":	1.0000009536743164,
				"bytes":	62500614,
				"bits_per_second":	500004435.15861207,
				"retransmits":	0,
				"omitted":	false,
				"sender":	true
			}
		}, {
			"streams":	[{
					"socket":	5,
					"start":	5.000088,
					"end":	6.000086,
					"seconds":	0.99999797344207764,
					"bytes":	62499096,
					"bits_per_second":	499993781.26635855,
					"retransmits":	0,
					"snd_cwnd":	105144,
					"rtt":	657,
					"rttvar":	77,
					"pmtu":	1400,
					"omitted":	false,
					"sender":	true
				}],
			"sum":	{
				"start":	5.000088,
				"end":	6.000086,
				"seconds":	0.99999797344207764,
				"bytes":	62499096,
				"bits_per_second":	499993781.26635855,
				"retransmits":	0,
				"omitted":	false,
				"sender":	true
			}
		}, {
			"streams":	[{
					"socket":	5,
					"start":	6.000086,
					"end":	7.000058,
					"seconds":	0.99997198581695557,
					"bytes":	62497578,
					"bits_per_second":	499994630.9411124,
					"retransmits":	0,
					"snd_cwnd":	105144,
					"rtt":	649,
					"rttvar":	103,
					"pmtu":	1400,
					"omitted":	false,
					"sender":	true
				}],
			"sum":	{
				"start":	6.000086,
				"end":	7.000058,
				"seconds":	0.99997198581695557,
				"bytes":	62497578,
				"bits_per_second":	499994630.9411124,
				"retransmits":	0,
				"omitted":	false,
				"sender":	true
			}
		}, {
			"streams":	[{
					"socket":	5,
					"start":	7.000058,
					"end":	8.000088,
					"seconds":	1.0000300407409668,
					"bytes":	62502132,
					"bits_per_second":	500002035.56836665,
					"retransmits":	0,
					"snd_cwnd":	161760,
					"rtt":	632,
					"rttvar":	71,
					"pmtu":	1400,
					"omitted":	false,
					"sender":	true
				}],
			"sum":	{
				"start":	7.000058,
				"end":	8.000088,
				"seconds":	1.0000300407409668,
				"bytes":	62502132,
				"bits_per_second":	500002035.56836665,
				"retransmits":	0,
				"omitted":	false,
				"sender":	true
			}
		}, {
			"streams":	[{
					"socket":	5,
					"start":	8.000088,
					"end":	9.000086,
					"seconds":	0.99999797344207764,
					"bytes":	62500614,
					"bits_per_second":	500005925.29096913,
					"retransmits":	0,
					"snd_cwnd":	161760,
					"rtt":	613,
					"rttvar":	79,
					"pmtu":	1400,
					"omitted":	false,
					"sender":	true
				}],
			"sum":	{
				"start":	8.000088,
				"end":	9.000086,
				"seconds":	0.99999797344207764,
				"bytes":	62500614,
				"bits_per_second":	500005925.29096913,
				"retransmits":	0,
				"omitted":	false,
				"sender":	true
			}
		}, {
			"streams":	[{
					"socket":	5,
					"start":	9.000086,
					"end":	10.00001,
					"seconds":	0.99992400407791138,
					"bytes":	62540082,
					"bits_per_second":	500358681.21935433,
					"retransmits":	0,
					"snd_cwnd":	258816,
					"rtt":	492,
					"rttvar":	43,
					"pmtu":	1400,
					"omitted":	false,
					"sender":	true
				}],
			"sum":	{
				"start":	9.000086,
				"end":	10.00001,
				"seconds":	0.99992400407791138,
				"bytes":	62540082,
				"bits_per_second":	500358681.21935433,
				"retransmits":	0,
				"omitted":	false,
				"sender":	true
			}
		}, {
			"streams":	[{
					"socket":	5,
					"start":	10.00001,
					"end":	11.000008,
					"seconds":	0.99999797344207764,
					"bytes":	62499096,
					"bits_per_second":	499993781.26635855,
					"retransmits":	0,
					"snd_cwnd":	258816,
					"rtt":	323,
					"rttvar":	32,
					"pmtu":	1400,
					"omitted":	false,
					"sender":	true
				}],
			"sum":	{
				"start":	10.00001,
				"end":	11.000008,
				"seconds":	0.99999797344207764,
				"bytes":	62499096,
				"bits_per_second":	499993781.26635855,
				"retransmits":	0,
				"omitted":	false,
				"sender":	true
			}
		}, {
			"streams":	[{
					"socket":	5,
					"start":	11.000008,
					"end":	12.000091,
					"seconds":	1.0000829696655273,
					"bytes":	62459628,
					"bits_per_second":	499635569.403921,
					"retransmits":	0,
					"snd_cwnd":	258816,
					"rtt":	598,
					"rttvar":	78,
					"pmtu":	1400,
					"omitted":	false,
					"sender":	true
				}],
			"sum":	{
				"start":	11.000008,
				"end":	12.000091,
				"seconds":	1.0000829696655273,
				"bytes":	62459628,
				"bits_per_second":	499635569.403921,
				"retransmits":	0,
				"omitted":	false,
				"sender":	true
			}
		}, {
			"streams":	[{
					"socket":	5,
					"start":	12.000091,
					"end":	13.000086,
					"seconds":	0.99999499320983887,
					"bytes":	62502132,
					"bits_per_second":	500019559.49301082,
					"retransmits":	0,
					"snd_cwnd":	258816,
					"rtt":	613,
					"rttvar":	77,
					"pmtu":	1400,
					"omitted":	false,