{
	"start":	{
		"connected":	[{
				"socket":	5,
				"local_host":	"10.60.0.1",
				"local_port":	52003,
				"remote_host":	"172.16.10.3",
				"remote_port":	5201
			}],
		"version":	"iperf 3.7",
		"system_info":	"Linux ueransim1 5.4.0-169-generic #187-Ubuntu SMP Thu Nov 23 14:52:28 UTC 2023 x86_64",
		"timestamp":	{
			"time":	"Wed, 18 Jun 2025 15:39:30 GMT",
			"timesecs":	1750261170
		},
		"connecting_to":	{
			"host":	"172.16.10.3",
			"port":	5201
		},
		"cookie":	"pczkfp7bdgwnjoah26rvhemcat2j3zx4gec6",
		"tcp_mss_default":	1348,
		"target_bitrate":	100000000,
		"sock_bufsize":	0,
		"sndbuf_actual":	16384,
		"rcvbuf_actual":	131072,
		"test_start":	{
			"protocol":	"TCP",
			"num_streams":	1,
			"blksize":	512,
			"omit":	0,
			"duration":	30,
			"bytes":	0,
			"blocks":	0,
			"reverse":	0,
			"tos":	0
		}
	},
	"intervals":	[{
			"streams":	[{
					"socket":	5,
					"start":	0,
					"end":	1.000062,
					"seconds":	1.0000619888305664,
					"bytes":	12490240,
					"bits_per_second":	99915726.340968937,
					"retransmits":	0,
					"snd_cwnd":	25612,
					"rtt":	564,
					"rttvar":	82,
					"pmtu":	1400,
					"omitted":	false,
					"sender":	true
				}],
			"sum":	{
				"start":	0,
				"end":	1.000062,
				"seconds":	1.0000619888305664,
				"bytes":	12490240,
				"bits_per_second":	99915726.340968937,
				"retransmits":	0,
				"omitted":	false,
				"sender":	true
			}
		}, {
			"streams":	[{
					"socket":	5,
					"start":	1.000062,
					"end":	2.000059,
					"seconds":	0.99999701976776123,
					"bytes":	12499456,
					"bits_per_second":	99995946.011142045,
					"retransmits":	0,
					"snd_cwnd":	25612,
					"rtt":	587,
					"rttvar":	50,
					"pmtu":	1400,
					"omitted":	false,
					"sender":	true
				}],
			"sum":	{
				"start":	1.000062,
				"end":	2.000059,
				"seconds":	0.99999701976776123,
				"bytes":	12499456,
				"bits_per_second":	99995946.011142045,
				"retransmits":	0,
				"omitted":	false,
				"sender":	true
			}
		}, {
			"streams":	[{
					"socket":	5,
					"start":	2.000059,
					"end":	3.000058,
					"seconds":	0.99999898672103882,
					"bytes":	12500480,
					"bits_per_second":	100003941.33188979,
					"retransmits":	0,
					"snd_cwnd":	25612,
					"rtt":	597,
					"rttvar":	110,
					"pmtu":	1400,
					"omitted":	false,
					"sender":	true
				}],
			"sum":	{
				"start":	2.000059,
				"end":	3.000058,
				"seconds":	0.99999898672103882,
				"bytes":	12500480,
				"bits_per_second":	100003941.33188979,
				"retransmits":	0,
				"omitted":	false,
				"sender":	true
			}
		}, {
			"streams":	[{
					"socket":	5,
					"start":	3.000058,
					"end":	4.000062,
					"seconds":	1.0000040531158447,
					"bytes":	12501504,
					"bits_per_second":	100011626.64129141,
					"retransmits":	0,
					"snd_cwnd":	25612,
					"rtt":	589,
					"rttvar":	54,
					"pmtu":	1400,
					"omitted":	false,
					"sender":	true
				}],
			"sum":	{
				"start":	3.000058,
				"end":	4.000062,
				"seconds":	1.0000040531158447,
				"bytes":	12501504,
				"bits_per_second":	100011626.64129141,
				"retransmits":	0,
				"omitted":	false,
				"sender":	true
			}
		}, {
			"streams":	[{
					"socket":	5,
					"start":	4.000062,
					"end":	5.000071,
					"seconds":	1.0000089406967163,
					"bytes":	12498432,
					"bits_per_second":	99986562.050473,
					"retransmits":	0,
					"snd_cwnd":	25612,
					"rtt":	543,
					"rttvar":	106,
					"pmtu":	1400,
					"omitted":	false,
					"sender":	true
				}],
			"sum":	{
				"start":	4.000062,
				"end":	5.000071,
				"seconds":	1.0000089406967163,
				"bytes":	12498432,
				"bits_per_second":	99986562.050473,
				"retransmits":	0,
				"omitted":	false,
				"sender":	true
			}
		}, {
			"streams":	[{
					"socket":	5,
					"start":	5.000071,
					"end":	6.000061,
					"seconds":	0.99998998641967773,
					"bytes":	12499968,
					"bits_per_second":	100000745.36549601,
					"retransmits":	0,
					"snd_cwnd":	25612,
					"rtt":	659,
					"rttvar":	39,
					"pmtu":	1400,
					"omitted":	false,
					"sender":	true
				}],
			"sum":	{
				"start":	5.000071,
				"end":	6.000061,
				"seconds":	0.99998998641967773,
				"bytes":	12499968,
				"bits_per_second":	100000745.36549601,
				"retransmits":	0,
				"omitted":	false,
				"sender":	true
			}
		}, {
			"streams":	[{
					"socket":	5,
					"start":	6.000061,
					"end":	7.000071,
					"seconds":	1.0000100135803223,
					"bytes":	12502016,
					"bits_per_second":	100015126.49049744,
					"retransmits":	0,
					"snd_cwnd":	25612,
					"rtt":	623,
					"rttvar":	62,
					"pmtu":	1400,
					"omitted":	false,
					"sender":	true
				}],
			"sum":	{
				"start":	6.000061,
				"end":	7.000071,
				"seconds":	1.0000100135803223,
				"bytes":	12502016,
				"bits_per_second":	100015126.49049744,
				"retransmits":	0,
				"omitted":	false,
				"sender":	true
			}
		}, {
			"streams":	[{
					"socket":	5,
					"start":	7.000071,
					"end":	8.000089,
					"seconds":	1.0000180006027222,
					"bytes":	12498432,
					"bits_per_second":	99985656.197924867,
					"retransmits":	0,
					"snd_cwnd":	25612,
					"rtt":	547,
					"rttvar":	86,
					"pmtu":	1400,
					"omitted":	false,
					"sender":	true
				}],
			"sum":	{
				"start":	7.000071,
				"end":	8.000089,
				"seconds":	1.0000180006027222,
				"bytes":	12498432,
				"bits_per_second":	99985656.197924867,
				"retransmits":	0,
				"omitted":	false,
				"sender":	true
			}
		}, {
			"streams":	[{
					"socket":	5,
					"start":	8.000089,
					"end":	9.000062,
					"seconds":	0.99997299909591675,
					"bytes":	12499968,
					"bits_per_second":	100002444.15640275,
					"retransmits":	0,
					"snd_cwnd":	40440,
					"rtt":	602,
					"rttvar":	66,
					"pmtu":	1400,
					"omitted":	false,
					"sender":	true
				}],
			"sum":	{
				"start":	8.000089,
				"end":	9.000062,
				"seconds":	0.99997299909591675,
				"bytes":	12499968,
				"bits_per_second":	100002444.15640275,
				"retransmits":	0,
				"omitted":	false,
				"sender":	true
			}
		}, {
			"streams":	[{
					"socket":	5,
					"start":	9.000062,
					"end":	10.000062,
					"seconds":	1,
					"bytes":	12501504,
					"bits_per_second":	100012032,
					"retransmits":	0,
					"snd_cwnd":	40440,
					"rtt":	627,
					"rttvar":	143,
					"pmtu":	1400,
					"omitted":	false,
					"sender":	true
				}],
			"sum":	{
				"start":	9.000062,
				"end":	10.000062,
				"seconds":	1,
				"bytes":	12501504,
				"bits_per_second":	100012032,
				"retransmits":	0,
				"omitted":	false,
				"sender":	true
			}
		}, {
			"streams":	[{
					"socket":	5,
					"start":	10.000062,
					"end":	11.000061,
					"seconds":	0.99999898672103882,
					"bytes":	12497920,
					"bits_per_second":	99983461.31113781,
					"retransmits":	0,
					"snd_cwnd":	40440,
					"rtt":	643,
					"rttvar":	108,
					"pmtu":	1400,
					"omitted":	false,
					"sender":	true
				}],
			"sum":	{
				"start":	10.000062,
				"end":	11.000061,
				"seconds":	0.99999898672103882,
				"bytes":	12497920,
				"bits_per_second":	99983461.31113781,
				"retransmits":	0,
				"omitted":	false,
				"sender":	true
			}
		}, {
			"streams":	[{
					"socket":	5,
					"start":	11.000061,
					"end":	12.000062,
					"seconds":	1.0000009536743164,
					"bytes":	12499968,
					"bits_per_second":	99999648.632903442,
					"retransmits":	0,
					"snd_cwnd":	40440,
					"rtt":	532,
					"rttvar":	39,
					"pmtu":	1400,
					"omitted":	false,
					"sender":	true
				}],
			"sum":	{
				"start":	11.000061,
				"end":	12.000062,
				"seconds":	1.0000009536743164,
				"bytes":	12499968,
				"bits_per_second":	99999648.632903442,
				"retransmits":	0,
				"omitted":	false,
				"sender":	true
			}
		}, {
			"streams":	[{
					"socket":	5,
					"start":	12.000062,
					"end":	13.000071,
					"seconds":	1.0000089406967163,
					"bytes":	12502016,
					"bits_per_second":	100015233.79412764,
					"retransmits":	0,
					"snd_cwnd":	40440,
					"rtt":	510,
					"rttvar":	67,
					"pmtu":	1400,
					"omitted":	false,
					"sender":	true
				}],