{
	"start":	{
		"connected":	[{
				"socket":	5,
				"local_host":	"10.60.0.1",
				"local_port":	60403,
				"remote_host":	"172.16.10.3",
				"remote_port":	5201
			}],
		"version":	"iperf 3.7",
		"system_info":	"Linux ueransim1 5.4.0-169-generic #187-Ubuntu SMP Thu Nov 23 14:52:28 UTC 2023 x86_64",
		"timestamp":	{
			"time":	"Wed, 18 Jun 2025 15:46:27 GMT",
			"timesecs":	1750261587
		},
		"connecting_to":	{
			"host":	"172.16.10.3",
			"port":	5201
		},
		"cookie":	"w5t5gdpp3bgru3oefwzhw4lpnkehcpur3iqs",
		"tcp_mss_default":	1348,
		"target_bitrate":	500000000,
		"sock_bufsize":	0,
		"sndbuf_actual":	16384,
		"rcvbuf_actual":	131072,
		"test_start":	{
			"protocol":	"TCP",
			"num_streams":	1,
			"blksize":	512,
			"omit":	0,
			"duration":	30,
			"bytes":	0,
			"blocks":	0,
			"reverse":	0,
			"tos":	0
		}
	},
	"intervals":	[{
			"streams":	[{
					"socket":	5,
					"start":	0,
					"end":	1.000087,
					"seconds":	1.0000870227813721,
					"bytes":	62446080,
					"bits_per_second":	499525169.93034732,
					"retransmits":	0,
					"snd_cwnd":	90316,
					"rtt":	393,
					"rttvar":	13,
					"pmtu":	1400,
					"omitted":	false,
					"sender":	true
				}],
			"sum":	{
				"start":	0,
				"end":	1.000087,
				"seconds":	1.0000870227813721,
				"bytes":	62446080,
				"bits_per_second":	499525169.93034732,
				"retransmits":	0,
				"omitted":	false,
				"sender":	true
			}
		}, {
			"streams":	[{
					"socket":	5,
					"start":	1.000087,
					"end":	2.000083,
					"seconds":	0.9999960064888,
					"bytes":	62519296,
					"bits_per_second":	500156365.38004684,
					"retransmits":	0,
					"snd_cwnd":	94360,
					"rtt":	342,
					"rttvar":	42,
					"pmtu":	1400,
					"omitted":	false,
					"sender":	true
				}],
			"sum":	{
				"start":	1.000087,
				"end":	2.000083,
				"seconds":	0.9999960064888,
				"bytes":	62519296,
				"bits_per_second":	500156365.38004684,
				"retransmits":	0,
				"omitted":	false,
				"sender":	true
			}
		}, {
			"streams":	[{
					"socket":	5,
					"start":	2.000083,
					"end":	3.000085,
					"seconds":	1.0000020265579224,
					"bytes":	62476288,
					"bits_per_second":	499809291.10752141,
					"retransmits":	0,
					"snd_cwnd":	94360,
					"rtt":	361,
					"rttvar":	24,
					"pmtu":	1400,
					"omitted":	false,
					"sender":	true
				}],
			"sum":	{
				"start":	2.000083,
				"end":	3.000085,
				"seconds":	1.0000020265579224,
				"bytes":	62476288,
				"bits_per_second":	499809291.10752141,
				"retransmits":	0,
				"omitted":	false,
				"sender":	true
			}
		}, {
			"streams":	[{
					"socket":	5,
					"start":	3.000085,
					"end":	4.000086,
					"seconds":	1.0000009536743164,
					"bytes":	62498816,
					"bits_per_second":	499990051.17232972,
					"retransmits":	0,
					"snd_cwnd":	94360,
					"rtt":	346,
					"rttvar":	14,
					"pmtu":	1400,
					"omitted":	false,
					"sender":	true
				}],
			"sum":	{
				"start":	3.000085,
				"end":	4.000086,
				"seconds":	1.0000009536743164,
				"bytes":	62498816,
				"bits_per_second":	499990051.17232972,
				"retransmits":	0,
				"omitted":	false,
				"sender":	true
			}
		}, {
			"streams":	[{
					"socket":	5,
					"start":	4.000086,
					"end":	5.000057,
					"seconds":	0.99997097253799438,
					"bytes":	62545920,
					"bits_per_second":	500381884.81614977,
					"retransmits":	0,
					"snd_cwnd":	106492,
					"rtt":	589,
					"rttvar":	80,
					"pmtu":	1400,
					"omitted":	false,
					"sender":	true
				}],
			"sum":	{
				"start":	4.000086,
				"end":	5.000057,
				"seconds":	0.99997097253799438,
				"bytes":	62545920,
				"bits_per_second":	500381884.81614977,
				"retransmits":	0,
				"omitted":	false,
				"sender":	true
			}
		}, {
			"streams":	[{
					"socket":	5,
					"start":	5.000057,
					"end":	6.000087,
					"seconds":	1.0000300407409668,
					"bytes":	62476288,
					"bits_per_second":	499795289.7791633,
					"retransmits":	0,
					"snd_cwnd":	125364,
					"rtt":	342,
					"rttvar":	11,
					"pmtu":	1400,
					"omitted":	false,
					"sender":	true
				}],
			"sum":	{
				"start":	5.000057,
				"end":	6.000087,
				"seconds":	1.0000300407409668,
				"bytes":	62476288,
				"bits_per_second":	499795289.7791633,
				"retransmits":	0,
				"omitted":	false,
				"sender":	true
			}
		}, {
			"streams":	[{
					"socket":	5,
					"start":	6.000087,
					"end":	7.000087,
					"seconds":	1,
					"bytes":	62479872,
					"bits_per_second":	499838976,
					"retransmits":	0,
					"snd_cwnd":	125364,
					"rtt":	355,
					"rttvar":	22,
					"pmtu":	1400,
					"omitted":	false,
					"sender":	true
				}],
			"sum":	{
				"start":	6.000087,
				"end":	7.000087,
				"seconds":	1,
				"bytes":	62479872,
				"bits_per_second":	499838976,
				"retransmits":	0,
				"omitted":	false,
				"sender":	true
			}
		}, {
			"streams":	[{
					"socket":	5,
					"start":	7.000087,
					"end":	8.000088,
					"seconds":	1.0000009536743164,
					"bytes":	62496256,
					"bits_per_second":	499969571.191861,
					"retransmits":	0,
					"snd_cwnd":	125364,
					"rtt":	397,
					"rttvar":	12,
					"pmtu":	1400,
					"omitted":	false,
					"sender":	true
				}],
			"sum":	{
				"start":	7.000087,
				"end":	8.000088,
				"seconds":	1.0000009536743164,
				"bytes":	62496256,
				"bits_per_second":	499969571.191861,
				"retransmits":	0,
				"omitted":	false,
				"sender":	true
			}
		}, {
			"streams":	[{
					"socket":	5,
					"start":	8.000088,
					"end":	9.000085,
					"seconds":	0.99999701976776123,
					"bytes":	62522880,
					"bits_per_second":	500184530.66606361,
					"retransmits":	0,
					"snd_cwnd":	125364,
					"rtt":	366,
					"rttvar":	24,
					"pmtu":	1400,
					"omitted":	false,
					"sender":	true
				}],
			"sum":	{
				"start":	8.000088,
				"end":	9.000085,
				"seconds":	0.99999701976776123,
				"bytes":	62522880,
				"bits_per_second":	500184530.66606361,
				"retransmits":	0,
				"omitted":	false,
				"sender":	true
			}
		}, {
			"streams":	[{
					"socket":	5,
					"start":	9.000085,
					"end":	10.000085,
					"seconds":	1,
					"bytes":	62504448,
					"bits_per_second":	500035584,
					"retransmits":	0,
					"snd_cwnd":	125364,
					"rtt":	322,
					"rttvar":	17,
					"pmtu":	1400,
					"omitted":	false,
					"sender":	true
				}],
			"sum":	{
				"start":	9.000085,
				"end":	10.000085,
				"seconds":	1,
				"bytes":	62504448,
				"bits_per_second":	500035584,
				"retransmits":	0,
				"omitted":	false,
				"sender":	true
			}
		}, {
			"streams":	[{
					"socket":	5,
					"start":	10.000085,
					"end":	11.000086,
					"seconds":	1.0000009536743164,
					"bytes":	62478848,
					"bits_per_second":	499830307.32467335,
					"retransmits":	0,
					"snd_cwnd":	125364,
					"rtt":	393,
					"rttvar":	11,
					"pmtu":	1400,
					"omitted":	false,
					"sender":	true
				}],
			"sum":	{
				"start":	10.000085,
				"end":	11.000086,
				"seconds":	1.0000009536743164,
				"bytes":	62478848,
				"bits_per_second":	499830307.32467335,
				"retransmits":	0,
				"omitted":	false,
				"sender":	true
			}
		}, {
			"streams":	[{
					"socket":	5,
					"start":	11.000086,
					"end":	12.000086,
					"seconds":	1,
					"bytes":	62504448,
					"bits_per_second":	500035584,
					"retransmits":	0,
					"snd_cwnd":	125364,
					"rtt":	312,
					"rttvar":	23,
					"pmtu":	1400,
					"omitted":	false,
					"sender":	true
				}],
			"sum":	{
				"start":	11.000086,
				"end":	12.000086,
				"seconds":	1,
				"bytes":	62504448,
				"bits_per_second":	500035584,
				"retransmits":	0,
				"omitted":	false,
				"sender":	true
			}
		}, {
			"streams":	[{
					"socket":	5,
					"start":	12.000086,
					"end":	13.000058,
					"seconds":	0.99997198581695557,
					"bytes":	62535680,
					"bits_per_second":	500299455.48052287,
					"retransmits":	0,
					"snd_cwnd":	125364,
					"rtt":	353,
					"rttvar":	15,
					"pmtu":	1400,
					"omitted":	false,
					"sender":	true
				}],
			"sum":	{
				"start":	12.000086,
				"end":	13.000058,
				"seconds":	0.99997198581695557,
				"bytes":	62535680,