{
	"start":	{
		"connected":	[{
				"socket":	5,
				"local_host":	"10.60.0.1",
				"local_port":	39063,
				"remote_host":	"172.16.10.3",
				"remote_port":	5201
			}],
		"version":	"iperf 3.7",
		"system_info":	"Linux ueransim1 5.4.0-169-generic #187-Ubuntu SMP Thu Nov 23 14:52:28 UTC 2023 x86_64",
		"timestamp":	{
			"time":	"Wed, 18 Jun 2025 15:42:11 GMT",
			"timesecs":	1750261331
		},
		"connecting_to":	{
			"host":	"172.16.10.3",
			"port":	5201
		},
		"cookie":	"syyuoqr7cw3ujodgth5wezu46pb3zo76qhzl",
		"tcp_mss_default":	1348,
		"target_bitrate":	100000000,
		"sock_bufsize":	0,
		"sndbuf_actual":	16384,
		"rcvbuf_actual":	131072,
		"test_start":	{
			"protocol":	"TCP",
			"num_streams":	1,
			"blksize":	1518,
			"omit":	0,
			"duration":	30,
			"bytes":	0,
			"blocks":	0,
			"reverse":	0,
			"tos":	0
		}
	},
	"intervals":	[{
			"streams":	[{
					"socket":	5,
					"start":	0,
					"end":	1.000096,
					"seconds":	1.0000959634780884,
					"bytes":	12490104,
					"bits_per_second":	99911244.169509351,
					"retransmits":	0,
					"snd_cwnd":	29656,
					"rtt":	593,
					"rttvar":	171,
					"pmtu":	1400,
					"omitted":	false,
					"sender":	true
				}],
			"sum":	{
				"start":	0,
				"end":	1.000096,
				"seconds":	1.0000959634780884,
				"bytes":	12490104,
				"bits_per_second":	99911244.169509351,
				"retransmits":	0,
				"omitted":	false,
				"sender":	true
			}
		}, {
			"streams":	[{
					"socket":	5,
					"start":	1.000096,
					"end":	2.000107,
					"seconds":	1.0000109672546387,
					"bytes":	12500730,
					"bits_per_second":	100004743.222516,
					"retransmits":	0,
					"snd_cwnd":	29656,
					"rtt":	705,
					"rttvar":	84,
					"pmtu":	1400,
					"omitted":	false,
					"sender":	true
				}],
			"sum":	{
				"start":	1.000096,
				"end":	2.000107,
				"seconds":	1.0000109672546387,
				"bytes":	12500730,
				"bits_per_second":	100004743.222516,
				"retransmits":	0,
				"omitted":	false,
				"sender":	true
			}
		}, {
			"streams":	[{
					"socket":	5,
					"start":	2.000107,
					"end":	3.000113,
					"seconds":	1.0000059604644775,
					"bytes":	12499212,
					"bits_per_second":	99993099.994679481,
					"retransmits":	0,
					"snd_cwnd":	32352,
					"rtt":	764,
					"rttvar":	112,
					"pmtu":	1400,
					"omitted":	false,
					"sender":	true
				}],
			"sum":	{
				"start":	2.000107,
				"end":	3.000113,
				"seconds":	1.0000059604644775,
				"bytes":	12499212,
				"bits_per_second":	99993099.994679481,
				"retransmits":	0,
				"omitted":	false,
				"sender":	true
			}
		}, {
			"streams":	[{
					"socket":	5,
					"start":	3.000113,
					"end":	4.000114,
					"seconds":	1.0000009536743164,
					"bytes":	12500730,
					"bits_per_second":	100005744.62708986,
					"retransmits":	0,
					"snd_cwnd":	32352,
					"rtt":	616,
					"rttvar":	184,
					"pmtu":	1400,
					"omitted":	false,
					"sender":	true
				}],
			"sum":	{
				"start":	3.000113,
				"end":	4.000114,
				"seconds":	1.0000009536743164,
				"bytes":	12500730,
				"bits_per_second":	100005744.62708986,
				"retransmits":	0,
				"omitted":	false,
				"sender":	true
			}
		}, {
			"streams":	[{
					"socket":	5,
					"start":	4.000114,
					"end":	5.000115,
					"seconds":	1.0000009536743164,
					"bytes":	12499212,
					"bits_per_second":	99993600.638671264,
					"retransmits":	0,
					"snd_cwnd":	32352,
					"rtt":	576,
					"rttvar":	61,
					"pmtu":	1400,
					"omitted":	false,
					"sender":	true
				}],
			"sum":	{
				"start":	4.000114,
				"end":	5.000115,
				"seconds":	1.0000009536743164,
				"bytes":	12499212,
				"bits_per_second":	99993600.638671264,
				"retransmits":	0,
				"omitted":	false,
				"sender":	true
			}
		}, {
			"streams":	[{
					"socket":	5,
					"start":	5.000115,
					"end":	6.000093,
					"seconds":	0.99997800588607788,
					"bytes":	12500730,
					"bits_per_second":	100008039.58821583,
					"retransmits":	0,
					"snd_cwnd":	32352,
					"rtt":	699,
					"rttvar":	105,
					"pmtu":	1400,
					"omitted":	false,
					"sender":	true
				}],
			"sum":	{
				"start":	5.000115,
				"end":	6.000093,
				"seconds":	0.99997800588607788,
				"bytes":	12500730,
				"bits_per_second":	100008039.58821583,
				"retransmits":	0,
				"omitted":	false,
				"sender":	true
			}
		}, {
			"streams":	[{
					"socket":	5,
					"start":	6.000093,
					"end":	7.00011,
					"seconds":	1.0000170469284058,
					"bytes":	12499212,
					"bits_per_second":	99991991.4436807,
					"retransmits":	0,
					"snd_cwnd":	32352,
					"rtt":	686,
					"rttvar":	72,
					"pmtu":	1400,
					"omitted":	false,
					"sender":	true
				}],
			"sum":	{
				"start":	6.000093,
				"end":	7.00011,
				"seconds":	1.0000170469284058,
				"bytes":	12499212,
				"bits_per_second":	99991991.4436807,
				"retransmits":	0,
				"omitted":	false,
				"sender":	true
			}
		}, {
			"streams":	[{
					"socket":	5,
					"start":	7.00011,
					"end":	8.000112,
					"seconds":	1.0000020265579224,
					"bytes":	12500730,
					"bits_per_second":	100005637.33278339,
					"retransmits":	0,
					"snd_cwnd":	32352,
					"rtt":	661,
					"rttvar":	126,
					"pmtu":	1400,
					"omitted":	false,
					"sender":	true
				}],
			"sum":	{
				"start":	7.00011,
				"end":	8.000112,
				"seconds":	1.0000020265579224,
				"bytes":	12500730,
				"bits_per_second":	100005637.33278339,
				"retransmits":	0,
				"omitted":	false,
				"sender":	true
			}
		}, {
			"streams":	[{
					"socket":	5,
					"start":	8.000112,
					"end":	9.00009,
					"seconds":	0.99997800588607788,
					"bytes":	12499212,
					"bits_per_second":	99995895.321113437,
					"retransmits":	0,
					"snd_cwnd":	32352,
					"rtt":	676,
					"rttvar":	241,
					"pmtu":	1400,
					"omitted":	false,
					"sender":	true
				}],
			"sum":	{
				"start":	8.000112,
				"end":	9.00009,
				"seconds":	0.99997800588607788,
				"bytes":	12499212,
				"bits_per_second":	99995895.321113437,
				"retransmits":	0,
				"omitted":	false,
				"sender":	true
			}
		}, {
			"streams":	[{
					"socket":	5,
					"start":	9.00009,
					"end":	10.000097,
					"seconds":	1.0000070333480835,
					"bytes":	12500730,
					"bits_per_second":	100005136.62906395,
					"retransmits":	0,
					"snd_cwnd":	48528,
					"rtt":	629,
					"rttvar":	42,
					"pmtu":	1400,
					"omitted":	false,
					"sender":	true
				}],
			"sum":	{
				"start":	9.00009,
				"end":	10.000097,
				"seconds":	1.0000070333480835,
				"bytes":	12500730,
				"bits_per_second":	100005136.62906395,
				"retransmits":	0,
				"omitted":	false,
				"sender":	true
			}
		}, {
			"streams":	[{
					"socket":	5,
					"start":	10.000097,
					"end":	11.000096,
					"seconds":	0.99999898672103882,
					"bytes":	12499212,
					"bits_per_second":	99993797.321611077,
					"retransmits":	0,
					"snd_cwnd":	48528,
					"rtt":	680,
					"rttvar":	197,
					"pmtu":	1400,
					"omitted":	false,
					"sender":	true
				}],
			"sum":	{
				"start":	10.000097,
				"end":	11.000096,
				"seconds":	0.99999898672103882,
				"bytes":	12499212,
				"bits_per_second":	99993797.321611077,
				"retransmits":	0,
				"omitted":	false,
				"sender":	true
			}
		}, {
			"streams":	[{
					"socket":	5,
					"start":	11.000096,
					"end":	12.000097,
					"seconds":	1.0000009536743164,
					"bytes":	12500730,
					"bits_per_second":	100005744.62708986,
					"retransmits":	0,
					"snd_cwnd":	48528,
					"rtt":	741,
					"rttvar":	78,
					"pmtu":	1400,
					"omitted":	false,
					"sender":	true
				}],
			"sum":	{
				"start":	11.000096,
				"end":	12.000097,
				"seconds":	1.0000009536743164,
				"bytes":	12500730,
				"bits_per_second":	100005744.62708986,
				"retransmits":	0,
				"omitted":	false,
				"sender":	true
			}
		}, {
			"streams":	[{
					"socket":	5,
					"start":	12.000097,
					"end":	13.000115,
					"seconds":	1.0000180006027222,
					"bytes":	12499212,
					"bits_per_second":	99991896.085603133,
					"retransmits":	0,
					"snd_cwnd":	48528,
					"rtt":	714,
					"rttvar":	220,
					"pmtu":	1400,
					"omitted":	false,