{
	"start":	{
		"connected":	[{
				"socket":	5,
				"local_host":	"10.60.0.1",
				"local_port":	45797,
				"remote_host":	"172.16.10.3",
				"remote_port":	5201
			}],
		"version":	"iperf 3.7",
		"system_info":	"Linux ueransim1 5.4.0-169-generic #187-Ubuntu SMP Thu Nov 23 14:52:28 UTC 2023 x86_64",
		"timestamp":	{
			"time":	"Wed, 18 Jun 2025 15:51:47 GMT",
			"timesecs":	1750261907
		},
		"connecting_to":	{
			"host":	"172.16.10.3",
			"port":	5201
		},
		"cookie":	"zszre2izqannhgqj4xyus3czjr3ag7nsmbfe",
		"tcp_mss_default":	1348,
		"target_bitrate":	1000000000,
		"sock_bufsize":	0,
		"sndbuf_actual":	16384,
		"rcvbuf_actual":	131072,
		"test_start":	{
			"protocol":	"TCP",
			"num_streams":	1,
			"blksize":	128,
			"omit":	0,
			"duration":	30,
			"bytes":	0,
			"blocks":	0,
			"reverse":	0,
			"tos":	0
		}
	},
	"intervals":	[{
			"streams":	[{
					"socket":	5,
					"start":	0,
					"end":	1.000003,
					"seconds":	1.0000029802322388,
					"bytes":	35316352,
					"bits_per_second":	282529973.99506307,
					"retransmits":	0,
					"snd_cwnd":	49876,
					"rtt":	352,
					"rttvar":	102,
					"pmtu":	1400,
					"omitted":	false,
					"sender":	true
				}],
			"sum":	{
				"start":	0,
				"end":	1.000003,
				"seconds":	1.0000029802322388,
				"bytes":	35316352,
				"bits_per_second":	282529973.99506307,
				"retransmits":	0,
				"omitted":	false,
				"sender":	true
			}
		}, {
			"streams":	[{
					"socket":	5,
					"start":	1.000003,
					"end":	2.000057,
					"seconds":	1.0000540018081665,
					"bytes":	35502336,
					"bits_per_second":	284003351.30550414,
					"retransmits":	0,
					"snd_cwnd":	49876,
					"rtt":	372,
					"rttvar":	48,
					"pmtu":	1400,
					"omitted":	false,
					"sender":	true
				}],
			"sum":	{
				"start":	1.000003,
				"end":	2.000057,
				"seconds":	1.0000540018081665,
				"bytes":	35502336,
				"bits_per_second":	284003351.30550414,
				"retransmits":	0,
				"omitted":	false,
				"sender":	true
			}
		}, {
			"streams":	[{
					"socket":	5,
					"start":	2.000057,
					"end":	3.000013,
					"seconds":	0.99995601177215576,
					"bytes":	35482624,
					"bits_per_second":	283873479.09127718,
					"retransmits":	0,
					"snd_cwnd":	49876,
					"rtt":	373,
					"rttvar":	48,
					"pmtu":	1400,
					"omitted":	false,
					"sender":	true
				}],
			"sum":	{
				"start":	2.000057,
				"end":	3.000013,
				"seconds":	0.99995601177215576,
				"bytes":	35482624,
				"bits_per_second":	283873479.09127718,
				"retransmits":	0,
				"omitted":	false,
				"sender":	true
			}
		}, {
			"streams":	[{
					"socket":	5,
					"start":	3.000013,
					"end":	4.000005,
					"seconds":	0.9999920129776001,
					"bytes":	35525504,
					"bits_per_second":	284206301.96209997,
					"retransmits":	0,
					"snd_cwnd":	49876,
					"rtt":	344,
					"rttvar":	37,
					"pmtu":	1400,
					"omitted":	false,
					"sender":	true
				}],
			"sum":	{
				"start":	3.000013,
				"end":	4.000005,
				"seconds":	0.9999920129776001,
				"bytes":	35525504,
				"bits_per_second":	284206301.96209997,
				"retransmits":	0,
				"omitted":	false,
				"sender":	true
			}
		}, {
			"streams":	[{
					"socket":	5,
					"start":	4.000005,
					"end":	5.000058,
					"seconds":	1.00005304813385,
					"bytes":	35503488,
					"bits_per_second":	284012837.64897323,
					"retransmits":	0,
					"snd_cwnd":	49876,
					"rtt":	345,
					"rttvar":	62,
					"pmtu":	1400,
					"omitted":	false,
					"sender":	true
				}],
			"sum":	{
				"start":	4.000005,
				"end":	5.000058,
				"seconds":	1.00005304813385,
				"bytes":	35503488,
				"bits_per_second":	284012837.64897323,
				"retransmits":	0,
				"omitted":	false,
				"sender":	true
			}
		}, {
			"streams":	[{
					"socket":	5,
					"start":	5.000058,
					"end":	6.000004,
					"seconds":	0.9999459981918335,
					"bytes":	35572224,
					"bits_per_second":	284593160.54526126,
					"retransmits":	0,
					"snd_cwnd":	83576,
					"rtt":	387,
					"rttvar":	55,
					"pmtu":	1400,
					"omitted":	false,
					"sender":	true
				}],
			"sum":	{
				"start":	5.000058,
				"end":	6.000004,
				"seconds":	0.9999459981918335,
				"bytes":	35572224,
				"bits_per_second":	284593160.54526126,
				"retransmits":	0,
				"omitted":	false,
				"sender":	true
			}
		}, {
			"streams":	[{
					"socket":	5,
					"start":	6.000004,
					"end":	7.000059,
					"seconds":	1.0000549554824829,
					"bytes":	35518848,
					"bits_per_second":	284135169.21468544,
					"retransmits":	0,
					"snd_cwnd":	83576,
					"rtt":	352,
					"rttvar":	29,
					"pmtu":	1400,
					"omitted":	false,
					"sender":	true
				}],
			"sum":	{
				"start":	6.000004,
				"end":	7.000059,
				"seconds":	1.0000549554824829,
				"bytes":	35518848,
				"bits_per_second":	284135169.21468544,
				"retransmits":	0,
				"omitted":	false,
				"sender":	true
			}
		}, {
			"streams":	[{
					"socket":	5,
					"start":	7.000059,
					"end":	8.000005,
					"seconds":	0.9999459981918335,
					"bytes":	35420800,
					"bits_per_second":	283381703.12437004,
					"retransmits":	0,
					"snd_cwnd":	83576,
					"rtt":	370,
					"rttvar":	47,
					"pmtu":	1400,
					"omitted":	false,
					"sender":	true
				}],
			"sum":	{
				"start":	7.000059,
				"end":	8.000005,
				"seconds":	0.9999459981918335,
				"bytes":	35420800,
				"bits_per_second":	283381703.12437004,
				"retransmits":	0,
				"omitted":	false,
				"sender":	true
			}
		}, {
			"streams":	[{
					"socket":	5,
					"start":	8.000005,
					"end":	9.000003,
					"seconds":	0.99999797344207764,
					"bytes":	35422720,
					"bits_per_second":	283382334.29071462,
					"retransmits":	0,
					"snd_cwnd":	83576,
					"rtt":	368,
					"rttvar":	69,
					"pmtu":	1400,
					"omitted":	false,
					"sender":	true
				}],
			"sum":	{
				"start":	8.000005,
				"end":	9.000003,
				"seconds":	0.99999797344207764,
				"bytes":	35422720,
				"bits_per_second":	283382334.29071462,
				"retransmits":	0,
				"omitted":	false,
				"sender":	true
			}
		}, {
			"streams":	[{
					"socket":	5,
					"start":	9.000003,
					"end":	10.000005,
					"seconds":	1.0000020265579224,
					"bytes":	34675200,
					"bits_per_second":	277401037.83072913,
					"retransmits":	0,
					"snd_cwnd":	83576,
					"rtt":	366,
					"rttvar":	44,
					"pmtu":	1400,
					"omitted":	false,
					"sender":	true
				}],
			"sum":	{
				"start":	9.000003,
				"end":	10.000005,
				"seconds":	1.0000020265579224,
				"bytes":	34675200,
				"bits_per_second":	277401037.83072913,
				"retransmits":	0,
				"omitted":	false,
				"sender":	true
			}
		}, {
			"streams":	[{
					"socket":	5,
					"start":	10.000005,
					"end":	11.000006,
					"seconds":	1.0000009536743164,
					"bytes":	37907840,
					"bits_per_second":	303262430.7864086,
					"retransmits":	0,
					"snd_cwnd":	83576,
					"rtt":	335,
					"rttvar":	38,
					"pmtu":	1400,
					"omitted":	false,
					"sender":	true
				}],
			"sum":	{
				"start":	10.000005,
				"end":	11.000006,
				"seconds":	1.0000009536743164,
				"bytes":	37907840,
				"bits_per_second":	303262430.7864086,
				"retransmits":	0,
				"omitted":	false,
				"sender":	true
			}
		}, {
			"streams":	[{
					"socket":	5,
					"start":	11.000006,
					"end":	12.000057,
					"seconds":	1.0000510215759277,
					"bytes":	37763968,
					"bits_per_second":	302096330.56913239,
					"retransmits":	0,
					"snd_cwnd":	83576,
					"rtt":	365,
					"rttvar":	56,
					"pmtu":	1400,
					"omitted":	false,
					"sender":	true
				}],
			"sum":	{
				"start":	11.000006,
				"end":	12.000057,
				"seconds":	1.0000510215759277,
				"bytes":	37763968,
				"bits_per_second":	302096330.56913239,
				"retransmits":	0,
				"omitted":	false,
				"sender":	true
			}
		}, {
			"streams":	[{
					"socket":	5,
					"start":	12.000057,
					"end":	13.000004,
					"seconds":	0.99994701147079468,
					"bytes":	37887872,
					"bits_per_second":	303119037.83198887,
					"retransmits":	0,
					"snd_cwnd":	136148,
					"rtt":	374,
					"rttvar":	59,
					"pmtu":	1400,
					"omitted":	false,