{
	"start":	{
		"connected":	[{
				"socket":	5,
				"local_host":	"10.60.0.1",
				"local_port":	54073,
				"remote_host":	"172.16.10.3",
				"remote_port":	5201
			}],
		"version":	"iperf 3.7",
		"system_info":	"Linux ueransim1 5.4.0-169-generic #187-Ubuntu SMP Thu Nov 23 14:52:28 UTC 2023 x86_64",
		"timestamp":	{
			"time":	"Wed, 18 Jun 2025 15:36:50 GMT",
			"timesecs":	1750261010
		},
		"connecting_to":	{
			"host":	"172.16.10.3",
			"port":	5201
		},
		"cookie":	"x4ghbz4pksfsq4tmil6d66i4oqd7h3nssrqk",
		"tcp_mss_default":	1348,
		"target_bitrate":	100000000,
		"sock_bufsize":	0,
		"sndbuf_actual":	16384,
		"rcvbuf_actual":	131072,
		"test_start":	{
			"protocol":	"TCP",
			"num_streams":	1,
			"blksize":	64,
			"omit":	0,
			"duration":	30,
			"bytes":	0,
			"blocks":	0,
			"reverse":	0,
			"tos":	0
		}
	},
	"intervals":	[{
			"streams":	[{
					"socket":	5,
					"start":	0,
					"end":	1.000005,
					"seconds":	1.0000050067901611,
					"bytes":	12496448,
					"bits_per_second":	99971083.465762913,
					"retransmits":	0,
					"snd_cwnd":	29656,
					"rtt":	341,
					"rttvar":	33,
					"pmtu":	1400,
					"omitted":	false,
					"sender":	true
				}],
			"sum":	{
				"start":	0,
				"end":	1.000005,
				"seconds":	1.0000050067901611,
				"bytes":	12496448,
				"bits_per_second":	99971083.465762913,
				"retransmits":	0,
				"omitted":	false,
				"sender":	true
			}
		}, {
			"streams":	[{
					"socket":	5,
					"start":	1.000005,
					"end":	2.000066,
					"seconds":	1.00006103515625,
					"bytes":	12496960,
					"bits_per_second":	99969578.3411657,
					"retransmits":	0,
					"snd_cwnd":	29656,
					"rtt":	336,
					"rttvar":	51,
					"pmtu":	1400,
					"omitted":	false,
					"sender":	true
				}],
			"sum":	{
				"start":	1.000005,
				"end":	2.000066,
				"seconds":	1.00006103515625,
				"bytes":	12496960,
				"bits_per_second":	99969578.3411657,
				"retransmits":	0,
				"omitted":	false,
				"sender":	true
			}
		}, {
			"streams":	[{
					"socket":	5,
					"start":	2.000066,
					"end":	3.000058,
					"seconds":	0.9999920129776001,
					"bytes":	12500928,
					"bits_per_second":	100008222.76791543,
					"retransmits":	0,
					"snd_cwnd":	29656,
					"rtt":	328,
					"rttvar":	57,
					"pmtu":	1400,
					"omitted":	false,
					"sender":	true
				}],
			"sum":	{
				"start":	2.000066,
				"end":	3.000058,
				"seconds":	0.9999920129776001,
				"bytes":	12500928,
				"bits_per_second":	100008222.76791543,
				"retransmits":	0,
				"omitted":	false,
				"sender":	true
			}
		}, {
			"streams":	[{
					"socket":	5,
					"start":	3.000058,
					"end":	4.000004,
					"seconds":	0.9999459981918335,
					"bytes":	12505024,
					"bits_per_second":	100045594.64300981,
					"retransmits":	0,
					"snd_cwnd":	29656,
					"rtt":	353,
					"rttvar":	87,
					"pmtu":	1400,
					"omitted":	false,
					"sender":	true
				}],
			"sum":	{
				"start":	3.000058,
				"end":	4.000004,
				"seconds":	0.9999459981918335,
				"bytes":	12505024,
				"bits_per_second":	100045594.64300981,
				"retransmits":	0,
				"omitted":	false,
				"sender":	true
			}
		}, {
			"streams":	[{
					"socket":	5,
					"start":	4.000004,
					"end":	5.000004,
					"seconds":	1,
					"bytes":	12499520,
					"bits_per_second":	99996160,
					"retransmits":	0,
					"snd_cwnd":	29656,
					"rtt":	368,
					"rttvar":	57,
					"pmtu":	1400,
					"omitted":	false,
					"sender":	true
				}],
			"sum":	{
				"start":	4.000004,
				"end":	5.000004,
				"seconds":	1,
				"bytes":	12499520,
				"bits_per_second":	99996160,
				"retransmits":	0,
				"omitted":	false,
				"sender":	true
			}
		}, {
			"streams":	[{
					"socket":	5,
					"start":	5.000004,
					"end":	6.000059,
					"seconds":	1.0000549554824829,
					"bytes":	12497536,
					"bits_per_second":	99974793.836968556,
					"retransmits":	0,
					"snd_cwnd":	29656,
					"rtt":	329,
					"rttvar":	23,
					"pmtu":	1400,
					"omitted":	false,
					"sender":	true
				}],
			"sum":	{
				"start":	5.000004,
				"end":	6.000059,
				"seconds":	1.0000549554824829,
				"bytes":	12497536,
				"bits_per_second":	99974793.836968556,
				"retransmits":	0,
				"omitted":	false,
				"sender":	true
			}
		}, {
			"streams":	[{
					"socket":	5,
					"start":	6.000059,
					"end":	7.000004,
					"seconds":	0.99994498491287231,
					"bytes":	12503232,
					"bits_per_second":	100031359.23394376,
					"retransmits":	0,
					"snd_cwnd":	29656,
					"rtt":	347,
					"rttvar":	54,
					"pmtu":	1400,
					"omitted":	false,
					"sender":	true
				}],
			"sum":	{
				"start":	6.000059,
				"end":	7.000004,
				"seconds":	0.99994498491287231,
				"bytes":	12503232,
				"bits_per_second":	100031359.23394376,
				"retransmits":	0,
				"omitted":	false,
				"sender":	true
			}
		}, {
			"streams":	[{
					"socket":	5,
					"start":	7.000004,
					"end":	8.000059,
					"seconds":	1.0000549554824829,
					"bytes":	12497856,
					"bits_per_second":	99977353.696290255,
					"retransmits":	0,
					"snd_cwnd":	29656,
					"rtt":	343,
					"rttvar":	74,
					"pmtu":	1400,
					"omitted":	false,
					"sender":	true
				}],
			"sum":	{
				"start":	7.000004,
				"end":	8.000059,
				"seconds":	1.0000549554824829,
				"bytes":	12497856,
				"bits_per_second":	99977353.696290255,
				"retransmits":	0,
				"omitted":	false,
				"sender":	true
			}
		}, {
			"streams":	[{
					"socket":	5,
					"start":	8.000059,
					"end":	9.000059,
					"seconds":	1,
					"bytes":	12497088,
					"bits_per_second":	99976704,
					"retransmits":	0,
					"snd_cwnd":	29656,
					"rtt":	328,
					"rttvar":	38,
					"pmtu":	1400,
					"omitted":	false,
					"sender":	true
				}],
			"sum":	{
				"start":	8.000059,
				"end":	9.000059,
				"seconds":	1,
				"bytes":	12497088,
				"bits_per_second":	99976704,
				"retransmits":	0,
				"omitted":	false,
				"sender":	true
			}
		}, {
			"streams":	[{
					"socket":	5,
					"start":	9.000059,
					"end":	10.000106,
					"seconds":	1.000046968460083,
					"bytes":	12498752,
					"bits_per_second":	99985319.84349604,
					"retransmits":	0,
					"snd_cwnd":	40440,
					"rtt":	347,
					"rttvar":	94,
					"pmtu":	1400,
					"omitted":	false,
					"sender":	true
				}],
			"sum":	{
				"start":	9.000059,
				"end":	10.000106,
				"seconds":	1.000046968460083,
				"bytes":	12498752,
				"bits_per_second":	99985319.84349604,
				"retransmits":	0,
				"omitted":	false,
				"sender":	true
			}
		}, {
			"streams":	[{
					"socket":	5,
					"start":	10.000106,
					"end":	11.000058,
					"seconds":	0.99995201826095581,
					"bytes":	12505792,
					"bits_per_second":	100051136.62752874,
					"retransmits":	0,
					"snd_cwnd":	40440,
					"rtt":	328,
					"rttvar":	68,
					"pmtu":	1400,
					"omitted":	false,
					"sender":	true
				}],
			"sum":	{
				"start":	10.000106,
				"end":	11.000058,
				"seconds":	0.99995201826095581,
				"bytes":	12505792,
				"bits_per_second":	100051136.62752874,
				"retransmits":	0,
				"omitted":	false,
				"sender":	true
			}
		}, {
			"streams":	[{
					"socket":	5,
					"start":	11.000058,
					"end":	12.000102,
					"seconds":	1.0000439882278442,
					"bytes":	12494528,
					"bits_per_second":	99951827.296247438,
					"retransmits":	0,
					"snd_cwnd":	40440,
					"rtt":	312,
					"rttvar":	53,
					"pmtu":	1400,
					"omitted":	false,
					"sender":	true
				}],
			"sum":	{
				"start":	11.000058,
				"end":	12.000102,
				"seconds":	1.0000439882278442,
				"bytes":	12494528,
				"bits_per_second":	99951827.296247438,
				"retransmits":	0,
				"omitted":	false,
				"sender":	true
			}
		}, {
			"streams":	[{
					"socket":	5,
					"start":	12.000102,
					"end":	13.000085,
					"seconds":	0.999983012676239,
					"bytes":	12499136,
					"bits_per_second":	99994786.64381513,
					"retransmits":	0,
					"snd_cwnd":	40440,
					"rtt":	327,
					"rttvar":	57,
					"pmtu":	1400,
					"omitted":	false,
					"sender":	true
				}],
			"sum":	{
				"start":	12.000102,
				"end":	13.000085,
				"seconds":	0.999983012676239,