{
	"start":	{
		"connected":	[{
				"socket":	5,
				"local_host":	"10.60.0.1",
				"local_port":	42343,
				"remote_host":	"172.16.10.3",
				"remote_port":	5201
			}],
		"version":	"iperf 3.7",
		"system_info":	"Linux ueransim1 5.4.0-169-generic #187-Ubuntu SMP Thu Nov 23 14:52:28 UTC 2023 x86_64",
		"timestamp":	{
			"time":	"Wed, 18 Jun 2025 15:42:43 GMT",
			"timesecs":	1750261363
		},
		"connecting_to":	{
			"host":	"172.16.10.3",
			"port":	5201
		},
		"cookie":	"a3iq3op4xmdu6fvet3ciqurofnyqojtqral6",
		"tcp_mss_default":	1348,
		"target_bitrate":	500000000,
		"sock_bufsize":	0,
		"sndbuf_actual":	16384,
		"rcvbuf_actual":	131072,
		"test_start":	{
			"protocol":	"TCP",
			"num_streams":	1,
			"blksize":	64,
			"omit":	0,
			"duration":	30,
			"bytes":	0,
			"blocks":	0,
			"reverse":	0,
			"tos":	0
		}
	},
	"intervals":	[{
			"streams":	[{
					"socket":	5,
					"start":	0,
					"end":	1.000004,
					"seconds":	1.0000040531158447,
					"bytes":	19453248,
					"bits_per_second":	155625353.23241496,
					"retransmits":	0,
					"snd_cwnd":	29656,
					"rtt":	532,
					"rttvar":	66,
					"pmtu":	1400,
					"omitted":	false,
					"sender":	true
				}],
			"sum":	{
				"start":	0,
				"end":	1.000004,
				"seconds":	1.0000040531158447,
				"bytes":	19453248,
				"bits_per_second":	155625353.23241496,
				"retransmits":	0,
				"omitted":	false,
				"sender":	true
			}
		}, {
			"streams":	[{
					"socket":	5,
					"start":	1.000004,
					"end":	2.000059,
					"seconds":	1.0000549554824829,
					"bytes":	18625088,
					"bits_per_second":	148992516.04439443,
					"retransmits":	0,
					"snd_cwnd":	32352,
					"rtt":	690,
					"rttvar":	51,
					"pmtu":	1400,
					"omitted":	false,
					"sender":	true
				}],
			"sum":	{
				"start":	1.000004,
				"end":	2.000059,
				"seconds":	1.0000549554824829,
				"bytes":	18625088,
				"bits_per_second":	148992516.04439443,
				"retransmits":	0,
				"omitted":	false,
				"sender":	true
			}
		}, {
			"streams":	[{
					"socket":	5,
					"start":	2.000059,
					"end":	3.000027,
					"seconds":	0.99996799230575562,
					"bytes":	18562752,
					"bits_per_second":	148506769.35926688,
					"retransmits":	0,
					"snd_cwnd":	36396,
					"rtt":	515,
					"rttvar":	38,
					"pmtu":	1400,
					"omitted":	false,
					"sender":	true
				}],
			"sum":	{
				"start":	2.000059,
				"end":	3.000027,
				"seconds":	0.99996799230575562,
				"bytes":	18562752,
				"bits_per_second":	148506769.35926688,
				"retransmits":	0,
				"omitted":	false,
				"sender":	true
			}
		}, {
			"streams":	[{
					"socket":	5,
					"start":	3.000027,
					"end":	4.000004,
					"seconds":	0.9999769926071167,
					"bytes":	20371392,
					"bits_per_second":	162974885.62722373,
					"retransmits":	0,
					"snd_cwnd":	37744,
					"rtt":	476,
					"rttvar":	119,
					"pmtu":	1400,
					"omitted":	false,
					"sender":	true
				}],
			"sum":	{
				"start":	3.000027,
				"end":	4.000004,
				"seconds":	0.9999769926071167,
				"bytes":	20371392,
				"bits_per_second":	162974885.62722373,
				"retransmits":	0,
				"omitted":	false,
				"sender":	true
			}
		}, {
			"streams":	[{
					"socket":	5,
					"start":	4.000004,
					"end":	5.000003,
					"seconds":	0.99999898672103882,
					"bytes":	20443328,
					"bits_per_second":	163546789.71852118,
					"retransmits":	0,
					"snd_cwnd":	37744,
					"rtt":	450,
					"rttvar":	64,
					"pmtu":	1400,
					"omitted":	false,
					"sender":	true
				}],
			"sum":	{
				"start":	4.000004,
				"end":	5.000003,
				"seconds":	0.99999898672103882,
				"bytes":	20443328,
				"bits_per_second":	163546789.71852118,
				"retransmits":	0,
				"omitted":	false,
				"sender":	true
			}
		}, {
			"streams":	[{
					"socket":	5,
					"start":	5.000003,
					"end":	6.000005,
					"seconds":	1.0000020265579224,
					"bytes":	20472512,
					"bits_per_second":	163779764.09082156,
					"retransmits":	0,
					"snd_cwnd":	37744,
					"rtt":	495,
					"rttvar":	36,
					"pmtu":	1400,
					"omitted":	false,
					"sender":	true
				}],
			"sum":	{
				"start":	5.000003,
				"end":	6.000005,
				"seconds":	1.0000020265579224,
				"bytes":	20472512,
				"bits_per_second":	163779764.09082156,
				"retransmits":	0,
				"omitted":	false,
				"sender":	true
			}
		}, {
			"streams":	[{
					"socket":	5,
					"start":	6.000005,
					"end":	7.000004,
					"seconds":	0.99999898672103882,
					"bytes":	20461504,
					"bits_per_second":	163692197.86586019,
					"retransmits":	0,
					"snd_cwnd":	37744,
					"rtt":	520,
					"rttvar":	99,
					"pmtu":	1400,
					"omitted":	false,
					"sender":	true
				}],
			"sum":	{
				"start":	6.000005,
				"end":	7.000004,
				"seconds":	0.99999898672103882,
				"bytes":	20461504,
				"bits_per_second":	163692197.86586019,
				"retransmits":	0,
				"omitted":	false,
				"sender":	true
			}
		}, {
			"streams":	[{
					"socket":	5,
					"start":	7.000004,
					"end":	8.000003,
					"seconds":	0.99999898672103882,
					"bytes":	20487104,
					"bits_per_second":	163896998.07337993,
					"retransmits":	0,
					"snd_cwnd":	37744,
					"rtt":	569,
					"rttvar":	19,
					"pmtu":	1400,
					"omitted":	false,
					"sender":	true
				}],
			"sum":	{
				"start":	7.000004,
				"end":	8.000003,
				"seconds":	0.99999898672103882,
				"bytes":	20487104,
				"bits_per_second":	163896998.07337993,
				"retransmits":	0,
				"omitted":	false,
				"sender":	true
			}
		}, {
			"streams":	[{
					"socket":	5,
					"start":	8.000003,
					"end":	9.000057,
					"seconds":	1.0000540018081665,
					"bytes":	20481216,
					"bits_per_second":	163840880.2962124,
					"retransmits":	0,
					"snd_cwnd":	37744,
					"rtt":	406,
					"rttvar":	35,
					"pmtu":	1400,
					"omitted":	false,
					"sender":	true
				}],
			"sum":	{
				"start":	8.000003,
				"end":	9.000057,
				"seconds":	1.0000540018081665,
				"bytes":	20481216,
				"bits_per_second":	163840880.2962124,
				"retransmits":	0,
				"omitted":	false,
				"sender":	true
			}
		}, {
			"streams":	[{
					"socket":	5,
					"start":	9.000057,
					"end":	10.000003,
					"seconds":	0.9999459981918335,
					"bytes":	20451328,
					"bits_per_second":	163619459.74667755,
					"retransmits":	0,
					"snd_cwnd":	37744,
					"rtt":	539,
					"rttvar":	63,
					"pmtu":	1400,
					"omitted":	false,
					"sender":	true
				}],
			"sum":	{
				"start":	9.000057,
				"end":	10.000003,
				"seconds":	0.9999459981918335,
				"bytes":	20451328,
				"bits_per_second":	163619459.74667755,
				"retransmits":	0,
				"omitted":	false,
				"sender":	true
			}
		}, {
			"streams":	[{
					"socket":	5,
					"start":	10.000003,
					"end":	11.000004,
					"seconds":	1.0000009536743164,
					"bytes":	20464192,
					"bits_per_second":	163713379.87075436,
					"retransmits":	0,
					"snd_cwnd":	37744,
					"rtt":	605,
					"rttvar":	60,
					"pmtu":	1400,
					"omitted":	false,
					"sender":	true
				}],
			"sum":	{
				"start":	10.000003,
				"end":	11.000004,
				"seconds":	1.0000009536743164,
				"bytes":	20464192,
				"bits_per_second":	163713379.87075436,
				"retransmits":	0,
				"omitted":	false,
				"sender":	true
			}
		}, {
			"streams":	[{
					"socket":	5,
					"start":	11.000004,
					"end":	12.000003,
					"seconds":	0.99999898672103882,
					"bytes":	20476032,
					"bits_per_second":	163808421.98362765,
					"retransmits":	0,
					"snd_cwnd":	37744,
					"rtt":	493,
					"rttvar":	51,
					"pmtu":	1400,
					"omitted":	false,
					"sender":	true
				}],
			"sum":	{
				"start":	11.000004,
				"end":	12.000003,
				"seconds":	0.99999898672103882,
				"bytes":	20476032,
				"bits_per_second":	163808421.98362765,
				"retransmits":	0,
				"omitted":	false,
				"sender":	true
			}
		}, {
			"streams":	[{
					"socket":	5,
					"start":	12.000003,
					"end":	13.000003,
					"seconds":	1,
					"bytes":	20473152,
					"bits_per_second":	163785216,
					"retransmits":	0,
					"snd_cwnd":	37744,
					"rtt":	479,
					"rttvar":	70,
					"pmtu":	1400,
					"omitted":	false,