{
	"start":	{
		"connected":	[{
				"socket":	5,
				"local_host":	"10.60.0.1",
				"local_port":	59667,
				"remote_host":	"172.16.10.3",
				"remote_port":	5201
			}],
		"version":	"iperf 3.7",
		"system_info":	"Linux ueransim1 5.4.0-169-generic #187-Ubuntu SMP Thu Nov 23 14:52:28 UTC 2023 x86_64",
		"timestamp":	{
			"time":	"Wed, 18 Jun 2025 15:46:59 GMT",
			"timesecs":	1750261619
		},
		"connecting_to":	{
			"host":	"172.16.10.3",
			"port":	5201
		},
		"cookie":	"6byk7wovvisveftxej4gzt7vsk5bpisnwh7f",
		"tcp_mss_default":	1348,
		"target_bitrate":	500000000,
		"sock_bufsize":	0,
		"sndbuf_actual":	16384,
		"rcvbuf_actual":	131072,
		"test_start":	{
			"protocol":	"TCP",
			"num_streams":	1,
			"blksize":	512,
			"omit":	0,
			"duration":	30,
			"bytes":	0,
			"blocks":	0,
			"reverse":	0,
			"tos":	0
		}
	},
	"intervals":	[{
			"streams":	[{
					"socket":	5,
					"start":	0,
					"end":	1.000088,
					"seconds":	1.0000879764556885,
					"bytes":	62441472,
					"bits_per_second":	499487832.83080804,
					"retransmits":	0,
					"snd_cwnd":	97056,
					"rtt":	622,
					"rttvar":	97,
					"pmtu":	1400,
					"omitted":	false,
					"sender":	true
				}],
			"sum":	{
				"start":	0,
				"end":	1.000088,
				"seconds":	1.0000879764556885,
				"bytes":	62441472,
				"bits_per_second":	499487832.83080804,
				"retransmits":	0,
				"omitted":	false,
				"sender":	true
			}
		}, {
			"streams":	[{
					"socket":	5,
					"start":	1.000088,
					"end":	2.000088,
					"seconds":	1,
					"bytes":	62526464,
					"bits_per_second":	500211712,
					"retransmits":	0,
					"snd_cwnd":	106492,
					"rtt":	409,
					"rttvar":	17,
					"pmtu":	1400,
					"omitted":	false,
					"sender":	true
				}],
			"sum":	{
				"start":	1.000088,
				"end":	2.000088,
				"seconds":	1,
				"bytes":	62526464,
				"bits_per_second":	500211712,
				"retransmits":	0,
				"omitted":	false,
				"sender":	true
			}
		}, {
			"streams":	[{
					"socket":	5,
					"start":	2.000088,
					"end":	3.000087,
					"seconds":	0.99999898672103882,
					"bytes":	62504448,
					"bits_per_second":	500036090.67605048,
					"retransmits":	0,
					"snd_cwnd":	118624,
					"rtt":	384,
					"rttvar":	23,
					"pmtu":	1400,
					"omitted":	false,
					"sender":	true
				}],
			"sum":	{
				"start":	2.000088,
				"end":	3.000087,
				"seconds":	0.99999898672103882,
				"bytes":	62504448,
				"bits_per_second":	500036090.67605048,
				"retransmits":	0,
				"omitted":	false,
				"sender":	true
			}
		}, {
			"streams":	[{
					"socket":	5,
					"start":	3.000087,
					"end":	4.000087,
					"seconds":	1,
					"bytes":	62484480,
					"bits_per_second":	499875840,
					"retransmits":	0,
					"snd_cwnd":	118624,
					"rtt":	409,
					"rttvar":	15,
					"pmtu":	1400,
					"omitted":	false,
					"sender":	true
				}],
			"sum":	{
				"start":	3.000087,
				"end":	4.000087,
				"seconds":	1,
				"bytes":	62484480,
				"bits_per_second":	499875840,
				"retransmits":	0,
				"omitted":	false,
				"sender":	true
			}
		}, {
			"streams":	[{
					"socket":	5,
					"start":	4.000087,
					"end":	5.000058,
					"seconds":	0.99997097253799438,
					"bytes":	62519296,
					"bits_per_second":	500168886.63335311,
					"retransmits":	0,
					"snd_cwnd":	118624,
					"rtt":	298,
					"rttvar":	10,
					"pmtu":	1400,
					"omitted":	false,
					"sender":	true
				}],
			"sum":	{
				"start":	4.000087,
				"end":	5.000058,
				"seconds":	0.99997097253799438,
				"bytes":	62519296,
				"bits_per_second":	500168886.63335311,
				"retransmits":	0,
				"omitted":	false,
				"sender":	true
			}
		}, {
			"streams":	[{
					"socket":	5,
					"start":	5.000058,
					"end":	6.000059,
					"seconds":	1.0000009536743164,
					"bytes":	62514176,
					"bits_per_second":	500112931.05514234,
					"retransmits":	0,
					"snd_cwnd":	118624,
					"rtt":	324,
					"rttvar":	29,
					"pmtu":	1400,
					"omitted":	false,
					"sender":	true
				}],
			"sum":	{
				"start":	5.000058,
				"end":	6.000059,
				"seconds":	1.0000009536743164,
				"bytes":	62514176,
				"bits_per_second":	500112931.05514234,
				"retransmits":	0,
				"omitted":	false,
				"sender":	true
			}
		}, {
			"streams":	[{
					"socket":	5,
					"start":	6.000059,
					"end":	7.000091,
					"seconds":	1.0000319480895996,
					"bytes":	62480896,
					"bits_per_second":	499831199.34805852,
					"retransmits":	0,
					"snd_cwnd":	118624,
					"rtt":	376,
					"rttvar":	18,
					"pmtu":	1400,
					"omitted":	false,
					"sender":	true
				}],
			"sum":	{
				"start":	6.000059,
				"end":	7.000091,
				"seconds":	1.0000319480895996,
				"bytes":	62480896,
				"bits_per_second":	499831199.34805852,
				"retransmits":	0,
				"omitted":	false,
				"sender":	true
			}
		}, {
			"streams":	[{
					"socket":	5,
					"start":	7.000091,
					"end":	8.000085,
					"seconds":	0.99999397993087769,
					"bytes":	62491648,
					"bits_per_second":	499936193.65044254,
					"retransmits":	0,
					"snd_cwnd":	179284,
					"rtt":	433,
					"rttvar":	24,
					"pmtu":	1400,
					"omitted":	false,
					"sender":	true
				}],
			"sum":	{
				"start":	7.000091,
				"end":	8.000085,
				"seconds":	0.99999397993087769,
				"bytes":	62491648,
				"bits_per_second":	499936193.65044254,
				"retransmits":	0,
				"omitted":	false,
				"sender":	true
			}
		}, {
			"streams":	[{
					"socket":	5,
					"start":	8.000085,
					"end":	9.000088,
					"seconds":	1.0000029802322388,
					"bytes":	62509056,
					"bits_per_second":	500070957.67241025,
					"retransmits":	0,
					"snd_cwnd":	179284,
					"rtt":	354,
					"rttvar":	21,
					"pmtu":	1400,
					"omitted":	false,
					"sender":	true
				}],
			"sum":	{
				"start":	8.000085,
				"end":	9.000088,
				"seconds":	1.0000029802322388,
				"bytes":	62509056,
				"bits_per_second":	500070957.67241025,
				"retransmits":	0,
				"omitted":	false,
				"sender":	true
			}
		}, {
			"streams":	[{
					"socket":	5,
					"start":	9.000088,
					"end":	10.000083,
					"seconds":	0.99999499320983887,
					"bytes":	62478848,
					"bits_per_second":	499833286.56038135,
					"retransmits":	0,
					"snd_cwnd":	179284,
					"rtt":	334,
					"rttvar":	14,
					"pmtu":	1400,
					"omitted":	false,
					"sender":	true
				}],
			"sum":	{
				"start":	9.000088,
				"end":	10.000083,
				"seconds":	0.99999499320983887,
				"bytes":	62478848,
				"bits_per_second":	499833286.56038135,
				"retransmits":	0,
				"omitted":	false,
				"sender":	true
			}
		}, {
			"streams":	[{
					"socket":	5,
					"start":	10.000083,
					"end":	11.000085,
					"seconds":	1.0000020265579224,
					"bytes":	62498816,
					"bits_per_second":	499989514.74228781,
					"retransmits":	0,
					"snd_cwnd":	179284,
					"rtt":	352,
					"rttvar":	36,
					"pmtu":	1400,
					"omitted":	false,
					"sender":	true
				}],
			"sum":	{
				"start":	10.000083,
				"end":	11.000085,
				"seconds":	1.0000020265579224,
				"bytes":	62498816,
				"bits_per_second":	499989514.74228781,
				"retransmits":	0,
				"omitted":	false,
				"sender":	true
			}
		}, {
			"streams":	[{
					"socket":	5,
					"start":	11.000085,
					"end":	12.000086,
					"seconds":	1.0000009536743164,
					"bytes":	62496256,
					"bits_per_second":	499969571.191861,
					"retransmits":	0,
					"snd_cwnd":	179284,
					"rtt":	328,
					"rttvar":	16,
					"pmtu":	1400,
					"omitted":	false,
					"sender":	true
				}],
			"sum":	{
				"start":	11.000085,
				"end":	12.000086,
				"seconds":	1.0000009536743164,
				"bytes":	62496256,
				"bits_per_second":	499969571.191861,
				"retransmits":	0,
				"omitted":	false,
				"sender":	true
			}
		}, {
			"streams":	[{
					"socket":	5,
					"start":	12.000086,
					"end":	13.000085,
					"seconds":	0.99999898672103882,
					"bytes":	62502400,
					"bits_per_second":	500019706.65944892,
					"retransmits":	0,
					"snd_cwnd":	179284,
					"rtt":	360,
					"rttvar":	10,
					"pmtu":	1400,
					"omitted":	false,
					"sender":	true
				}],
			"sum":	{
				"start":	12.000086,
				"end":	13.000085,