{
	"start":	{
		"connected":	[{
				"socket":	5,
				"local_host":	"10.60.0.1",
				"local_port":	39291,
				"remote_host":	"172.16.10.3",
				"remote_port":	5201
			}],
		"version":	"iperf 3.7",
		"system_info":	"Linux ueransim1 5.4.0-169-generic #187-Ubuntu SMP Thu Nov 23 14:52:28 UTC 2023 x86_64",
		"timestamp":	{
			"time":	"Wed, 18 Jun 2025 15:40:02 GMT",
			"timesecs":	1750261202
		},
		"connecting_to":	{
			"host":	"172.16.10.3",
			"port":	5201
		},
		"cookie":	"vytjoan3p4mohsuuhm77ny6dj7zzokmg64in",
		"tcp_mss_default":	1348,
		"target_bitrate":	100000000,
		"sock_bufsize":	0,
		"sndbuf_actual":	16384,
		"rcvbuf_actual":	131072,
		"test_start":	{
			"protocol":	"TCP",
			"num_streams":	1,
			"blksize":	512,
			"omit":	0,
			"duration":	30,
			"bytes":	0,
			"blocks":	0,
			"reverse":	0,
			"tos":	0
		}
	},
	"intervals":	[{
			"streams":	[{
					"socket":	5,
					"start":	0,
					"end":	1.00008,
					"seconds":	1.0000799894332886,
					"bytes":	12490240,
					"bits_per_second":	99913927.941526324,
					"retransmits":	0,
					"snd_cwnd":	28308,
					"rtt":	530,
					"rttvar":	51,
					"pmtu":	1400,
					"omitted":	false,
					"sender":	true
				}],
			"sum":	{
				"start":	0,
				"end":	1.00008,
				"seconds":	1.0000799894332886,
				"bytes":	12490240,
				"bits_per_second":	99913927.941526324,
				"retransmits":	0,
				"omitted":	false,
				"sender":	true
			}
		}, {
			"streams":	[{
					"socket":	5,
					"start":	1.00008,
					"end":	2.000082,
					"seconds":	1.0000020265579224,
					"bytes":	12499968,
					"bits_per_second":	99999541.345137253,
					"retransmits":	0,
					"snd_cwnd":	28308,
					"rtt":	557,
					"rttvar":	73,
					"pmtu":	1400,
					"omitted":	false,
					"sender":	true
				}],
			"sum":	{
				"start":	1.00008,
				"end":	2.000082,
				"seconds":	1.0000020265579224,
				"bytes":	12499968,
				"bits_per_second":	99999541.345137253,
				"retransmits":	0,
				"omitted":	false,
				"sender":	true
			}
		}, {
			"streams":	[{
					"socket":	5,
					"start":	2.000082,
					"end":	3.000087,
					"seconds":	1.0000050067901611,
					"bytes":	12499968,
					"bits_per_second":	99999243.3247724,
					"retransmits":	0,
					"snd_cwnd":	28308,
					"rtt":	522,
					"rttvar":	62,
					"pmtu":	1400,
					"omitted":	false,
					"sender":	true
				}],
			"sum":	{
				"start":	2.000082,
				"end":	3.000087,
				"seconds":	1.0000050067901611,
				"bytes":	12499968,
				"bits_per_second":	99999243.3247724,
				"retransmits":	0,
				"omitted":	false,
				"sender":	true
			}
		}, {
			"streams":	[{
					"socket":	5,
					"start":	3.000087,
					"end":	4.000099,
					"seconds":	1.0000120401382446,
					"bytes":	12499968,
					"bits_per_second":	99998540.0037541,
					"retransmits":	0,
					"snd_cwnd":	28308,
					"rtt":	495,
					"rttvar":	137,
					"pmtu":	1400,
					"omitted":	false,
					"sender":	true
				}],
			"sum":	{
				"start":	3.000087,
				"end":	4.000099,
				"seconds":	1.0000120401382446,
				"bytes":	12499968,
				"bits_per_second":	99998540.0037541,
				"retransmits":	0,
				"omitted":	false,
				"sender":	true
			}
		}, {
			"streams":	[{
					"socket":	5,
					"start":	4.000099,
					"end":	5.00008,
					"seconds":	0.99998098611831665,
					"bytes":	12499456,
					"bits_per_second":	99997549.341571808,
					"retransmits":	0,
					"snd_cwnd":	28308,
					"rtt":	767,
					"rttvar":	145,
					"pmtu":	1400,
					"omitted":	false,
					"sender":	true
				}],
			"sum":	{
				"start":	4.000099,
				"end":	5.00008,
				"seconds":	0.99998098611831665,
				"bytes":	12499456,
				"bits_per_second":	99997549.341571808,
				"retransmits":	0,
				"omitted":	false,
				"sender":	true
			}
		}, {
			"streams":	[{
					"socket":	5,
					"start":	5.00008,
					"end":	6.000085,
					"seconds":	1.0000050067901611,
					"bytes":	12500480,
					"bits_per_second":	100003339.30426469,
					"retransmits":	0,
					"snd_cwnd":	48528,
					"rtt":	515,
					"rttvar":	48,
					"pmtu":	1400,
					"omitted":	false,
					"sender":	true
				}],
			"sum":	{
				"start":	5.00008,
				"end":	6.000085,
				"seconds":	1.0000050067901611,
				"bytes":	12500480,
				"bits_per_second":	100003339.30426469,
				"retransmits":	0,
				"omitted":	false,
				"sender":	true
			}
		}, {
			"streams":	[{
					"socket":	5,
					"start":	6.000085,
					"end":	7.000085,
					"seconds":	1,
					"bytes":	12500480,
					"bits_per_second":	100003840,
					"retransmits":	0,
					"snd_cwnd":	48528,
					"rtt":	562,
					"rttvar":	73,
					"pmtu":	1400,
					"omitted":	false,
					"sender":	true
				}],
			"sum":	{
				"start":	6.000085,
				"end":	7.000085,
				"seconds":	1,
				"bytes":	12500480,
				"bits_per_second":	100003840,
				"retransmits":	0,
				"omitted":	false,
				"sender":	true
			}
		}, {
			"streams":	[{
					"socket":	5,
					"start":	7.000085,
					"end":	8.000084,
					"seconds":	0.99999898672103882,
					"bytes":	12499456,
					"bits_per_second":	99995749.323589,
					"retransmits":	0,
					"snd_cwnd":	48528,
					"rtt":	738,
					"rttvar":	150,
					"pmtu":	1400,
					"omitted":	false,
					"sender":	true
				}],
			"sum":	{
				"start":	7.000085,
				"end":	8.000084,
				"seconds":	0.99999898672103882,
				"bytes":	12499456,
				"bits_per_second":	99995749.323589,
				"retransmits":	0,
				"omitted":	false,
				"sender":	true
			}
		}, {
			"streams":	[{
					"socket":	5,
					"start":	8.000084,
					"end":	9.000086,
					"seconds":	1.0000020265579224,
					"bytes":	12502016,
					"bits_per_second":	100015925.3119342,
					"retransmits":	0,
					"snd_cwnd":	64704,
					"rtt":	581,
					"rttvar":	125,
					"pmtu":	1400,
					"omitted":	false,
					"sender":	true
				}],
			"sum":	{
				"start":	8.000084,
				"end":	9.000086,
				"seconds":	1.0000020265579224,
				"bytes":	12502016,
				"bits_per_second":	100015925.3119342,
				"retransmits":	0,
				"omitted":	false,
				"sender":	true
			}
		}, {
			"streams":	[{
					"socket":	5,
					"start":	9.000086,
					"end":	10.000058,
					"seconds":	0.99997198581695557,
					"bytes":	12497920,
					"bits_per_second":	99986161.030617028,
					"retransmits":	0,
					"snd_cwnd":	64704,
					"rtt":	780,
					"rttvar":	205,
					"pmtu":	1400,
					"omitted":	false,
					"sender":	true
				}],
			"sum":	{
				"start":	9.000086,
				"end":	10.000058,
				"seconds":	0.99997198581695557,
				"bytes":	12497920,
				"bits_per_second":	99986161.030617028,
				"retransmits":	0,
				"omitted":	false,
				"sender":	true
			}
		}, {
			"streams":	[{
					"socket":	5,
					"start":	10.000058,
					"end":	11.000084,
					"seconds":	1.0000259876251221,
					"bytes":	12500992,
					"bits_per_second":	100005337.09878927,
					"retransmits":	0,
					"snd_cwnd":	64704,
					"rtt":	697,
					"rttvar":	106,
					"pmtu":	1400,
					"omitted":	false,
					"sender":	true
				}],
			"sum":	{
				"start":	10.000058,
				"end":	11.000084,
				"seconds":	1.0000259876251221,
				"bytes":	12500992,
				"bits_per_second":	100005337.09878927,
				"retransmits":	0,
				"omitted":	false,
				"sender":	true
			}
		}, {
			"streams":	[{
					"socket":	5,
					"start":	11.000084,
					"end":	12.000085,
					"seconds":	1.0000009536743164,
					"bytes":	12499456,
					"bits_per_second":	99995552.636809692,
					"retransmits":	0,
					"snd_cwnd":	64704,
					"rtt":	710,
					"rttvar":	122,
					"pmtu":	1400,
					"omitted":	false,
					"sender":	true
				}],
			"sum":	{
				"start":	11.000084,
				"end":	12.000085,
				"seconds":	1.0000009536743164,
				"bytes":	12499456,
				"bits_per_second":	99995552.636809692,
				"retransmits":	0,
				"omitted":	false,
				"sender":	true
			}
		}, {
			"streams":	[{
					"socket":	5,
					"start":	12.000085,
					"end":	13.00008,
					"seconds":	0.99999499320983887,
					"bytes":	12499968,
					"bits_per_second":	100000244.68024118,
					"retransmits":	0,
					"snd_cwnd":	64704,
					"rtt":	502,
					"rttvar":	52,
					"pmtu":	1400,
					"omitted":	false,
					"sender":	true
				}],
			"sum":	{
				"start":	12.000085,