{
	"start":	{
		"connected":	[{
				"socket":	5,
				"local_host":	"10.60.0.1",
				"local_port":	49071,
				"remote_host":	"172.16.10.3",
				"remote_port":	5201
			}],
		"version":	"iperf 3.7",
		"system_info":	"Linux ueransim1 5.4.0-169-generic #187-Ubuntu SMP Thu Nov 23 14:52:28 UTC 2023 x86_64",
		"timestamp":	{
			"time":	"Wed, 18 Jun 2025 15:44:51 GMT",
			"timesecs":	1750261491
		},
		"connecting_to":	{
			"host":	"172.16.10.3",
			"port":	5201
		},
		"cookie":	"ezcpnybtppwcmu6ewtb7nwbf3ma23geanitb",
		"tcp_mss_default":	1348,
		"target_bitrate":	500000000,
		"sock_bufsize":	0,
		"sndbuf_actual":	16384,
		"rcvbuf_actual":	131072,
		"test_start":	{
			"protocol":	"TCP",
			"num_streams":	1,
			"blksize":	128,
			"omit":	0,
			"duration":	30,
			"bytes":	0,
			"blocks":	0,
			"reverse":	0,
			"tos":	0
		}
	},
	"intervals":	[{
			"streams":	[{
					"socket":	5,
					"start":	0,
					"end":	1.000029,
					"seconds":	1.0000289678573608,
					"bytes":	27286400,
					"bits_per_second":	218284876.75482613,
					"retransmits":	0,
					"snd_cwnd":	36396,
					"rtt":	322,
					"rttvar":	19,
					"pmtu":	1400,
					"omitted":	false,
					"sender":	true
				}],
			"sum":	{
				"start":	0,
				"end":	1.000029,
				"seconds":	1.0000289678573608,
				"bytes":	27286400,
				"bits_per_second":	218284876.75482613,
				"retransmits":	0,
				"omitted":	false,
				"sender":	true
			}
		}, {
			"streams":	[{
					"socket":	5,
					"start":	1.000029,
					"end":	2.000016,
					"seconds":	0.999987006187439,
					"bytes":	27563776,
					"bits_per_second":	220513073.30554178,
					"retransmits":	0,
					"snd_cwnd":	39092,
					"rtt":	347,
					"rttvar":	37,
					"pmtu":	1400,
					"omitted":	false,
					"sender":	true
				}],
			"sum":	{
				"start":	1.000029,
				"end":	2.000016,
				"seconds":	0.999987006187439,
				"bytes":	27563776,
				"bits_per_second":	220513073.30554178,
				"retransmits":	0,
				"omitted":	false,
				"sender":	true
			}
		}, {
			"streams":	[{
					"socket":	5,
					"start":	2.000016,
					"end":	3.000017,
					"seconds":	1.0000009536743164,
					"bytes":	38083200,
					"bits_per_second":	304665309.44851929,
					"retransmits":	0,
					"snd_cwnd":	43136,
					"rtt":	363,
					"rttvar":	57,
					"pmtu":	1400,
					"omitted":	false,
					"sender":	true
				}],
			"sum":	{
				"start":	2.000016,
				"end":	3.000017,
				"seconds":	1.0000009536743164,
				"bytes":	38083200,
				"bits_per_second":	304665309.44851929,
				"retransmits":	0,
				"omitted":	false,
				"sender":	true
			}
		}, {
			"streams":	[{
					"socket":	5,
					"start":	3.000017,
					"end":	4.000017,
					"seconds":	1,
					"bytes":	39855104,
					"bits_per_second":	318840832,
					"retransmits":	0,
					"snd_cwnd":	43136,
					"rtt":	378,
					"rttvar":	50,
					"pmtu":	1400,
					"omitted":	false,
					"sender":	true
				}],
			"sum":	{
				"start":	3.000017,
				"end":	4.000017,
				"seconds":	1,
				"bytes":	39855104,
				"bits_per_second":	318840832,
				"retransmits":	0,
				"omitted":	false,
				"sender":	true
			}
		}, {
			"streams":	[{
					"socket":	5,
					"start":	4.000017,
					"end":	5.000036,
					"seconds":	1.0000189542770386,
					"bytes":	39843328,
					"bits_per_second":	318740582.5026958,
					"retransmits":	0,
					"snd_cwnd":	68748,
					"rtt":	367,
					"rttvar":	43,
					"pmtu":	1400,
					"omitted":	false,
					"sender":	true
				}],
			"sum":	{
				"start":	4.000017,
				"end":	5.000036,
				"seconds":	1.0000189542770386,
				"bytes":	39843328,
				"bits_per_second":	318740582.5026958,
				"retransmits":	0,
				"omitted":	false,
				"sender":	true
			}
		}, {
			"streams":	[{
					"socket":	5,
					"start":	5.000036,
					"end":	6.000029,
					"seconds":	0.99999302625656128,
					"bytes":	40007552,
					"bits_per_second":	320062648.03479171,
					"retransmits":	0,
					"snd_cwnd":	126712,
					"rtt":	324,
					"rttvar":	23,
					"pmtu":	1400,
					"omitted":	false,
					"sender":	true
				}],
			"sum":	{
				"start":	5.000036,
				"end":	6.000029,
				"seconds":	0.99999302625656128,
				"bytes":	40007552,
				"bits_per_second":	320062648.03479171,
				"retransmits":	0,
				"omitted":	false,
				"sender":	true
			}
		}, {
			"streams":	[{
					"socket":	5,
					"start":	6.000029,
					"end":	7.000018,
					"seconds":	0.99998897314071655,
					"bytes":	39986688,
					"bits_per_second":	319897031.4595511,
					"retransmits":	0,
					"snd_cwnd":	126712,
					"rtt":	376,
					"rttvar":	73,
					"pmtu":	1400,
					"omitted":	false,
					"sender":	true
				}],
			"sum":	{
				"start":	6.000029,
				"end":	7.000018,
				"seconds":	0.99998897314071655,
				"bytes":	39986688,
				"bits_per_second":	319897031.4595511,
				"retransmits":	0,
				"omitted":	false,
				"sender":	true
			}
		}, {
			"streams":	[{
					"socket":	5,
					"start":	7.000018,
					"end":	8.000017,
					"seconds":	0.99999898672103882,
					"bytes":	39996288,
					"bits_per_second":	319970628.21950579,
					"retransmits":	0,
					"snd_cwnd":	126712,
					"rtt":	402,
					"rttvar":	105,
					"pmtu":	1400,
					"omitted":	false,
					"sender":	true
				}],
			"sum":	{
				"start":	7.000018,
				"end":	8.000017,
				"seconds":	0.99999898672103882,
				"bytes":	39996288,
				"bits_per_second":	319970628.21950579,
				"retransmits":	0,
				"omitted":	false,
				"sender":	true
			}
		}, {
			"streams":	[{
					"socket":	5,
					"start":	8.000017,
					"end":	9.000017,
					"seconds":	1,
					"bytes":	40005504,
					"bits_per_second":	320044032,
					"retransmits":	0,
					"snd_cwnd":	126712,
					"rtt":	366,
					"rttvar":	34,
					"pmtu":	1400,
					"omitted":	false,
					"sender":	true
				}],
			"sum":	{
				"start":	8.000017,
				"end":	9.000017,
				"seconds":	1,
				"bytes":	40005504,
				"bits_per_second":	320044032,
				"retransmits":	0,
				"omitted":	false,
				"sender":	true
			}
		}, {
			"streams":	[{
					"socket":	5,
					"start":	9.000017,
					"end":	10.000017,
					"seconds":	1,
					"bytes":	35262208,
					"bits_per_second":	282097664,
					"retransmits":	0,
					"snd_cwnd":	126712,
					"rtt":	297,
					"rttvar":	9,
					"pmtu":	1400,
					"omitted":	false,
					"sender":	true
				}],
			"sum":	{
				"start":	9.000017,
				"end":	10.000017,
				"seconds":	1,
				"bytes":	35262208,
				"bits_per_second":	282097664,
				"retransmits":	0,
				"omitted":	false,
				"sender":	true
			}
		}, {
			"streams":	[{
					"socket":	5,
					"start":	10.000017,
					"end":	11.000017,
					"seconds":	1,
					"bytes":	36615680,
					"bits_per_second":	292925440,
					"retransmits":	0,
					"snd_cwnd":	126712,
					"rtt":	333,
					"rttvar":	26,
					"pmtu":	1400,
					"omitted":	false,
					"sender":	true
				}],
			"sum":	{
				"start":	10.000017,
				"end":	11.000017,
				"seconds":	1,
				"bytes":	36615680,
				"bits_per_second":	292925440,
				"retransmits":	0,
				"omitted":	false,
				"sender":	true
			}
		}, {
			"streams":	[{
					"socket":	5,
					"start":	11.000017,
					"end":	12.000019,
					"seconds":	1.0000020265579224,
					"bytes":	33291264,
					"bits_per_second":	266329572.26769537,
					"retransmits":	0,
					"snd_cwnd":	126712,
					"rtt":	298,
					"rttvar":	6,
					"pmtu":	1400,
					"omitted":	false,
					"sender":	true
				}],
			"sum":	{
				"start":	11.000017,
				"end":	12.000019,
				"seconds":	1.0000020265579224,
				"bytes":	33291264,
				"bits_per_second":	266329572.26769537,
				"retransmits":	0,
				"omitted":	false,
				"sender":	true
			}
		}, {
			"streams":	[{
					"socket":	5,
					"start":	12.000019,
					"end":	13.00002,
					"seconds":	1.0000009536743164,
					"bytes":	34630016,
					"bits_per_second":	277039863.79419726,
					"retransmits":	0,
					"snd_cwnd":	126712,
					"rtt":	300,
					"rttvar":	7,
					"pmtu":	1400,
					"omitted":	false,
					"sender":	true
				}],
			"sum":	{
				"start":	12.000019,
				"end":	13.00002,
				"seconds":	1.0000009536743164,
				"bytes":	34630016,
				"bits_per_second":	277039863.79419726,
				"retransmits":	0,