{
	"start":	{
		"connected":	[{
				"socket":	5,
				"local_host":	"10.60.0.1",
				"local_port":	45105,
				"remote_host":	"172.16.10.3",
				"remote_port":	5201
			}],
		"version":	"iperf 3.7",
		"system_info":	"Linux ueransim1 5.4.0-169-generic #187-Ubuntu SMP Thu Nov 23 14:52:28 UTC 2023 x86_64",
		"timestamp":	{
			"time":	"Wed, 18 Jun 2025 15:38:58 GMT",
			"timesecs":	1750261138
		},
		"connecting_to":	{
			"host":	"172.16.10.3",
			"port":	5201
		},
		"cookie":	"3d6puccszarrlac7pgpujxletn2g274oomuk",
		"tcp_mss_default":	1348,
		"target_bitrate":	100000000,
		"sock_bufsize":	0,
		"sndbuf_actual":	16384,
		"rcvbuf_actual":	131072,
		"test_start":	{
			"protocol":	"TCP",
			"num_streams":	1,
			"blksize":	128,
			"omit":	0,
			"duration":	30,
			"bytes":	0,
			"blocks":	0,
			"reverse":	0,
			"tos":	0
		}
	},
	"intervals":	[{
			"streams":	[{
					"socket":	5,
					"start":	0,
					"end":	1.000087,
					"seconds":	1.0000870227813721,
					"bytes":	12492032,
					"bits_per_second":	99927560.025790825,
					"retransmits":	0,
					"snd_cwnd":	29656,
					"rtt":	278,
					"rttvar":	19,
					"pmtu":	1400,
					"omitted":	false,
					"sender":	true
				}],
			"sum":	{
				"start":	0,
				"end":	1.000087,
				"seconds":	1.0000870227813721,
				"bytes":	12492032,
				"bits_per_second":	99927560.025790825,
				"retransmits":	0,
				"omitted":	false,
				"sender":	true
			}
		}, {
			"streams":	[{
					"socket":	5,
					"start":	1.000087,
					"end":	2.000084,
					"seconds":	0.99999701976776123,
					"bytes":	12499968,
					"bits_per_second":	100000042.02334912,
					"retransmits":	0,
					"snd_cwnd":	29656,
					"rtt":	361,
					"rttvar":	53,
					"pmtu":	1400,
					"omitted":	false,
					"sender":	true
				}],
			"sum":	{
				"start":	1.000087,
				"end":	2.000084,
				"seconds":	0.99999701976776123,
				"bytes":	12499968,
				"bits_per_second":	100000042.02334912,
				"retransmits":	0,
				"omitted":	false,
				"sender":	true
			}
		}, {
			"streams":	[{
					"socket":	5,
					"start":	2.000084,
					"end":	3.000085,
					"seconds":	1.0000009536743164,
					"bytes":	12499840,
					"bits_per_second":	99998624.63388,
					"retransmits":	0,
					"snd_cwnd":	29656,
					"rtt":	320,
					"rttvar":	45,
					"pmtu":	1400,
					"omitted":	false,
					"sender":	true
				}],
			"sum":	{
				"start":	2.000084,
				"end":	3.000085,
				"seconds":	1.0000009536743164,
				"bytes":	12499840,
				"bits_per_second":	99998624.63388,
				"retransmits":	0,
				"omitted":	false,
				"sender":	true
			}
		}, {
			"streams":	[{
					"socket":	5,
					"start":	3.000085,
					"end":	4.000086,
					"seconds":	1.0000009536743164,
					"bytes":	12499968,
					"bits_per_second":	99999648.632903442,
					"retransmits":	0,
					"snd_cwnd":	29656,
					"rtt":	356,
					"rttvar":	80,
					"pmtu":	1400,
					"omitted":	false,
					"sender":	true
				}],
			"sum":	{
				"start":	3.000085,
				"end":	4.000086,
				"seconds":	1.0000009536743164,
				"bytes":	12499968,
				"bits_per_second":	99999648.632903442,
				"retransmits":	0,
				"omitted":	false,
				"sender":	true
			}
		}, {
			"streams":	[{
					"socket":	5,
					"start":	4.000086,
					"end":	5.000082,
					"seconds":	0.9999960064888,
					"bytes":	12499840,
					"bits_per_second":	99999119.3476031,
					"retransmits":	0,
					"snd_cwnd":	29656,
					"rtt":	369,
					"rttvar":	99,
					"pmtu":	1400,
					"omitted":	false,
					"sender":	true
				}],
			"sum":	{
				"start":	4.000086,
				"end":	5.000082,
				"seconds":	0.9999960064888,
				"bytes":	12499840,
				"bits_per_second":	99999119.3476031,
				"retransmits":	0,
				"omitted":	false,
				"sender":	true
			}
		}, {
			"streams":	[{
					"socket":	5,
					"start":	5.000082,
					"end":	6.000083,
					"seconds":	1.0000009536743164,
					"bytes":	12499968,
					"bits_per_second":	99999648.632903442,
					"retransmits":	0,
					"snd_cwnd":	29656,
					"rtt":	445,
					"rttvar":	101,
					"pmtu":	1400,
					"omitted":	false,
					"sender":	true
				}],
			"sum":	{
				"start":	5.000082,
				"end":	6.000083,
				"seconds":	1.0000009536743164,
				"bytes":	12499968,
				"bits_per_second":	99999648.632903442,
				"retransmits":	0,
				"omitted":	false,
				"sender":	true
			}
		}, {
			"streams":	[{
					"socket":	5,
					"start":	6.000083,
					"end":	7.000084,
					"seconds":	1.0000009536743164,
					"bytes":	12499968,
					"bits_per_second":	99999648.632903442,
					"retransmits":	0,
					"snd_cwnd":	29656,
					"rtt":	358,
					"rttvar":	44,
					"pmtu":	1400,
					"omitted":	false,
					"sender":	true
				}],
			"sum":	{
				"start":	6.000083,
				"end":	7.000084,
				"seconds":	1.0000009536743164,
				"bytes":	12499968,
				"bits_per_second":	99999648.632903442,
				"retransmits":	0,
				"omitted":	false,
				"sender":	true
			}
		}, {
			"streams":	[{
					"socket":	5,
					"start":	7.000084,
					"end":	8.000087,
					"seconds":	1.0000029802322388,
					"bytes":	12501248,
					"bits_per_second":	100009685.94790974,
					"retransmits":	0,
					"snd_cwnd":	29656,
					"rtt":	496,
					"rttvar":	117,
					"pmtu":	1400,
					"omitted":	false,
					"sender":	true
				}],
			"sum":	{
				"start":	7.000084,
				"end":	8.000087,
				"seconds":	1.0000029802322388,
				"bytes":	12501248,
				"bits_per_second":	100009685.94790974,
				"retransmits":	0,
				"omitted":	false,
				"sender":	true
			}
		}, {
			"streams":	[{
					"socket":	5,
					"start":	8.000087,
					"end":	9.000086,
					"seconds":	0.99999898672103882,
					"bytes":	12499072,
					"bits_per_second":	99992677.3204762,
					"retransmits":	0,
					"snd_cwnd":	29656,
					"rtt":	326,
					"rttvar":	42,
					"pmtu":	1400,
					"omitted":	false,
					"sender":	true
				}],
			"sum":	{
				"start":	8.000087,
				"end":	9.000086,
				"seconds":	0.99999898672103882,
				"bytes":	12499072,
				"bits_per_second":	99992677.3204762,
				"retransmits":	0,
				"omitted":	false,
				"sender":	true
			}
		}, {
			"streams":	[{
					"socket":	5,
					"start":	9.000086,
					"end":	10.000087,
					"seconds":	1.0000009536743164,
					"bytes":	12500224,
					"bits_per_second":	100001696.63095033,
					"retransmits":	0,
					"snd_cwnd":	29656,
					"rtt":	318,
					"rttvar":	67,
					"pmtu":	1400,
					"omitted":	false,
					"sender":	true
				}],
			"sum":	{
				"start":	9.000086,
				"end":	10.000087,
				"seconds":	1.0000009536743164,
				"bytes":	12500224,
				"bits_per_second":	100001696.63095033,
				"retransmits":	0,
				"omitted":	false,
				"sender":	true
			}
		}, {
			"streams":	[{
					"socket":	5,
					"start":	10.000087,
					"end":	11.000088,
					"seconds":	1.0000009536743164,
					"bytes":	12499840,
					"bits_per_second":	99998624.63388,
					"retransmits":	0,
					"snd_cwnd":	29656,
					"rtt":	350,
					"rttvar":	126,
					"pmtu":	1400,
					"omitted":	false,
					"sender":	true
				}],
			"sum":	{
				"start":	10.000087,
				"end":	11.000088,
				"seconds":	1.0000009536743164,
				"bytes":	12499840,
				"bits_per_second":	99998624.63388,
				"retransmits":	0,
				"omitted":	false,
				"sender":	true
			}
		}, {
			"streams":	[{
					"socket":	5,
					"start":	11.000088,
					"end":	12.000088,
					"seconds":	1,
					"bytes":	12500096,
					"bits_per_second":	100000768,
					"retransmits":	0,
					"snd_cwnd":	29656,
					"rtt":	355,
					"rttvar":	126,
					"pmtu":	1400,
					"omitted":	false,
					"sender":	true
				}],
			"sum":	{
				"start":	11.000088,
				"end":	12.000088,
				"seconds":	1,
				"bytes":	12500096,
				"bits_per_second":	100000768,
				"retransmits":	0,
				"omitted":	false,
				"sender":	true
			}
		}, {
			"streams":	[{
					"socket":	5,
					"start":	12.000088,
					"end":	13.000086,
					"seconds":	0.99999797344207764,
					"bytes":	12500096,
					"bits_per_second":	100000970.65775932,
					"retransmits":	0,
					"snd_cwnd":	29656,
					"rtt":	377,
					"rttvar":	79,
					"pmtu":	1400,
					"omitted":	false,
					"sender":	true
				}],
			"sum":	{
				"start":	12.000088,