{
	"start":	{
		"connected":	[{
				"socket":	5,
				"local_host":	"10.60.0.1",
				"local_port":	50925,
				"remote_host":	"172.16.10.3",
				"remote_port":	5201
			}],
		"version":	"iperf 3.7",
		"system_info":	"Linux ueransim1 5.4.0-169-generic #187-Ubuntu SMP Thu Nov 23 14:52:28 UTC 2023 x86_64",
		"timestamp":	{
			"time":	"Wed, 18 Jun 2025 15:41:39 GMT",
			"timesecs":	1750261299
		},
		"connecting_to":	{
			"host":	"172.16.10.3",
			"port":	5201
		},
		"cookie":	"3dekuw2svubx2u7gv4faupxl53lb5yyyqiau",
		"tcp_mss_default":	1348,
		"target_bitrate":	100000000,
		"sock_bufsize":	0,
		"sndbuf_actual":	16384,
		"rcvbuf_actual":	131072,
		"test_start":	{
			"protocol":	"TCP",
			"num_streams":	1,
			"blksize":	1518,
			"omit":	0,
			"duration":	30,
			"bytes":	0,
			"blocks":	0,
			"reverse":	0,
			"tos":	0
		}
	},
	"intervals":	[{
			"streams":	[{
					"socket":	5,
					"start":	0,
					"end":	1.000084,
					"seconds":	1.0000840425491333,
					"bytes":	12490104,
					"bits_per_second":	99912435.104263723,
					"retransmits":	0,
					"snd_cwnd":	41788,
					"rtt":	501,
					"rttvar":	244,
					"pmtu":	1400,
					"omitted":	false,
					"sender":	true
				}],
			"sum":	{
				"start":	0,
				"end":	1.000084,
				"seconds":	1.0000840425491333,
				"bytes":	12490104,
				"bits_per_second":	99912435.104263723,
				"retransmits":	0,
				"omitted":	false,
				"sender":	true
			}
		}, {
			"streams":	[{
					"socket":	5,
					"start":	1.000084,
					"end":	2.000092,
					"seconds":	1.0000079870224,
					"bytes":	12499212,
					"bits_per_second":	99992897.354489,
					"retransmits":	0,
					"snd_cwnd":	41788,
					"rtt":	752,
					"rttvar":	96,
					"pmtu":	1400,
					"omitted":	false,
					"sender":	true
				}],
			"sum":	{
				"start":	1.000084,
				"end":	2.000092,
				"seconds":	1.0000079870224,
				"bytes":	12499212,
				"bits_per_second":	99992897.354489,
				"retransmits":	0,
				"omitted":	false,
				"sender":	true
			}
		}, {
			"streams":	[{
					"socket":	5,
					"start":	2.000092,
					"end":	3.000086,
					"seconds":	0.99999397993087769,
					"bytes":	12500730,
					"bits_per_second":	100006442.04569378,
					"retransmits":	0,
					"snd_cwnd":	43136,
					"rtt":	635,
					"rttvar":	224,
					"pmtu":	1400,
					"omitted":	false,
					"sender":	true
				}],
			"sum":	{
				"start":	2.000092,
				"end":	3.000086,
				"seconds":	0.99999397993087769,
				"bytes":	12500730,
				"bits_per_second":	100006442.04569378,
				"retransmits":	0,
				"omitted":	false,
				"sender":	true
			}
		}, {
			"streams":	[{
					"socket":	5,
					"start":	3.000086,
					"end":	4.000082,
					"seconds":	0.9999960064888,
					"bytes":	12499212,
					"bits_per_second":	99994095.327539623,
					"retransmits":	0,
					"snd_cwnd":	43136,
					"rtt":	667,
					"rttvar":	181,
					"pmtu":	1400,
					"omitted":	false,
					"sender":	true
				}],
			"sum":	{
				"start":	3.000086,
				"end":	4.000082,
				"seconds":	0.9999960064888,
				"bytes":	12499212,
				"bits_per_second":	99994095.327539623,
				"retransmits":	0,
				"omitted":	false,
				"sender":	true
			}
		}, {
			"streams":	[{
					"socket":	5,
					"start":	4.000082,
					"end":	5.000089,
					"seconds":	1.0000070333480835,
					"bytes":	12502248,
					"bits_per_second":	100017280.54365157,
					"retransmits":	0,
					"snd_cwnd":	43136,
					"rtt":	711,
					"rttvar":	104,
					"pmtu":	1400,
					"omitted":	false,
					"sender":	true
				}],
			"sum":	{
				"start":	4.000082,
				"end":	5.000089,
				"seconds":	1.0000070333480835,
				"bytes":	12502248,
				"bits_per_second":	100017280.54365157,
				"retransmits":	0,
				"omitted":	false,
				"sender":	true
			}
		}, {
			"streams":	[{
					"socket":	5,
					"start":	5.000089,
					"end":	6.000088,
					"seconds":	0.99999898672103882,
					"bytes":	12499212,
					"bits_per_second":	99993797.321611077,
					"retransmits":	0,
					"snd_cwnd":	43136,
					"rtt":	715,
					"rttvar":	60,
					"pmtu":	1400,
					"omitted":	false,
					"sender":	true
				}],
			"sum":	{
				"start":	5.000089,
				"end":	6.000088,
				"seconds":	0.99999898672103882,
				"bytes":	12499212,
				"bits_per_second":	99993797.321611077,
				"retransmits":	0,
				"omitted":	false,
				"sender":	true
			}
		}, {
			"streams":	[{
					"socket":	5,
					"start":	6.000088,
					"end":	7.000086,
					"seconds":	0.99999797344207764,
					"bytes":	12499212,
					"bits_per_second":	99993898.643427491,
					"retransmits":	0,
					"snd_cwnd":	43136,
					"rtt":	689,
					"rttvar":	143,
					"pmtu":	1400,
					"omitted":	false,
					"sender":	true
				}],
			"sum":	{
				"start":	6.000088,
				"end":	7.000086,
				"seconds":	0.99999797344207764,
				"bytes":	12499212,
				"bits_per_second":	99993898.643427491,
				"retransmits":	0,
				"omitted":	false,
				"sender":	true
			}
		}, {
			"streams":	[{
					"socket":	5,
					"start":	7.000086,
					"end":	8.000086,
					"seconds":	1,
					"bytes":	12500730,
					"bits_per_second":	100005840,
					"retransmits":	0,
					"snd_cwnd":	51224,
					"rtt":	682,
					"rttvar":	95,
					"pmtu":	1400,
					"omitted":	false,
					"sender":	true
				}],
			"sum":	{
				"start":	7.000086,
				"end":	8.000086,
				"seconds":	1,
				"bytes":	12500730,
				"bits_per_second":	100005840,
				"retransmits":	0,
				"omitted":	false,
				"sender":	true
			}
		}, {
			"streams":	[{
					"socket":	5,
					"start":	8.000086,
					"end":	9.00006,
					"seconds":	0.99997401237487793,
					"bytes":	12499212,
					"bits_per_second":	99996294.666219383,
					"retransmits":	0,
					"snd_cwnd":	51224,
					"rtt":	712,
					"rttvar":	69,
					"pmtu":	1400,
					"omitted":	false,
					"sender":	true
				}],
			"sum":	{
				"start":	8.000086,
				"end":	9.00006,
				"seconds":	0.99997401237487793,
				"bytes":	12499212,
				"bits_per_second":	99996294.666219383,
				"retransmits":	0,
				"omitted":	false,
				"sender":	true
			}
		}, {
			"streams":	[{
					"socket":	5,
					"start":	9.00006,
					"end":	10.000087,
					"seconds":	1.0000269412994385,
					"bytes":	12499212,
					"bits_per_second":	99991002.11247094,
					"retransmits":	0,
					"snd_cwnd":	51224,
					"rtt":	515,
					"rttvar":	134,
					"pmtu":	1400,
					"omitted":	false,
					"sender":	true
				}],
			"sum":	{
				"start":	9.00006,
				"end":	10.000087,
				"seconds":	1.0000269412994385,
				"bytes":	12499212,
				"bits_per_second":	99991002.11247094,
				"retransmits":	0,
				"omitted":	false,
				"sender":	true
			}
		}, {
			"streams":	[{
					"socket":	5,
					"start":	10.000087,
					"end":	11.000082,
					"seconds":	0.99999499320983887,
					"bytes":	12500730,
					"bits_per_second":	100006340.71076272,
					"retransmits":	0,
					"snd_cwnd":	51224,
					"rtt":	647,
					"rttvar":	145,
					"pmtu":	1400,
					"omitted":	false,
					"sender":	true
				}],
			"sum":	{
				"start":	10.000087,
				"end":	11.000082,
				"seconds":	0.99999499320983887,
				"bytes":	12500730,
				"bits_per_second":	100006340.71076272,
				"retransmits":	0,
				"omitted":	false,
				"sender":	true
			}
		}, {
			"streams":	[{
					"socket":	5,
					"start":	11.000082,
					"end":	12.000076,
					"seconds":	0.99999397993087769,
					"bytes":	12499212,
					"bits_per_second":	99994297.972585633,
					"retransmits":	0,
					"snd_cwnd":	51224,
					"rtt":	590,
					"rttvar":	74,
					"pmtu":	1400,
					"omitted":	false,
					"sender":	true
				}],
			"sum":	{
				"start":	11.000082,
				"end":	12.000076,
				"seconds":	0.99999397993087769,
				"bytes":	12499212,
				"bits_per_second":	99994297.972585633,
				"retransmits":	0,
				"omitted":	false,
				"sender":	true
			}
		}, {
			"streams":	[{
					"socket":	5,
					"start":	12.000076,
					"end":	13.00008,
					"seconds":	1.0000040531158447,
					"bytes":	12500730,
					"bits_per_second":	100005434.6663882,
					"retransmits":	0,
					"snd_cwnd":	51224,
					"rtt":	700,
					"rttvar":	118,
					"pmtu":	1400,
					"omitted":	false,
					"sender":	true
				}],
			"sum":	{
				"start":	12.000076,