{
	"start":	{
		"connected":	[{
				"socket":	5,
				"local_host":	"10.60.0.1",
				"local_port":	33929,
				"remote_host":	"172.16.10.3",
				"remote_port":	5201
			}],
		"version":	"iperf 3.7",
		"system_info":	"Linux ueransim1 5.4.0-169-generic #187-Ubuntu SMP Thu Nov 23 14:52:28 UTC 2023 x86_64",
		"timestamp":	{
			"time":	"Wed, 18 Jun 2025 15:36:18 GMT",
			"timesecs":	1750260978
		},
		"connecting_to":	{
			"host":	"172.16.10.3",
			"port":	5201
		},
		"cookie":	"nlh3kvqu756hlkez7sprbbtuegtkxiikyryr",
		"tcp_mss_default":	1348,
		"target_bitrate":	100000000,
		"sock_bufsize":	0,
		"sndbuf_actual":	16384,
		"rcvbuf_actual":	131072,
		"test_start":	{
			"protocol":	"TCP",
			"num_streams":	1,
			"blksize":	64,
			"omit":	0,
			"duration":	30,
			"bytes":	0,
			"blocks":	0,
			"reverse":	0,
			"tos":	0
		}
	},
	"intervals":	[{
			"streams":	[{
					"socket":	5,
					"start":	0,
					"end":	1.000062,
					"seconds":	1.0000619888305664,
					"bytes":	12489856,
					"bits_per_second":	99912654.531386808,
					"retransmits":	0,
					"snd_cwnd":	24264,
					"rtt":	352,
					"rttvar":	97,
					"pmtu":	1400,
					"omitted":	false,
					"sender":	true
				}],
			"sum":	{
				"start":	0,
				"end":	1.000062,
				"seconds":	1.0000619888305664,
				"bytes":	12489856,
				"bits_per_second":	99912654.531386808,
				"retransmits":	0,
				"omitted":	false,
				"sender":	true
			}
		}, {
			"streams":	[{
					"socket":	5,
					"start":	1.000062,
					"end":	2.000004,
					"seconds":	0.99994200468063354,
					"bytes":	12509632,
					"bits_per_second":	100082860.33744837,
					"retransmits":	0,
					"snd_cwnd":	25612,
					"rtt":	301,
					"rttvar":	33,
					"pmtu":	1400,
					"omitted":	false,
					"sender":	true
				}],
			"sum":	{
				"start":	1.000062,
				"end":	2.000004,
				"seconds":	0.99994200468063354,
				"bytes":	12509632,
				"bits_per_second":	100082860.33744837,
				"retransmits":	0,
				"omitted":	false,
				"sender":	true
			}
		}, {
			"streams":	[{
					"socket":	5,
					"start":	2.000004,
					"end":	3.000005,
					"seconds":	1.0000009536743164,
					"bytes":	12499264,
					"bits_per_second":	99994016.638274536,
					"retransmits":	0,
					"snd_cwnd":	25612,
					"rtt":	300,
					"rttvar":	36,
					"pmtu":	1400,
					"omitted":	false,
					"sender":	true
				}],
			"sum":	{
				"start":	2.000004,
				"end":	3.000005,
				"seconds":	1.0000009536743164,
				"bytes":	12499264,
				"bits_per_second":	99994016.638274536,
				"retransmits":	0,
				"omitted":	false,
				"sender":	true
			}
		}, {
			"streams":	[{
					"socket":	5,
					"start":	3.000005,
					"end":	4.000006,
					"seconds":	1.0000009536743164,
					"bytes":	12500800,
					"bits_per_second":	100006304.6265558,
					"retransmits":	0,
					"snd_cwnd":	25612,
					"rtt":	343,
					"rttvar":	104,
					"pmtu":	1400,
					"omitted":	false,
					"sender":	true
				}],
			"sum":	{
				"start":	3.000005,
				"end":	4.000006,
				"seconds":	1.0000009536743164,
				"bytes":	12500800,
				"bits_per_second":	100006304.6265558,
				"retransmits":	0,
				"omitted":	false,
				"sender":	true
			}
		}, {
			"streams":	[{
					"socket":	5,
					"start":	4.000006,
					"end":	5.000007,
					"seconds":	1.0000009536743164,
					"bytes":	12497536,
					"bits_per_second":	99980192.651458114,
					"retransmits":	0,
					"snd_cwnd":	25612,
					"rtt":	326,
					"rttvar":	48,
					"pmtu":	1400,
					"omitted":	false,
					"sender":	true
				}],
			"sum":	{
				"start":	4.000006,
				"end":	5.000007,
				"seconds":	1.0000009536743164,
				"bytes":	12497536,
				"bits_per_second":	99980192.651458114,
				"retransmits":	0,
				"omitted":	false,
				"sender":	true
			}
		}, {
			"streams":	[{
					"socket":	5,
					"start":	5.000007,
					"end":	6.000058,
					"seconds":	1.0000510215759277,
					"bytes":	12499648,
					"bits_per_second":	99992082.246383488,
					"retransmits":	0,
					"snd_cwnd":	33700,
					"rtt":	329,
					"rttvar":	40,
					"pmtu":	1400,
					"omitted":	false,
					"sender":	true
				}],
			"sum":	{
				"start":	5.000007,
				"end":	6.000058,
				"seconds":	1.0000510215759277,
				"bytes":	12499648,
				"bits_per_second":	99992082.246383488,
				"retransmits":	0,
				"omitted":	false,
				"sender":	true
			}
		}, {
			"streams":	[{
					"socket":	5,
					"start":	6.000058,
					"end":	7.000004,
					"seconds":	0.9999459981918335,
					"bytes":	12501120,
					"bits_per_second":	100014360.95633426,
					"retransmits":	0,
					"snd_cwnd":	33700,
					"rtt":	386,
					"rttvar":	133,
					"pmtu":	1400,
					"omitted":	false,
					"sender":	true
				}],
			"sum":	{
				"start":	6.000058,
				"end":	7.000004,
				"seconds":	0.9999459981918335,
				"bytes":	12501120,
				"bits_per_second":	100014360.95633426,
				"retransmits":	0,
				"omitted":	false,
				"sender":	true
			}
		}, {
			"streams":	[{
					"socket":	5,
					"start":	7.000004,
					"end":	8.000059,
					"seconds":	1.0000549554824829,
					"bytes":	12498304,
					"bits_per_second":	99980937.499340624,
					"retransmits":	0,
					"snd_cwnd":	33700,
					"rtt":	328,
					"rttvar":	54,
					"pmtu":	1400,
					"omitted":	false,
					"sender":	true
				}],
			"sum":	{
				"start":	7.000004,
				"end":	8.000059,
				"seconds":	1.0000549554824829,
				"bytes":	12498304,
				"bits_per_second":	99980937.499340624,
				"retransmits":	0,
				"omitted":	false,
				"sender":	true
			}
		}, {
			"streams":	[{
					"socket":	5,
					"start":	8.000059,
					"end":	9.000019,
					"seconds":	0.99996000528335571,
					"bytes":	12497344,
					"bits_per_second":	99982750.781786829,
					"retransmits":	0,
					"snd_cwnd":	33700,
					"rtt":	296,
					"rttvar":	27,
					"pmtu":	1400,
					"omitted":	false,
					"sender":	true
				}],
			"sum":	{
				"start":	8.000059,
				"end":	9.000019,
				"seconds":	0.99996000528335571,
				"bytes":	12497344,
				"bits_per_second":	99982750.781786829,
				"retransmits":	0,
				"omitted":	false,
				"sender":	true
			}
		}, {
			"streams":	[{
					"socket":	5,
					"start":	9.000019,
					"end":	10.000005,
					"seconds":	0.99998599290847778,
					"bytes":	12506368,
					"bits_per_second":	100052345.44235963,
					"retransmits":	0,
					"snd_cwnd":	33700,
					"rtt":	349,
					"rttvar":	61,
					"pmtu":	1400,
					"omitted":	false,
					"sender":	true
				}],
			"sum":	{
				"start":	9.000019,
				"end":	10.000005,
				"seconds":	0.99998599290847778,
				"bytes":	12506368,
				"bits_per_second":	100052345.44235963,
				"retransmits":	0,
				"omitted":	false,
				"sender":	true
			}
		}, {
			"streams":	[{
					"socket":	5,
					"start":	10.000005,
					"end":	11.000059,
					"seconds":	1.0000540018081665,
					"bytes":	12492736,
					"bits_per_second":	99936491.248770744,
					"retransmits":	0,
					"snd_cwnd":	33700,
					"rtt":	329,
					"rttvar":	36,
					"pmtu":	1400,
					"omitted":	false,
					"sender":	true
				}],
			"sum":	{
				"start":	10.000005,
				"end":	11.000059,
				"seconds":	1.0000540018081665,
				"bytes":	12492736,
				"bits_per_second":	99936491.248770744,
				"retransmits":	0,
				"omitted":	false,
				"sender":	true
			}
		}, {
			"streams":	[{
					"socket":	5,
					"start":	11.000059,
					"end":	12.000057,
					"seconds":	0.99999797344207764,
					"bytes":	12504320,
					"bits_per_second":	100034762.72624092,
					"retransmits":	0,
					"snd_cwnd":	33700,
					"rtt":	302,
					"rttvar":	33,
					"pmtu":	1400,
					"omitted":	false,
					"sender":	true
				}],
			"sum":	{
				"start":	11.000059,
				"end":	12.000057,
				"seconds":	0.99999797344207764,
				"bytes":	12504320,
				"bits_per_second":	100034762.72624092,
				"retransmits":	0,
				"omitted":	false,
				"sender":	true
			}
		}, {
			"streams":	[{
					"socket":	5,
					"start":	12.000057,
					"end":	13.000057,
					"seconds":	1,
					"bytes":	12501760,
					"bits_per_second":	100014080,
					"retransmits":	0,
					"snd_cwnd":	33700,
					"rtt":	303,
					"rttvar":	46,
					"pmtu":	1400,
					"omitted":	false,
					"sender":	true
				}],