{
	"start":	{
		"connected":	[{
				"socket":	5,
				"local_host":	"10.60.0.1",
				"local_port":	58057,
				"remote_host":	"172.16.10.3",
				"remote_port":	5201
			}],
		"version":	"iperf 3.7",
		"system_info":	"Linux ueransim1 5.4.0-169-generic #187-Ubuntu SMP Thu Nov 23 14:52:28 UTC 2023 x86_64",
		"timestamp":	{
			"time":	"Wed, 18 Jun 2025 15:49:07 GMT",
			"timesecs":	1750261747
		},
		"connecting_to":	{
			"host":	"172.16.10.3",
			"port":	5201
		},
		"cookie":	"m7vyudcomzwlmgzynkf3y3rrkyde776h277u",
		"tcp_mss_default":	1348,
		"target_bitrate":	1000000000,
		"sock_bufsize":	0,
		"sndbuf_actual":	16384,
		"rcvbuf_actual":	131072,
		"test_start":	{
			"protocol":	"TCP",
			"num_streams":	1,
			"blksize":	64,
			"omit":	0,
			"duration":	30,
			"bytes":	0,
			"blocks":	0,
			"reverse":	0,
			"tos":	0
		}
	},
	"intervals":	[{
			"streams":	[{
					"socket":	5,
					"start":	0,
					"end":	1.000002,
					"seconds":	1.0000020265579224,
					"bytes":	19550144,
					"bits_per_second":	156400835.04464868,
					"retransmits":	0,
					"snd_cwnd":	32352,
					"rtt":	491,
					"rttvar":	24,
					"pmtu":	1400,
					"omitted":	false,
					"sender":	true
				}],
			"sum":	{
				"start":	0,
				"end":	1.000002,
				"seconds":	1.0000020265579224,
				"bytes":	19550144,
				"bits_per_second":	156400835.04464868,
				"retransmits":	0,
				"omitted":	false,
				"sender":	true
			}
		}, {
			"streams":	[{
					"socket":	5,
					"start":	1.000002,
					"end":	2.000003,
					"seconds":	1.0000009536743164,
					"bytes":	20795328,
					"bits_per_second":	166362465.34438959,
					"retransmits":	0,
					"snd_cwnd":	33700,
					"rtt":	503,
					"rttvar":	65,
					"pmtu":	1400,
					"omitted":	false,
					"sender":	true
				}],
			"sum":	{
				"start":	1.000002,
				"end":	2.000003,
				"seconds":	1.0000009536743164,
				"bytes":	20795328,
				"bits_per_second":	166362465.34438959,
				"retransmits":	0,
				"omitted":	false,
				"sender":	true
			}
		}, {
			"streams":	[{
					"socket":	5,
					"start":	2.000003,
					"end":	3.000017,
					"seconds":	1.0000139474868774,
					"bytes":	20799616,
					"bits_per_second":	166394607.21339941,
					"retransmits":	0,
					"snd_cwnd":	33700,
					"rtt":	600,
					"rttvar":	107,
					"pmtu":	1400,
					"omitted":	false,
					"sender":	true
				}],
			"sum":	{
				"start":	2.000003,
				"end":	3.000017,
				"seconds":	1.0000139474868774,
				"bytes":	20799616,
				"bits_per_second":	166394607.21339941,
				"retransmits":	0,
				"omitted":	false,
				"sender":	true
			}
		}, {
			"streams":	[{
					"socket":	5,
					"start":	3.000017,
					"end":	4.000002,
					"seconds":	0.9999849796295166,
					"bytes":	20783616,
					"bits_per_second":	166271425.45841119,
					"retransmits":	0,
					"snd_cwnd":	33700,
					"rtt":	493,
					"rttvar":	80,
					"pmtu":	1400,
					"omitted":	false,
					"sender":	true
				}],
			"sum":	{
				"start":	3.000017,
				"end":	4.000002,
				"seconds":	0.9999849796295166,
				"bytes":	20783616,
				"bits_per_second":	166271425.45841119,
				"retransmits":	0,
				"omitted":	false,
				"sender":	true
			}
		}, {
			"streams":	[{
					"socket":	5,
					"start":	4.000002,
					"end":	5.000003,
					"seconds":	1.0000009536743164,
					"bytes":	20771392,
					"bits_per_second":	166170977.5270066,
					"retransmits":	0,
					"snd_cwnd":	33700,
					"rtt":	605,
					"rttvar":	67,
					"pmtu":	1400,
					"omitted":	false,
					"sender":	true
				}],
			"sum":	{
				"start":	4.000002,
				"end":	5.000003,
				"seconds":	1.0000009536743164,
				"bytes":	20771392,
				"bits_per_second":	166170977.5270066,
				"retransmits":	0,
				"omitted":	false,
				"sender":	true
			}
		}, {
			"streams":	[{
					"socket":	5,
					"start":	5.000003,
					"end":	6.000002,
					"seconds":	0.99999898672103882,
					"bytes":	20703872,
					"bits_per_second":	165631143.83055335,
					"retransmits":	0,
					"snd_cwnd":	52572,
					"rtt":	610,
					"rttvar":	94,
					"pmtu":	1400,
					"omitted":	false,
					"sender":	true
				}],
			"sum":	{
				"start":	5.000003,
				"end":	6.000002,
				"seconds":	0.99999898672103882,
				"bytes":	20703872,
				"bits_per_second":	165631143.83055335,
				"retransmits":	0,
				"omitted":	false,
				"sender":	true
			}
		}, {
			"streams":	[{
					"socket":	5,
					"start":	6.000002,
					"end":	7.000018,
					"seconds":	1.0000159740447998,
					"bytes":	20758912,
					"bits_per_second":	166068643.21205348,
					"retransmits":	0,
					"snd_cwnd":	52572,
					"rtt":	790,
					"rttvar":	113,
					"pmtu":	1400,
					"omitted":	false,
					"sender":	true
				}],
			"sum":	{
				"start":	6.000002,
				"end":	7.000018,
				"seconds":	1.0000159740447998,
				"bytes":	20758912,
				"bits_per_second":	166068643.21205348,
				"retransmits":	0,
				"omitted":	false,
				"sender":	true
			}
		}, {
			"streams":	[{
					"socket":	5,
					"start":	7.000018,
					"end":	8.000002,
					"seconds":	0.9999840259552002,
					"bytes":	20781632,
					"bits_per_second":	166255711.77618814,
					"retransmits":	0,
					"snd_cwnd":	52572,
					"rtt":	592,
					"rttvar":	79,
					"pmtu":	1400,
					"omitted":	false,
					"sender":	true
				}],
			"sum":	{
				"start":	7.000018,
				"end":	8.000002,
				"seconds":	0.9999840259552002,
				"bytes":	20781632,
				"bits_per_second":	166255711.77618814,
				"retransmits":	0,
				"omitted":	false,
				"sender":	true
			}
		}, {
			"streams":	[{
					"socket":	5,
					"start":	8.000002,
					"end":	9.000003,
					"seconds":	1.0000009536743164,
					"bytes":	20810688,
					"bits_per_second":	166485345.22720221,
					"retransmits":	0,
					"snd_cwnd":	52572,
					"rtt":	626,
					"rttvar":	172,
					"pmtu":	1400,
					"omitted":	false,
					"sender":	true
				}],
			"sum":	{
				"start":	8.000002,
				"end":	9.000003,
				"seconds":	1.0000009536743164,
				"bytes":	20810688,
				"bits_per_second":	166485345.22720221,
				"retransmits":	0,
				"omitted":	false,
				"sender":	true
			}
		}, {
			"streams":	[{
					"socket":	5,
					"start":	9.000003,
					"end":	10.000002,
					"seconds":	0.99999898672103882,
					"bytes":	20802112,
					"bits_per_second":	166417064.62691036,
					"retransmits":	0,
					"snd_cwnd":	52572,
					"rtt":	604,
					"rttvar":	16,
					"pmtu":	1400,
					"omitted":	false,
					"sender":	true
				}],
			"sum":	{
				"start":	9.000003,
				"end":	10.000002,
				"seconds":	0.99999898672103882,
				"bytes":	20802112,
				"bits_per_second":	166417064.62691036,
				"retransmits":	0,
				"omitted":	false,
				"sender":	true
			}
		}, {
			"streams":	[{
					"socket":	5,
					"start":	10.000002,
					"end":	11.000003,
					"seconds":	1.0000009536743164,
					"bytes":	20807552,
					"bits_per_second":	166460257.25112796,
					"retransmits":	0,
					"snd_cwnd":	52572,
					"rtt":	571,
					"rttvar":	23,
					"pmtu":	1400,
					"omitted":	false,
					"sender":	true
				}],
			"sum":	{
				"start":	10.000002,
				"end":	11.000003,
				"seconds":	1.0000009536743164,
				"bytes":	20807552,
				"bits_per_second":	166460257.25112796,
				"retransmits":	0,
				"omitted":	false,
				"sender":	true
			}
		}, {
			"streams":	[{
					"socket":	5,
					"start":	11.000003,
					"end":	12.000004,
					"seconds":	1.0000009536743164,
					"bytes":	20785600,
					"bits_per_second":	166284641.41860828,
					"retransmits":	0,
					"snd_cwnd":	52572,
					"rtt":	720,
					"rttvar":	64,
					"pmtu":	1400,
					"omitted":	false,
					"sender":	true
				}],
			"sum":	{
				"start":	11.000003,
				"end":	12.000004,
				"seconds":	1.0000009536743164,
				"bytes":	20785600,
				"bits_per_second":	166284641.41860828,
				"retransmits":	0,
				"omitted":	false,
				"sender":	true
			}
		}, {
			"streams":	[{
					"socket":	5,
					"start":	12.000004,
					"end":	13.000002,
					"seconds":	0.99999797344207764,
					"bytes":	20794816,
					"bits_per_second":	166358865.13587609,
					"retransmits":	0,
					"snd_cwnd":	52572,
					"rtt":	509,
					"rttvar":	121,
					"pmtu":	1400,
					"omitted":	false,