{
	"start":	{
		"connected":	[{
				"socket":	5,
				"local_host":	"10.60.0.1",
				"local_port":	60967,
				"remote_host":	"172.16.10.3",
				"remote_port":	5201
			}],
		"version":	"iperf 3.7",
		"system_info":	"Linux ueransim1 5.4.0-169-generic #187-Ubuntu SMP Thu Nov 23 14:52:28 UTC 2023 x86_64",
		"timestamp":	{
			"time":	"Wed, 18 Jun 2025 15:53:55 GMT",
			"timesecs":	1750262035
		},
		"connecting_to":	{
			"host":	"172.16.10.3",
			"port":	5201
		},
		"cookie":	"l5tkhgneb45ln3l5j5q2abnfnzgszrhuewv2",
		"tcp_mss_default":	1348,
		"target_bitrate":	1000000000,
		"sock_bufsize":	0,
		"sndbuf_actual":	16384,
		"rcvbuf_actual":	131072,
		"test_start":	{
			"protocol":	"TCP",
			"num_streams":	1,
			"blksize":	1518,
			"omit":	0,
			"duration":	30,
			"bytes":	0,
			"blocks":	0,
			"reverse":	0,
			"tos":	0
		}
	},
	"intervals":	[{
			"streams":	[{
					"socket":	5,
					"start":	0,
					"end":	1.000007,
					"seconds":	1.0000070333480835,
					"bytes":	119114424,
					"bits_per_second":	952908689.8614924,
					"retransmits":	2,
					"snd_cwnd":	750836,
					"rtt":	6108,
					"rttvar":	67,
					"pmtu":	1400,
					"omitted":	false,
					"sender":	true
				}],
			"sum":	{
				"start":	0,
				"end":	1.000007,
				"seconds":	1.0000070333480835,
				"bytes":	119114424,
				"bits_per_second":	952908689.8614924,
				"retransmits":	2,
				"omitted":	false,
				"sender":	true
			}
		}, {
			"streams":	[{
					"socket":	5,
					"start":	1.000007,
					"end":	2.000008,
					"seconds":	1.0000009536743164,
					"bytes":	117175938,
					"bits_per_second":	937406610.019392,
					"retransmits":	1,
					"snd_cwnd":	621428,
					"rtt":	4997,
					"rttvar":	65,
					"pmtu":	1400,
					"omitted":	false,
					"sender":	true
				}],
			"sum":	{
				"start":	1.000007,
				"end":	2.000008,
				"seconds":	1.0000009536743164,
				"bytes":	117175938,
				"bits_per_second":	937406610.019392,
				"retransmits":	1,
				"omitted":	false,
				"sender":	true
			}
		}, {
			"streams":	[{
					"socket":	5,
					"start":	2.000008,
					"end":	3.000003,
					"seconds":	0.99999499320983887,
					"bytes":	117172902,
					"bits_per_second":	937387909.3045615,
					"retransmits":	0,
					"snd_cwnd":	745444,
					"rtt":	6045,
					"rttvar":	86,
					"pmtu":	1400,
					"omitted":	false,
					"sender":	true
				}],
			"sum":	{
				"start":	2.000008,
				"end":	3.000003,
				"seconds":	0.99999499320983887,
				"bytes":	117172902,
				"bits_per_second":	937387909.3045615,
				"retransmits":	0,
				"omitted":	false,
				"sender":	true
			}
		}, {
			"streams":	[{
					"socket":	5,
					"start":	3.000003,
					"end":	4.000008,
					"seconds":	1.0000050067901611,
					"bytes":	117168348,
					"bits_per_second":	937342090.92484152,
					"retransmits":	1,
					"snd_cwnd":	629516,
					"rtt":	5060,
					"rttvar":	117,
					"pmtu":	1400,
					"omitted":	false,
					"sender":	true
				}],
			"sum":	{
				"start":	3.000003,
				"end":	4.000008,
				"seconds":	1.0000050067901611,
				"bytes":	117168348,
				"bits_per_second":	937342090.92484152,
				"retransmits":	1,
				"omitted":	false,
				"sender":	true
			}
		}, {
			"streams":	[{
					"socket":	5,
					"start":	4.000008,
					"end":	5.00001,
					"seconds":	1.0000020265579224,
					"bytes":	117172902,
					"bits_per_second":	937381316.34246707,
					"retransmits":	0,
					"snd_cwnd":	752184,
					"rtt":	6173,
					"rttvar":	185,
					"pmtu":	1400,
					"omitted":	false,
					"sender":	true
				}],
			"sum":	{
				"start":	4.000008,
				"end":	5.00001,
				"seconds":	1.0000020265579224,
				"bytes":	117172902,
				"bits_per_second":	937381316.34246707,
				"retransmits":	0,
				"omitted":	false,
				"sender":	true
			}
		}, {
			"streams":	[{
					"socket":	5,
					"start":	5.00001,
					"end":	6.000003,
					"seconds":	0.99999302625656128,
					"bytes":	117172902,
					"bits_per_second":	937389753.11564028,
					"retransmits":	1,
					"snd_cwnd":	629516,
					"rtt":	5170,
					"rttvar":	164,
					"pmtu":	1400,
					"omitted":	false,
					"sender":	true
				}],
			"sum":	{
				"start":	5.00001,
				"end":	6.000003,
				"seconds":	0.99999302625656128,
				"bytes":	117172902,
				"bits_per_second":	937389753.11564028,
				"retransmits":	1,
				"omitted":	false,
				"sender":	true
			}
		}, {
			"streams":	[{
					"socket":	5,
					"start":	6.000003,
					"end":	7.00004,
					"seconds":	1.0000369548797607,
					"bytes":	117151650,
					"bits_per_second":	937178566.67875409,
					"retransmits":	0,
					"snd_cwnd":	752184,
					"rtt":	6257,
					"rttvar":	176,
					"pmtu":	1400,
					"omitted":	false,
					"sender":	true
				}],
			"sum":	{
				"start":	6.000003,
				"end":	7.00004,
				"seconds":	1.0000369548797607,
				"bytes":	117151650,
				"bits_per_second":	937178566.67875409,
				"retransmits":	0,
				"omitted":	false,
				"sender":	true
			}
		}, {
			"streams":	[{
					"socket":	5,
					"start":	7.00004,
					"end":	8.000014,
					"seconds":	0.99997401237487793,
					"bytes":	117180492,
					"bits_per_second":	937468298.57470715,
					"retransmits":	1,
					"snd_cwnd":	618732,
					"rtt":	5068,
					"rttvar":	150,
					"pmtu":	1400,
					"omitted":	false,
					"sender":	true
				}],
			"sum":	{
				"start":	7.00004,
				"end":	8.000014,
				"seconds":	0.99997401237487793,
				"bytes":	117180492,
				"bits_per_second":	937468298.57470715,
				"retransmits":	1,
				"omitted":	false,
				"sender":	true
			}
		}, {
			"streams":	[{
					"socket":	5,
					"start":	8.000014,
					"end":	9.000006,
					"seconds":	0.9999920129776001,
					"bytes":	117182010,
					"bits_per_second":	937463567.542513,
					"retransmits":	0,
					"snd_cwnd":	742748,
					"rtt":	6101,
					"rttvar":	86,
					"pmtu":	1400,
					"omitted":	false,
					"sender":	true
				}],
			"sum":	{
				"start":	8.000014,
				"end":	9.000006,
				"seconds":	0.9999920129776001,
				"bytes":	117182010,
				"bits_per_second":	937463567.542513,
				"retransmits":	0,
				"omitted":	false,
				"sender":	true
			}
		}, {
			"streams":	[{
					"socket":	5,
					"start":	9.000006,
					"end":	10.000009,
					"seconds":	1.0000029802322388,
					"bytes":	117174420,
					"bits_per_second":	937392566.35245335,
					"retransmits":	1,
					"snd_cwnd":	601208,
					"rtt":	4893,
					"rttvar":	57,
					"pmtu":	1400,
					"omitted":	false,
					"sender":	true
				}],
			"sum":	{
				"start":	9.000006,
				"end":	10.000009,
				"seconds":	1.0000029802322388,
				"bytes":	117174420,
				"bits_per_second":	937392566.35245335,
				"retransmits":	1,
				"omitted":	false,
				"sender":	true
			}
		}, {
			"streams":	[{
					"socket":	5,
					"start":	10.000009,
					"end":	11.000011,
					"seconds":	1.0000020265579224,
					"bytes":	117162276,
					"bits_per_second":	937296308.51474035,
					"retransmits":	0,
					"snd_cwnd":	727920,
					"rtt":	5874,
					"rttvar":	55,
					"pmtu":	1400,
					"omitted":	false,
					"sender":	true
				}],
			"sum":	{
				"start":	10.000009,
				"end":	11.000011,
				"seconds":	1.0000020265579224,
				"bytes":	117162276,
				"bits_per_second":	937296308.51474035,
				"retransmits":	0,
				"omitted":	false,
				"sender":	true
			}
		}, {
			"streams":	[{
					"socket":	5,
					"start":	11.000011,
					"end":	12.000011,
					"seconds":	1,
					"bytes":	117172902,
					"bits_per_second":	937383216,
					"retransmits":	1,
					"snd_cwnd":	583684,
					"rtt":	4705,
					"rttvar":	85,
					"pmtu":	1400,
					"omitted":	false,
					"sender":	true
				}],
			"sum":	{
				"start":	11.000011,
				"end":	12.000011,
				"seconds":	1,
				"bytes":	117172902,
				"bits_per_second":	937383216,
				"retransmits":	1,
				"omitted":	false,
				"sender":	true
			}
		}, {
			"streams":	[{
					"socket":	5,
					"start":	12.000011,
					"end":	13.000022,
					"seconds":	1.0000109672546387,
					"bytes":	117175938,
					"bits_per_second":	937397223.3259542,
					"retransmits":	0,
					"snd_cwnd":	714440,
					"rtt":	5812,
					"rttvar":	134,
					"pmtu":	1400,
					"omitted":	false,