{
	"start":	{
		"connected":	[{
				"socket":	5,
				"local_host":	"10.60.0.1",
				"local_port":	33459,
				"remote_host":	"172.16.10.3",
				"remote_port":	5201
			}],
		"version":	"iperf 3.7",
		"system_info":	"Linux ueransim1 5.4.0-169-generic #187-Ubuntu SMP Thu Nov 23 14:52:28 UTC 2023 x86_64",
		"timestamp":	{
			"time":	"Wed, 18 Jun 2025 15:50:11 GMT",
			"timesecs":	1750261811
		},
		"connecting_to":	{
			"host":	"172.16.10.3",
			"port":	5201
		},
		"cookie":	"q5jvevxhwtgsnj2b3o6yhsd5j4rweu3ruxyd",
		"tcp_mss_default":	1348,
		"target_bitrate":	1000000000,
		"sock_bufsize":	0,
		"sndbuf_actual":	16384,
		"rcvbuf_actual":	131072,
		"test_start":	{
			"protocol":	"TCP",
			"num_streams":	1,
			"blksize":	64,
			"omit":	0,
			"duration":	30,
			"bytes":	0,
			"blocks":	0,
			"reverse":	0,
			"tos":	0
		}
	},
	"intervals":	[{
			"streams":	[{
					"socket":	5,
					"start":	0,
					"end":	1.000005,
					"seconds":	1.0000050067901611,
					"bytes":	20437248,
					"bits_per_second":	163497165.40400088,
					"retransmits":	0,
					"snd_cwnd":	29656,
					"rtt":	537,
					"rttvar":	65,
					"pmtu":	1400,
					"omitted":	false,
					"sender":	true
				}],
			"sum":	{
				"start":	0,
				"end":	1.000005,
				"seconds":	1.0000050067901611,
				"bytes":	20437248,
				"bits_per_second":	163497165.40400088,
				"retransmits":	0,
				"omitted":	false,
				"sender":	true
			}
		}, {
			"streams":	[{
					"socket":	5,
					"start":	1.000005,
					"end":	2.000004,
					"seconds":	0.99999898672103882,
					"bytes":	20504704,
					"bits_per_second":	164037798.21604976,
					"retransmits":	0,
					"snd_cwnd":	33700,
					"rtt":	547,
					"rttvar":	25,
					"pmtu":	1400,
					"omitted":	false,
					"sender":	true
				}],
			"sum":	{
				"start":	1.000005,
				"end":	2.000004,
				"seconds":	0.99999898672103882,
				"bytes":	20504704,
				"bits_per_second":	164037798.21604976,
				"retransmits":	0,
				"omitted":	false,
				"sender":	true
			}
		}, {
			"streams":	[{
					"socket":	5,
					"start":	2.000004,
					"end":	3.000004,
					"seconds":	1,
					"bytes":	20456064,
					"bits_per_second":	163648512,
					"retransmits":	0,
					"snd_cwnd":	37744,
					"rtt":	590,
					"rttvar":	56,
					"pmtu":	1400,
					"omitted":	false,
					"sender":	true
				}],
			"sum":	{
				"start":	2.000004,
				"end":	3.000004,
				"seconds":	1,
				"bytes":	20456064,
				"bits_per_second":	163648512,
				"retransmits":	0,
				"omitted":	false,
				"sender":	true
			}
		}, {
			"streams":	[{
					"socket":	5,
					"start":	3.000004,
					"end":	4.000004,
					"seconds":	1,
					"bytes":	20521664,
					"bits_per_second":	164173312,
					"retransmits":	0,
					"snd_cwnd":	39092,
					"rtt":	524,
					"rttvar":	112,
					"pmtu":	1400,
					"omitted":	false,
					"sender":	true
				}],
			"sum":	{
				"start":	3.000004,
				"end":	4.000004,
				"seconds":	1,
				"bytes":	20521664,
				"bits_per_second":	164173312,
				"retransmits":	0,
				"omitted":	false,
				"sender":	true
			}
		}, {
			"streams":	[{
					"socket":	5,
					"start":	4.000004,
					"end":	5.000005,
					"seconds":	1.0000009536743164,
					"bytes":	20510656,
					"bits_per_second":	164085091.5162625,
					"retransmits":	0,
					"snd_cwnd":	39092,
					"rtt":	522,
					"rttvar":	8,
					"pmtu":	1400,
					"omitted":	false,
					"sender":	true
				}],
			"sum":	{
				"start":	4.000004,
				"end":	5.000005,
				"seconds":	1.0000009536743164,
				"bytes":	20510656,
				"bits_per_second":	164085091.5162625,
				"retransmits":	0,
				"omitted":	false,
				"sender":	true
			}
		}, {
			"streams":	[{
					"socket":	5,
					"start":	5.000005,
					"end":	6.000004,
					"seconds":	0.99999898672103882,
					"bytes":	19156480,
					"bits_per_second":	153251995.28702259,
					"retransmits":	0,
					"snd_cwnd":	39092,
					"rtt":	623,
					"rttvar":	36,
					"pmtu":	1400,
					"omitted":	false,
					"sender":	true
				}],
			"sum":	{
				"start":	5.000005,
				"end":	6.000004,
				"seconds":	0.99999898672103882,
				"bytes":	19156480,
				"bits_per_second":	153251995.28702259,
				"retransmits":	0,
				"omitted":	false,
				"sender":	true
			}
		}, {
			"streams":	[{
					"socket":	5,
					"start":	6.000004,
					"end":	7.000004,
					"seconds":	1,
					"bytes":	20160320,
					"bits_per_second":	161282560,
					"retransmits":	0,
					"snd_cwnd":	39092,
					"rtt":	521,
					"rttvar":	27,
					"pmtu":	1400,
					"omitted":	false,
					"sender":	true
				}],
			"sum":	{
				"start":	6.000004,
				"end":	7.000004,
				"seconds":	1,
				"bytes":	20160320,
				"bits_per_second":	161282560,
				"retransmits":	0,
				"omitted":	false,
				"sender":	true
			}
		}, {
			"streams":	[{
					"socket":	5,
					"start":	7.000004,
					"end":	8.000005,
					"seconds":	1.0000009536743164,
					"bytes":	20124736,
					"bits_per_second":	160997734.46059564,
					"retransmits":	0,
					"snd_cwnd":	39092,
					"rtt":	577,
					"rttvar":	44,
					"pmtu":	1400,
					"omitted":	false,
					"sender":	true
				}],
			"sum":	{
				"start":	7.000004,
				"end":	8.000005,
				"seconds":	1.0000009536743164,
				"bytes":	20124736,
				"bits_per_second":	160997734.46059564,
				"retransmits":	0,
				"omitted":	false,
				"sender":	true
			}
		}, {
			"streams":	[{
					"socket":	5,
					"start":	8.000005,
					"end":	9.000008,
					"seconds":	1.0000029802322388,
					"bytes":	20014976,
					"bits_per_second":	160119330.80720827,
					"retransmits":	0,
					"snd_cwnd":	39092,
					"rtt":	601,
					"rttvar":	93,
					"pmtu":	1400,
					"omitted":	false,
					"sender":	true
				}],
			"sum":	{
				"start":	8.000005,
				"end":	9.000008,
				"seconds":	1.0000029802322388,
				"bytes":	20014976,
				"bits_per_second":	160119330.80720827,
				"retransmits":	0,
				"omitted":	false,
				"sender":	true
			}
		}, {
			"streams":	[{
					"socket":	5,
					"start":	9.000008,
					"end":	10.000003,
					"seconds":	0.99999499320983887,
					"bytes":	20118400,
					"bits_per_second":	160948005.83289206,
					"retransmits":	0,
					"snd_cwnd":	39092,
					"rtt":	664,
					"rttvar":	100,
					"pmtu":	1400,
					"omitted":	false,
					"sender":	true
				}],
			"sum":	{
				"start":	9.000008,
				"end":	10.000003,
				"seconds":	0.99999499320983887,
				"bytes":	20118400,
				"bits_per_second":	160948005.83289206,
				"retransmits":	0,
				"omitted":	false,
				"sender":	true
			}
		}, {
			"streams":	[{
					"socket":	5,
					"start":	10.000003,
					"end":	11.000003,
					"seconds":	1,
					"bytes":	19521792,
					"bits_per_second":	156174336,
					"retransmits":	0,
					"snd_cwnd":	39092,
					"rtt":	491,
					"rttvar":	65,
					"pmtu":	1400,
					"omitted":	false,
					"sender":	true
				}],
			"sum":	{
				"start":	10.000003,
				"end":	11.000003,
				"seconds":	1,
				"bytes":	19521792,
				"bits_per_second":	156174336,
				"retransmits":	0,
				"omitted":	false,
				"sender":	true
			}
		}, {
			"streams":	[{
					"socket":	5,
					"start":	11.000003,
					"end":	12.000004,
					"seconds":	1.0000009536743164,
					"bytes":	19018112,
					"bits_per_second":	152144750.90345868,
					"retransmits":	0,
					"snd_cwnd":	39092,
					"rtt":	729,
					"rttvar":	155,
					"pmtu":	1400,
					"omitted":	false,
					"sender":	true
				}],
			"sum":	{
				"start":	11.000003,
				"end":	12.000004,
				"seconds":	1.0000009536743164,
				"bytes":	19018112,
				"bits_per_second":	152144750.90345868,
				"retransmits":	0,
				"omitted":	false,
				"sender":	true
			}
		}, {
			"streams":	[{
					"socket":	5,
					"start":	12.000004,
					"end":	13.000004,
					"seconds":	1,
					"bytes":	19295168,
					"bits_per_second":	154361344,
					"retransmits":	0,
					"snd_cwnd":	39092,
					"rtt":	559,
					"rttvar":	14,
					"pmtu":	1400,
					"omitted":	false,
					"sender":	true
				}],
			"sum":	{
				"start":	12.000004,
				"end":	13.000004,
				"seconds":	1,
				"bytes":	19295168,
				"bits_per_second":	154361344,
				"retransmits":	0,
				"omitted":	false,