{
	"start":	{
		"connected":	[{
				"socket":	5,
				"local_host":	"10.60.0.1",
				"local_port":	37295,
				"remote_host":	"172.16.10.3",
				"remote_port":	5201
			}],
		"version":	"iperf 3.7",
		"system_info":	"Linux ueransim1 5.4.0-169-generic #187-Ubuntu SMP Thu Nov 23 14:52:28 UTC 2023 x86_64",
		"timestamp":	{
			"time":	"Wed, 18 Jun 2025 15:51:15 GMT",
			"timesecs":	1750261875
		},
		"connecting_to":	{
			"host":	"172.16.10.3",
			"port":	5201
		},
		"cookie":	"sj7645povsfxfn6gxemzpjn6bpjlj3hr7bjq",
		"tcp_mss_default":	1348,
		"target_bitrate":	1000000000,
		"sock_bufsize":	0,
		"sndbuf_actual":	16384,
		"rcvbuf_actual":	131072,
		"test_start":	{
			"protocol":	"TCP",
			"num_streams":	1,
			"blksize":	128,
			"omit":	0,
			"duration":	30,
			"bytes":	0,
			"blocks":	0,
			"reverse":	0,
			"tos":	0
		}
	},
	"intervals":	[{
			"streams":	[{
					"socket":	5,
					"start":	0,
					"end":	1.000006,
					"seconds":	1.0000059604644775,
					"bytes":	35053952,
					"bits_per_second":	280429944.50727731,
					"retransmits":	0,
					"snd_cwnd":	51224,
					"rtt":	481,
					"rttvar":	63,
					"pmtu":	1400,
					"omitted":	false,
					"sender":	true
				}],
			"sum":	{
				"start":	0,
				"end":	1.000006,
				"seconds":	1.0000059604644775,
				"bytes":	35053952,
				"bits_per_second":	280429944.50727731,
				"retransmits":	0,
				"omitted":	false,
				"sender":	true
			}
		}, {
			"streams":	[{
					"socket":	5,
					"start":	1.000006,
					"end":	2.000005,
					"seconds":	0.99999898672103882,
					"bytes":	35617792,
					"bits_per_second":	284942624.72636676,
					"retransmits":	0,
					"snd_cwnd":	59312,
					"rtt":	347,
					"rttvar":	46,
					"pmtu":	1400,
					"omitted":	false,
					"sender":	true
				}],
			"sum":	{
				"start":	1.000006,
				"end":	2.000005,
				"seconds":	0.99999898672103882,
				"bytes":	35617792,
				"bits_per_second":	284942624.72636676,
				"retransmits":	0,
				"omitted":	false,
				"sender":	true
			}
		}, {
			"streams":	[{
					"socket":	5,
					"start":	2.000005,
					"end":	3.000013,
					"seconds":	1.0000079870224,
					"bytes":	35687936,
					"bits_per_second":	285501207.69545895,
					"retransmits":	0,
					"snd_cwnd":	59312,
					"rtt":	390,
					"rttvar":	73,
					"pmtu":	1400,
					"omitted":	false,
					"sender":	true
				}],
			"sum":	{
				"start":	2.000005,
				"end":	3.000013,
				"seconds":	1.0000079870224,
				"bytes":	35687936,
				"bits_per_second":	285501207.69545895,
				"retransmits":	0,
				"omitted":	false,
				"sender":	true
			}
		}, {
			"streams":	[{
					"socket":	5,
					"start":	3.000013,
					"end":	4.000004,
					"seconds":	0.99999099969863892,
					"bytes":	35832576,
					"bits_per_second":	286663188.05508161,
					"retransmits":	0,
					"snd_cwnd":	67400,
					"rtt":	383,
					"rttvar":	45,
					"pmtu":	1400,
					"omitted":	false,
					"sender":	true
				}],
			"sum":	{
				"start":	3.000013,
				"end":	4.000004,
				"seconds":	0.99999099969863892,
				"bytes":	35832576,
				"bits_per_second":	286663188.05508161,
				"retransmits":	0,
				"omitted":	false,
				"sender":	true
			}
		}, {
			"streams":	[{
					"socket":	5,
					"start":	4.000004,
					"end":	5.000058,
					"seconds":	1.0000540018081665,
					"bytes":	33389696,
					"bits_per_second":	267103143.9472599,
					"retransmits":	0,
					"snd_cwnd":	67400,
					"rtt":	356,
					"rttvar":	48,
					"pmtu":	1400,
					"omitted":	false,
					"sender":	true
				}],
			"sum":	{
				"start":	4.000004,
				"end":	5.000058,
				"seconds":	1.0000540018081665,
				"bytes":	33389696,
				"bits_per_second":	267103143.9472599,
				"retransmits":	0,
				"omitted":	false,
				"sender":	true
			}
		}, {
			"streams":	[{
					"socket":	5,
					"start":	5.000058,
					"end":	6.000005,
					"seconds":	0.99994701147079468,
					"bytes":	37696000,
					"bits_per_second":	301583980.49155813,
					"retransmits":	0,
					"snd_cwnd":	109188,
					"rtt":	406,
					"rttvar":	53,
					"pmtu":	1400,
					"omitted":	false,
					"sender":	true
				}],
			"sum":	{
				"start":	5.000058,
				"end":	6.000005,
				"seconds":	0.99994701147079468,
				"bytes":	37696000,
				"bits_per_second":	301583980.49155813,
				"retransmits":	0,
				"omitted":	false,
				"sender":	true
			}
		}, {
			"streams":	[{
					"socket":	5,
					"start":	6.000005,
					"end":	7.000005,
					"seconds":	1,
					"bytes":	35707904,
					"bits_per_second":	285663232,
					"retransmits":	0,
					"snd_cwnd":	109188,
					"rtt":	384,
					"rttvar":	91,
					"pmtu":	1400,
					"omitted":	false,
					"sender":	true
				}],
			"sum":	{
				"start":	6.000005,
				"end":	7.000005,
				"seconds":	1,
				"bytes":	35707904,
				"bits_per_second":	285663232,
				"retransmits":	0,
				"omitted":	false,
				"sender":	true
			}
		}, {
			"streams":	[{
					"socket":	5,
					"start":	7.000005,
					"end":	8.000056,
					"seconds":	1.0000510215759277,
					"bytes":	35693440,
					"bits_per_second":	285532951.65882707,
					"retransmits":	0,
					"snd_cwnd":	109188,
					"rtt":	368,
					"rttvar":	35,
					"pmtu":	1400,
					"omitted":	false,
					"sender":	true
				}],
			"sum":	{
				"start":	7.000005,
				"end":	8.000056,
				"seconds":	1.0000510215759277,
				"bytes":	35693440,
				"bits_per_second":	285532951.65882707,
				"retransmits":	0,
				"omitted":	false,
				"sender":	true
			}
		}, {
			"streams":	[{
					"socket":	5,
					"start":	8.000056,
					"end":	9.000003,
					"seconds":	0.99994701147079468,
					"bytes":	35782656,
					"bits_per_second":	286276417.36630243,
					"retransmits":	0,
					"snd_cwnd":	109188,
					"rtt":	394,
					"rttvar":	45,
					"pmtu":	1400,
					"omitted":	false,
					"sender":	true
				}],
			"sum":	{
				"start":	8.000056,
				"end":	9.000003,
				"seconds":	0.99994701147079468,
				"bytes":	35782656,
				"bits_per_second":	286276417.36630243,
				"retransmits":	0,
				"omitted":	false,
				"sender":	true
			}
		}, {
			"streams":	[{
					"socket":	5,
					"start":	9.000003,
					"end":	10.000057,
					"seconds":	1.0000540018081665,
					"bytes":	35803008,
					"bits_per_second":	286408597.417865,
					"retransmits":	0,
					"snd_cwnd":	109188,
					"rtt":	353,
					"rttvar":	42,
					"pmtu":	1400,
					"omitted":	false,
					"sender":	true
				}],
			"sum":	{
				"start":	9.000003,
				"end":	10.000057,
				"seconds":	1.0000540018081665,
				"bytes":	35803008,
				"bits_per_second":	286408597.417865,
				"retransmits":	0,
				"omitted":	false,
				"sender":	true
			}
		}, {
			"streams":	[{
					"socket":	5,
					"start":	10.000057,
					"end":	11.000011,
					"seconds":	0.9999539852142334,
					"bytes":	34785664,
					"bits_per_second":	278298117.82827109,
					"retransmits":	0,
					"snd_cwnd":	109188,
					"rtt":	397,
					"rttvar":	60,
					"pmtu":	1400,
					"omitted":	false,
					"sender":	true
				}],
			"sum":	{
				"start":	10.000057,
				"end":	11.000011,
				"seconds":	0.9999539852142334,
				"bytes":	34785664,
				"bits_per_second":	278298117.82827109,
				"retransmits":	0,
				"omitted":	false,
				"sender":	true
			}
		}, {
			"streams":	[{
					"socket":	5,
					"start":	11.000011,
					"end":	12.000004,
					"seconds":	0.99999302625656128,
					"bytes":	36816256,
					"bits_per_second":	294532101.99131376,
					"retransmits":	0,
					"snd_cwnd":	109188,
					"rtt":	374,
					"rttvar":	87,
					"pmtu":	1400,
					"omitted":	false,
					"sender":	true
				}],
			"sum":	{
				"start":	11.000011,
				"end":	12.000004,
				"seconds":	0.99999302625656128,
				"bytes":	36816256,
				"bits_per_second":	294532101.99131376,
				"retransmits":	0,
				"omitted":	false,
				"sender":	true
			}
		}, {
			"streams":	[{
					"socket":	5,
					"start":	12.000004,
					"end":	13.000074,
					"seconds":	1.0000699758529663,
					"bytes":	36576256,
					"bits_per_second":	292589573.79500467,
					"retransmits":	0,
					"snd_cwnd":	109188,
					"rtt":	456,
					"rttvar":	80,
					"pmtu":	1400,
					"omitted":	false,
					"sender":	true
				}],