{
	"start":	{
		"connected":	[{
				"socket":	5,
				"local_host":	"10.60.0.1",
				"local_port":	59531,
				"remote_host":	"172.16.10.3",
				"remote_port":	5201
			}],
		"version":	"iperf 3.7",
		"system_info":	"Linux ueransim1 5.4.0-169-generic #187-Ubuntu SMP Thu Nov 23 14:52:28 UTC 2023 x86_64",
		"timestamp":	{
			"time":	"Wed, 18 Jun 2025 15:50:43 GMT",
			"timesecs":	1750261843
		},
		"connecting_to":	{
			"host":	"172.16.10.3",
			"port":	5201
		},
		"cookie":	"dtwqw7xn33l4axg2m3im44jdbj27sjkufkap",
		"tcp_mss_default":	1348,
		"target_bitrate":	1000000000,
		"sock_bufsize":	0,
		"sndbuf_actual":	16384,
		"rcvbuf_actual":	131072,
		"test_start":	{
			"protocol":	"TCP",
			"num_streams":	1,
			"blksize":	128,
			"omit":	0,
			"duration":	30,
			"bytes":	0,
			"blocks":	0,
			"reverse":	0,
			"tos":	0
		}
	},
	"intervals":	[{
			"streams":	[{
					"socket":	5,
					"start":	0,
					"end":	1.000003,
					"seconds":	1.0000029802322388,
					"bytes":	35082496,
					"bits_per_second":	280659131.57060796,
					"retransmits":	0,
					"snd_cwnd":	43136,
					"rtt":	447,
					"rttvar":	93,
					"pmtu":	1400,
					"omitted":	false,
					"sender":	true
				}],
			"sum":	{
				"start":	0,
				"end":	1.000003,
				"seconds":	1.0000029802322388,
				"bytes":	35082496,
				"bits_per_second":	280659131.57060796,
				"retransmits":	0,
				"omitted":	false,
				"sender":	true
			}
		}, {
			"streams":	[{
					"socket":	5,
					"start":	1.000003,
					"end":	2.000003,
					"seconds":	1,
					"bytes":	35866112,
					"bits_per_second":	286928896,
					"retransmits":	0,
					"snd_cwnd":	47180,
					"rtt":	364,
					"rttvar":	37,
					"pmtu":	1400,
					"omitted":	false,
					"sender":	true
				}],
			"sum":	{
				"start":	1.000003,
				"end":	2.000003,
				"seconds":	1,
				"bytes":	35866112,
				"bits_per_second":	286928896,
				"retransmits":	0,
				"omitted":	false,
				"sender":	true
			}
		}, {
			"streams":	[{
					"socket":	5,
					"start":	2.000003,
					"end":	3.000002,
					"seconds":	0.99999898672103882,
					"bytes":	35810048,
					"bits_per_second":	286480674.28484005,
					"retransmits":	0,
					"snd_cwnd":	47180,
					"rtt":	387,
					"rttvar":	65,
					"pmtu":	1400,
					"omitted":	false,
					"sender":	true
				}],
			"sum":	{
				"start":	2.000003,
				"end":	3.000002,
				"seconds":	0.99999898672103882,
				"bytes":	35810048,
				"bits_per_second":	286480674.28484005,
				"retransmits":	0,
				"omitted":	false,
				"sender":	true
			}
		}, {
			"streams":	[{
					"socket":	5,
					"start":	3.000002,
					"end":	4.000002,
					"seconds":	1,
					"bytes":	34452480,
					"bits_per_second":	275619840,
					"retransmits":	0,
					"snd_cwnd":	52572,
					"rtt":	361,
					"rttvar":	24,
					"pmtu":	1400,
					"omitted":	false,
					"sender":	true
				}],
			"sum":	{
				"start":	3.000002,
				"end":	4.000002,
				"seconds":	1,
				"bytes":	34452480,
				"bits_per_second":	275619840,
				"retransmits":	0,
				"omitted":	false,
				"sender":	true
			}
		}, {
			"streams":	[{
					"socket":	5,
					"start":	4.000002,
					"end":	5.000052,
					"seconds":	1.0000499486923218,
					"bytes":	37978880,
					"bits_per_second":	303815864.79484689,
					"retransmits":	0,
					"snd_cwnd":	57964,
					"rtt":	360,
					"rttvar":	46,
					"pmtu":	1400,
					"omitted":	false,
					"sender":	true
				}],
			"sum":	{
				"start":	4.000002,
				"end":	5.000052,
				"seconds":	1.0000499486923218,
				"bytes":	37978880,
				"bits_per_second":	303815864.79484689,
				"retransmits":	0,
				"omitted":	false,
				"sender":	true
			}
		}, {
			"streams":	[{
					"socket":	5,
					"start":	5.000052,
					"end":	6.000003,
					"seconds":	0.99995100498199463,
					"bytes":	38098048,
					"bits_per_second":	304799317.64805621,
					"retransmits":	0,
					"snd_cwnd":	57964,
					"rtt":	379,
					"rttvar":	41,
					"pmtu":	1400,
					"omitted":	false,
					"sender":	true
				}],
			"sum":	{
				"start":	5.000052,
				"end":	6.000003,
				"seconds":	0.99995100498199463,
				"bytes":	38098048,
				"bits_per_second":	304799317.64805621,
				"retransmits":	0,
				"omitted":	false,
				"sender":	true
			}
		}, {
			"streams":	[{
					"socket":	5,
					"start":	6.000003,
					"end":	7.000006,
					"seconds":	1.0000029802322388,
					"bytes":	37024384,
					"bits_per_second":	296194189.27252817,
					"retransmits":	0,
					"snd_cwnd":	57964,
					"rtt":	392,
					"rttvar":	67,
					"pmtu":	1400,
					"omitted":	false,
					"sender":	true
				}],
			"sum":	{
				"start":	6.000003,
				"end":	7.000006,
				"seconds":	1.0000029802322388,
				"bytes":	37024384,
				"bits_per_second":	296194189.27252817,
				"retransmits":	0,
				"omitted":	false,
				"sender":	true
			}
		}, {
			"streams":	[{
					"socket":	5,
					"start":	7.000006,
					"end":	8.000003,
					"seconds":	0.99999701976776123,
					"bytes":	39894016,
					"bits_per_second":	319153079.15029562,
					"retransmits":	0,
					"snd_cwnd":	57964,
					"rtt":	416,
					"rttvar":	33,
					"pmtu":	1400,
					"omitted":	false,
					"sender":	true
				}],
			"sum":	{
				"start":	7.000006,
				"end":	8.000003,
				"seconds":	0.99999701976776123,
				"bytes":	39894016,
				"bits_per_second":	319153079.15029562,
				"retransmits":	0,
				"omitted":	false,
				"sender":	true
			}
		}, {
			"streams":	[{
					"socket":	5,
					"start":	8.000003,
					"end":	9.000004,
					"seconds":	1.0000009536743164,
					"bytes":	38950400,
					"bits_per_second":	311602902.83231467,
					"retransmits":	0,
					"snd_cwnd":	80880,
					"rtt":	384,
					"rttvar":	61,
					"pmtu":	1400,
					"omitted":	false,
					"sender":	true
				}],
			"sum":	{
				"start":	8.000003,
				"end":	9.000004,
				"seconds":	1.0000009536743164,
				"bytes":	38950400,
				"bits_per_second":	311602902.83231467,
				"retransmits":	0,
				"omitted":	false,
				"sender":	true
			}
		}, {
			"streams":	[{
					"socket":	5,
					"start":	9.000004,
					"end":	10.000004,
					"seconds":	1,
					"bytes":	37829760,
					"bits_per_second":	302638080,
					"retransmits":	0,
					"snd_cwnd":	80880,
					"rtt":	360,
					"rttvar":	44,
					"pmtu":	1400,
					"omitted":	false,
					"sender":	true
				}],
			"sum":	{
				"start":	9.000004,
				"end":	10.000004,
				"seconds":	1,
				"bytes":	37829760,
				"bits_per_second":	302638080,
				"retransmits":	0,
				"omitted":	false,
				"sender":	true
			}
		}, {
			"streams":	[{
					"socket":	5,
					"start":	10.000004,
					"end":	11.000004,
					"seconds":	1,
					"bytes":	37696256,
					"bits_per_second":	301570048,
					"retransmits":	0,
					"snd_cwnd":	80880,
					"rtt":	343,
					"rttvar":	34,
					"pmtu":	1400,
					"omitted":	false,
					"sender":	true
				}],
			"sum":	{
				"start":	10.000004,
				"end":	11.000004,
				"seconds":	1,
				"bytes":	37696256,
				"bits_per_second":	301570048,
				"retransmits":	0,
				"omitted":	false,
				"sender":	true
			}
		}, {
			"streams":	[{
					"socket":	5,
					"start":	11.000004,
					"end":	12.000003,
					"seconds":	0.99999898672103882,
					"bytes":	39875072,
					"bits_per_second":	319000899.23689979,
					"retransmits":	0,
					"snd_cwnd":	80880,
					"rtt":	349,
					"rttvar":	46,
					"pmtu":	1400,
					"omitted":	false,
					"sender":	true
				}],
			"sum":	{
				"start":	11.000004,
				"end":	12.000003,
				"seconds":	0.99999898672103882,
				"bytes":	39875072,
				"bits_per_second":	319000899.23689979,
				"retransmits":	0,
				"omitted":	false,
				"sender":	true
			}
		}, {
			"streams":	[{
					"socket":	5,
					"start":	12.000003,
					"end":	13.000003,
					"seconds":	1,
					"bytes":	39921408,
					"bits_per_second":	319371264,
					"retransmits":	0,
					"snd_cwnd":	80880,
					"rtt":	371,
					"rttvar":	42,
					"pmtu":	1400,
					"omitted":	false,
					"sender":	true
				}],
			"sum":	{
				"start":	12.000003,
				"end":	13.000003,
				"seconds":	1,
				"bytes":	39921408,
				"bits_per_second":	319371264,
				"retransmits":	0,
				"omitted":	false,