{
	"start":	{
		"connected":	[{
				"socket":	5,
				"local_host":	"10.60.0.1",
				"local_port":	51663,
				"remote_host":	"172.16.10.3",
				"remote_port":	5201
			}],
		"version":	"iperf 3.7",
		"system_info":	"Linux ueransim1 5.4.0-169-generic #187-Ubuntu SMP Thu Nov 23 14:52:28 UTC 2023 x86_64",
		"timestamp":	{
			"time":	"Wed, 18 Jun 2025 15:54:27 GMT",
			"timesecs":	1750262067
		},
		"connecting_to":	{
			"host":	"172.16.10.3",
			"port":	5201
		},
		"cookie":	"wiqhmi2wgrbwg3bhaqotr6dgs57pv5ldmzc5",
		"tcp_mss_default":	1348,
		"target_bitrate":	1000000000,
		"sock_bufsize":	0,
		"sndbuf_actual":	16384,
		"rcvbuf_actual":	131072,
		"test_start":	{
			"protocol":	"TCP",
			"num_streams":	1,
			"blksize":	1518,
			"omit":	0,
			"duration":	30,
			"bytes":	0,
			"blocks":	0,
			"reverse":	0,
			"tos":	0
		}
	},
	"intervals":	[{
			"streams":	[{
					"socket":	5,
					"start":	0,
					"end":	1.000024,
					"seconds":	1.0000239610671997,
					"bytes":	117016548,
					"bits_per_second":	936109953.80649054,
					"retransmits":	2,
					"snd_cwnd":	773752,
					"rtt":	6430,
					"rttvar":	111,
					"pmtu":	1400,
					"omitted":	false,
					"sender":	true
				}],
			"sum":	{
				"start":	0,
				"end":	1.000024,
				"seconds":	1.0000239610671997,
				"bytes":	117016548,
				"bits_per_second":	936109953.80649054,
				"retransmits":	2,
				"omitted":	false,
				"sender":	true
			}
		}, {
			"streams":	[{
					"socket":	5,
					"start":	1.000024,
					"end":	2.000038,
					"seconds":	1.0000139474868774,
					"bytes":	116476140,
					"bits_per_second":	931796123.785791,
					"retransmits":	1,
					"snd_cwnd":	655128,
					"rtt":	5410,
					"rttvar":	139,
					"pmtu":	1400,
					"omitted":	false,
					"sender":	true
				}],
			"sum":	{
				"start":	1.000024,
				"end":	2.000038,
				"seconds":	1.0000139474868774,
				"bytes":	116476140,
				"bits_per_second":	931796123.785791,
				"retransmits":	1,
				"omitted":	false,
				"sender":	true
			}
		}, {
			"streams":	[{
					"socket":	5,
					"start":	2.000038,
					"end":	3.000006,
					"seconds":	0.99996799230575562,
					"bytes":	117169866,
					"bits_per_second":	937388931.65831256,
					"retransmits":	0,
					"snd_cwnd":	772404,
					"rtt":	6460,
					"rttvar":	93,
					"pmtu":	1400,
					"omitted":	false,
					"sender":	true
				}],
			"sum":	{
				"start":	2.000038,
				"end":	3.000006,
				"seconds":	0.99996799230575562,
				"bytes":	117169866,
				"bits_per_second":	937388931.65831256,
				"retransmits":	0,
				"omitted":	false,
				"sender":	true
			}
		}, {
			"streams":	[{
					"socket":	5,
					"start":	3.000006,
					"end":	4.000009,
					"seconds":	1.0000029802322388,
					"bytes":	117171384,
					"bits_per_second":	937368278.424837,
					"retransmits":	1,
					"snd_cwnd":	652432,
					"rtt":	5385,
					"rttvar":	70,
					"pmtu":	1400,
					"omitted":	false,
					"sender":	true
				}],
			"sum":	{
				"start":	3.000006,
				"end":	4.000009,
				"seconds":	1.0000029802322388,
				"bytes":	117171384,
				"bits_per_second":	937368278.424837,
				"retransmits":	1,
				"omitted":	false,
				"sender":	true
			}
		}, {
			"streams":	[{
					"socket":	5,
					"start":	4.000009,
					"end":	5.000003,
					"seconds":	0.99999397993087769,
					"bytes":	117156204,
					"bits_per_second":	937255274.34153676,
					"retransmits":	0,
					"snd_cwnd":	772404,
					"rtt":	6352,
					"rttvar":	96,
					"pmtu":	1400,
					"omitted":	false,
					"sender":	true
				}],
			"sum":	{
				"start":	4.000009,
				"end":	5.000003,
				"seconds":	0.99999397993087769,
				"bytes":	117156204,
				"bits_per_second":	937255274.34153676,
				"retransmits":	0,
				"omitted":	false,
				"sender":	true
			}
		}, {
			"streams":	[{
					"socket":	5,
					"start":	5.000003,
					"end":	6.000046,
					"seconds":	1.0000430345535278,
					"bytes":	117182010,
					"bits_per_second":	937415738.73221374,
					"retransmits":	1,
					"snd_cwnd":	634908,
					"rtt":	5143,
					"rttvar":	95,
					"pmtu":	1400,
					"omitted":	false,
					"sender":	true
				}],
			"sum":	{
				"start":	5.000003,
				"end":	6.000046,
				"seconds":	1.0000430345535278,
				"bytes":	117182010,
				"bits_per_second":	937415738.73221374,
				"retransmits":	1,
				"omitted":	false,
				"sender":	true
			}
		}, {
			"streams":	[{
					"socket":	5,
					"start":	6.000046,
					"end":	7.000056,
					"seconds":	1.0000100135803223,
					"bytes":	117178974,
					"bits_per_second":	937422405.04545116,
					"retransmits":	0,
					"snd_cwnd":	757576,
					"rtt":	6149,
					"rttvar":	78,
					"pmtu":	1400,
					"omitted":	false,
					"sender":	true
				}],
			"sum":	{
				"start":	6.000046,
				"end":	7.000056,
				"seconds":	1.0000100135803223,
				"bytes":	117178974,
				"bits_per_second":	937422405.04545116,
				"retransmits":	0,
				"omitted":	false,
				"sender":	true
			}
		}, {
			"streams":	[{
					"socket":	5,
					"start":	7.000056,
					"end":	8.000037,
					"seconds":	0.99998098611831665,
					"bytes":	117174420,
					"bits_per_second":	937413183.86336637,
					"retransmits":	1,
					"snd_cwnd":	636256,
					"rtt":	5116,
					"rttvar":	98,
					"pmtu":	1400,
					"omitted":	false,
					"sender":	true
				}],
			"sum":	{
				"start":	7.000056,
				"end":	8.000037,
				"seconds":	0.99998098611831665,
				"bytes":	117174420,
				"bits_per_second":	937413183.86336637,
				"retransmits":	1,
				"omitted":	false,
				"sender":	true
			}
		}, {
			"streams":	[{
					"socket":	5,
					"start":	8.000037,
					"end":	9.000048,
					"seconds":	1.0000109672546387,
					"bytes":	117169866,
					"bits_per_second":	937348647.85869372,
					"retransmits":	0,
					"snd_cwnd":	757576,
					"rtt":	6155,
					"rttvar":	119,
					"pmtu":	1400,
					"omitted":	false,
					"sender":	true
				}],
			"sum":	{
				"start":	8.000037,
				"end":	9.000048,
				"seconds":	1.0000109672546387,
				"bytes":	117169866,
				"bits_per_second":	937348647.85869372,
				"retransmits":	0,
				"omitted":	false,
				"sender":	true
			}
		}, {
			"streams":	[{
					"socket":	5,
					"start":	9.000048,
					"end":	10.000053,
					"seconds":	1.0000050067901611,
					"bytes":	116662854,
					"bits_per_second":	933298159.17195928,
					"retransmits":	1,
					"snd_cwnd":	626820,
					"rtt":	5040,
					"rttvar":	105,
					"pmtu":	1400,
					"omitted":	false,
					"sender":	true
				}],
			"sum":	{
				"start":	9.000048,
				"end":	10.000053,
				"seconds":	1.0000050067901611,
				"bytes":	116662854,
				"bits_per_second":	933298159.17195928,
				"retransmits":	1,
				"omitted":	false,
				"sender":	true
			}
		}, {
			"streams":	[{
					"socket":	5,
					"start":	10.000053,
					"end":	11.000003,
					"seconds":	0.99994999170303345,
					"bytes":	117162276,
					"bits_per_second":	937345083.03127241,
					"retransmits":	0,
					"snd_cwnd":	750836,
					"rtt":	6163,
					"rttvar":	190,
					"pmtu":	1400,
					"omitted":	false,
					"sender":	true
				}],
			"sum":	{
				"start":	10.000053,
				"end":	11.000003,
				"seconds":	0.99994999170303345,
				"bytes":	117162276,
				"bits_per_second":	937345083.03127241,
				"retransmits":	0,
				"omitted":	false,
				"sender":	true
			}
		}, {
			"streams":	[{
					"socket":	5,
					"start":	11.000003,
					"end":	12.000009,
					"seconds":	1.0000059604644775,
					"bytes":	117172902,
					"bits_per_second":	937377628.7939415,
					"retransmits":	1,
					"snd_cwnd":	625472,
					"rtt":	5158,
					"rttvar":	156,
					"pmtu":	1400,
					"omitted":	false,
					"sender":	true
				}],
			"sum":	{
				"start":	11.000003,
				"end":	12.000009,
				"seconds":	1.0000059604644775,
				"bytes":	117172902,
				"bits_per_second":	937377628.7939415,
				"retransmits":	1,
				"omitted":	false,
				"sender":	true
			}
		}, {
			"streams":	[{
					"socket":	5,
					"start":	12.000009,
					"end":	13.000027,
					"seconds":	1.0000180006027222,
					"bytes":	117166830,
					"bits_per_second":	937317767.71523893,
					"retransmits":	0,
					"snd_cwnd":	748140,
					"rtt":	6187,