{
	"start":	{
		"connected":	[{
				"socket":	5,
				"local_host":	"10.60.0.1",
				"local_port":	37955,
				"remote_host":	"172.16.10.3",
				"remote_port":	5201
			}],
		"version":	"iperf 3.7",
		"system_info":	"Linux ueransim1 5.4.0-169-generic #187-Ubuntu SMP Thu Nov 23 14:52:28 UTC 2023 x86_64",
		"timestamp":	{
			"time":	"Sat, 21 Jun 2025 13:10:21 GMT",
			"timesecs":	1750511421
		},
		"connecting_to":	{
			"host":	"172.16.10.3",
			"port":	5201
		},
		"cookie":	"nsprtmkfmoj7tlodkmjco4coc55cigiivbue",
		"tcp_mss_default":	1348,
		"target_bitrate":	1000000000,
		"sock_bufsize":	0,
		"sndbuf_actual":	16384,
		"rcvbuf_actual":	131072,
		"test_start":	{
			"protocol":	"TCP",
			"num_streams":	1,
			"blksize":	64,
			"omit":	0,
			"duration":	30,
			"bytes":	0,
			"blocks":	0,
			"reverse":	0,
			"tos":	0
		}
	},
	"intervals":	[{
			"streams":	[{
					"socket":	5,
					"start":	0,
					"end":	1.000003,
					"seconds":	1.0000029802322388,
					"bytes":	17692160,
					"bits_per_second":	141536858.18729225,
					"retransmits":	0,
					"snd_cwnd":	32352,
					"rtt":	455,
					"rttvar":	64,
					"pmtu":	1400,
					"omitted":	false,
					"sender":	true
				}],
			"sum":	{
				"start":	0,
				"end":	1.000003,
				"seconds":	1.0000029802322388,
				"bytes":	17692160,
				"bits_per_second":	141536858.18729225,
				"retransmits":	0,
				"omitted":	false,
				"sender":	true
			}
		}, {
			"streams":	[{
					"socket":	5,
					"start":	1.000003,
					"end":	2.000082,
					"seconds":	1.0000790357589722,
					"bytes":	18932096,
					"bits_per_second":	151444798.44541249,
					"retransmits":	0,
					"snd_cwnd":	33700,
					"rtt":	412,
					"rttvar":	88,
					"pmtu":	1400,
					"omitted":	false,
					"sender":	true
				}],
			"sum":	{
				"start":	1.000003,
				"end":	2.000082,
				"seconds":	1.0000790357589722,
				"bytes":	18932096,
				"bits_per_second":	151444798.44541249,
				"retransmits":	0,
				"omitted":	false,
				"sender":	true
			}
		}, {
			"streams":	[{
					"socket":	5,
					"start":	2.000082,
					"end":	3.000006,
					"seconds":	0.99992400407791138,
					"bytes":	18935232,
					"bits_per_second":	151493368.87825823,
					"retransmits":	0,
					"snd_cwnd":	35048,
					"rtt":	496,
					"rttvar":	48,
					"pmtu":	1400,
					"omitted":	false,
					"sender":	true
				}],
			"sum":	{
				"start":	2.000082,
				"end":	3.000006,
				"seconds":	0.99992400407791138,
				"bytes":	18935232,
				"bits_per_second":	151493368.87825823,
				"retransmits":	0,
				"omitted":	false,
				"sender":	true
			}
		}, {
			"streams":	[{
					"socket":	5,
					"start":	3.000006,
					"end":	4.000004,
					"seconds":	0.99999797344207764,
					"bytes":	18951872,
					"bits_per_second":	151615283.25715342,
					"retransmits":	0,
					"snd_cwnd":	35048,
					"rtt":	552,
					"rttvar":	67,
					"pmtu":	1400,
					"omitted":	false,
					"sender":	true
				}],
			"sum":	{
				"start":	3.000006,
				"end":	4.000004,
				"seconds":	0.99999797344207764,
				"bytes":	18951872,
				"bits_per_second":	151615283.25715342,
				"retransmits":	0,
				"omitted":	false,
				"sender":	true
			}
		}, {
			"streams":	[{
					"socket":	5,
					"start":	4.000004,
					"end":	5.000004,
					"seconds":	1,
					"bytes":	18949056,
					"bits_per_second":	151592448,
					"retransmits":	0,
					"snd_cwnd":	35048,
					"rtt":	548,
					"rttvar":	95,
					"pmtu":	1400,
					"omitted":	false,
					"sender":	true
				}],
			"sum":	{
				"start":	4.000004,
				"end":	5.000004,
				"seconds":	1,
				"bytes":	18949056,
				"bits_per_second":	151592448,
				"retransmits":	0,
				"omitted":	false,
				"sender":	true
			}
		}, {
			"streams":	[{
					"socket":	5,
					"start":	5.000004,
					"end":	6.000005,
					"seconds":	1.0000009536743164,
					"bytes":	18919680,
					"bits_per_second":	151357295.65443453,
					"retransmits":	0,
					"snd_cwnd":	35048,
					"rtt":	497,
					"rttvar":	55,
					"pmtu":	1400,
					"omitted":	false,
					"sender":	true
				}],
			"sum":	{
				"start":	5.000004,
				"end":	6.000005,
				"seconds":	1.0000009536743164,
				"bytes":	18919680,
				"bits_per_second":	151357295.65443453,
				"retransmits":	0,
				"omitted":	false,
				"sender":	true
			}
		}, {
			"streams":	[{
					"socket":	5,
					"start":	6.000005,
					"end":	7.000004,
					"seconds":	0.99999898672103882,
					"bytes":	18923840,
					"bits_per_second":	151390873.40118694,
					"retransmits":	0,
					"snd_cwnd":	35048,
					"rtt":	528,
					"rttvar":	126,
					"pmtu":	1400,
					"omitted":	false,
					"sender":	true
				}],
			"sum":	{
				"start":	6.000005,
				"end":	7.000004,
				"seconds":	0.99999898672103882,
				"bytes":	18923840,
				"bits_per_second":	151390873.40118694,
				"retransmits":	0,
				"omitted":	false,
				"sender":	true
			}
		}, {
			"streams":	[{
					"socket":	5,
					"start":	7.000004,
					"end":	8.000005,
					"seconds":	1.0000009536743164,
					"bytes":	18879424,
					"bits_per_second":	151035247.96156314,
					"retransmits":	0,
					"snd_cwnd":	35048,
					"rtt":	555,
					"rttvar":	55,
					"pmtu":	1400,
					"omitted":	false,
					"sender":	true
				}],
			"sum":	{
				"start":	7.000004,
				"end":	8.000005,
				"seconds":	1.0000009536743164,
				"bytes":	18879424,
				"bits_per_second":	151035247.96156314,
				"retransmits":	0,
				"omitted":	false,
				"sender":	true
			}
		}, {
			"streams":	[{
					"socket":	5,
					"start":	8.000005,
					"end":	9.000059,
					"seconds":	1.0000540018081665,
					"bytes":	18992512,
					"bits_per_second":	151931891.40314606,
					"retransmits":	0,
					"snd_cwnd":	57964,
					"rtt":	505,
					"rttvar":	119,
					"pmtu":	1400,
					"omitted":	false,
					"sender":	true
				}],
			"sum":	{
				"start":	8.000005,
				"end":	9.000059,
				"seconds":	1.0000540018081665,
				"bytes":	18992512,
				"bits_per_second":	151931891.40314606,
				"retransmits":	0,
				"omitted":	false,
				"sender":	true
			}
		}, {
			"streams":	[{
					"socket":	5,
					"start":	9.000059,
					"end":	10.000003,
					"seconds":	0.99994397163391113,
					"bytes":	18918336,
					"bits_per_second":	151355168.1827724,
					"retransmits":	0,
					"snd_cwnd":	57964,
					"rtt":	532,
					"rttvar":	110,
					"pmtu":	1400,
					"omitted":	false,
					"sender":	true
				}],
			"sum":	{
				"start":	9.000059,
				"end":	10.000003,
				"seconds":	0.99994397163391113,
				"bytes":	18918336,
				"bits_per_second":	151355168.1827724,
				"retransmits":	0,
				"omitted":	false,
				"sender":	true
			}
		}, {
			"streams":	[{
					"socket":	5,
					"start":	10.000003,
					"end":	11.000004,
					"seconds":	1.0000009536743164,
					"bytes":	18908864,
					"bits_per_second":	151270767.73695397,
					"retransmits":	0,
					"snd_cwnd":	57964,
					"rtt":	439,
					"rttvar":	68,
					"pmtu":	1400,
					"omitted":	false,
					"sender":	true
				}],
			"sum":	{
				"start":	10.000003,
				"end":	11.000004,
				"seconds":	1.0000009536743164,
				"bytes":	18908864,
				"bits_per_second":	151270767.73695397,
				"retransmits":	0,
				"omitted":	false,
				"sender":	true
			}
		}, {
			"streams":	[{
					"socket":	5,
					"start":	11.000004,
					"end":	12.000066,
					"seconds":	1.0000619888305664,
					"bytes":	18906304,
					"bits_per_second":	151241056.74375883,
					"retransmits":	0,
					"snd_cwnd":	57964,
					"rtt":	547,
					"rttvar":	126,
					"pmtu":	1400,
					"omitted":	false,
					"sender":	true
				}],
			"sum":	{
				"start":	11.000004,
				"end":	12.000066,
				"seconds":	1.0000619888305664,
				"bytes":	18906304,
				"bits_per_second":	151241056.74375883,
				"retransmits":	0,
				"omitted":	false,
				"sender":	true
			}
		}, {
			"streams":	[{
					"socket":	5,
					"start":	12.000066,
					"end":	13.000082,
					"seconds":	1.0000159740447998,
					"bytes":	18887424,
					"bits_per_second":	151096978.37009841,
					"retransmits":	0,
					"snd_cwnd":	57964,
					"rtt":	481,
					"rttvar":	66,
					"pmtu":	1400,
					"omitted":	false,
					"sender":	true
				}],