{
	"start":	{
		"connected":	[{
				"socket":	5,
				"local_host":	"10.60.0.1",
				"local_port":	38821,
				"remote_host":	"172.16.10.3",
				"remote_port":	5201
			}],
		"version":	"iperf 3.7",
		"system_info":	"Linux ueransim1 5.4.0-169-generic #187-Ubuntu SMP Thu Nov 23 14:52:28 UTC 2023 x86_64",
		"timestamp":	{
			"time":	"Sat, 21 Jun 2025 13:14:37 GMT",
			"timesecs":	1750511677
		},
		"connecting_to":	{
			"host":	"172.16.10.3",
			"port":	5201
		},
		"cookie":	"x5jbfjbbnql3snhacmfjbpqewvmzu5k7txka",
		"tcp_mss_default":	1348,
		"target_bitrate":	1000000000,
		"sock_bufsize":	0,
		"sndbuf_actual":	16384,
		"rcvbuf_actual":	131072,
		"test_start":	{
			"protocol":	"TCP",
			"num_streams":	1,
			"blksize":	1518,
			"omit":	0,
			"duration":	30,
			"bytes":	0,
			"blocks":	0,
			"reverse":	0,
			"tos":	0
		}
	},
	"intervals":	[{
			"streams":	[{
					"socket":	5,
					"start":	0,
					"end":	1.000022,
					"seconds":	1.0000220537185669,
					"bytes":	115144854,
					"bits_per_second":	921138517.47037458,
					"retransmits":	2,
					"snd_cwnd":	754880,
					"rtt":	6157,
					"rttvar":	196,
					"pmtu":	1400,
					"omitted":	false,
					"sender":	true
				}],
			"sum":	{
				"start":	0,
				"end":	1.000022,
				"seconds":	1.0000220537185669,
				"bytes":	115144854,
				"bits_per_second":	921138517.47037458,
				"retransmits":	2,
				"omitted":	false,
				"sender":	true
			}
		}, {
			"streams":	[{
					"socket":	5,
					"start":	1.000022,
					"end":	2.00006,
					"seconds":	1.0000380277633667,
					"bytes":	117201744,
					"bits_per_second":	937578297.99434614,
					"retransmits":	1,
					"snd_cwnd":	621428,
					"rtt":	5056,
					"rttvar":	157,
					"pmtu":	1400,
					"omitted":	false,
					"sender":	true
				}],
			"sum":	{
				"start":	1.000022,
				"end":	2.00006,
				"seconds":	1.0000380277633667,
				"bytes":	117201744,
				"bits_per_second":	937578297.99434614,
				"retransmits":	1,
				"omitted":	false,
				"sender":	true
			}
		}, {
			"streams":	[{
					"socket":	5,
					"start":	2.00006,
					"end":	3.000032,
					"seconds":	0.99997198581695557,
					"bytes":	117169866,
					"bits_per_second":	937385188.080242,
					"retransmits":	0,
					"snd_cwnd":	745444,
					"rtt":	6107,
					"rttvar":	197,
					"pmtu":	1400,
					"omitted":	false,
					"sender":	true
				}],
			"sum":	{
				"start":	2.00006,
				"end":	3.000032,
				"seconds":	0.99997198581695557,
				"bytes":	117169866,
				"bits_per_second":	937385188.080242,
				"retransmits":	0,
				"omitted":	false,
				"sender":	true
			}
		}, {
			"streams":	[{
					"socket":	5,
					"start":	3.000032,
					"end":	4.000046,
					"seconds":	1.0000139474868774,
					"bytes":	117172902,
					"bits_per_second":	937370142.04224455,
					"retransmits":	0,
					"snd_cwnd":	849240,
					"rtt":	6975,
					"rttvar":	134,
					"pmtu":	1400,
					"omitted":	false,
					"sender":	true
				}],
			"sum":	{
				"start":	3.000032,
				"end":	4.000046,
				"seconds":	1.0000139474868774,
				"bytes":	117172902,
				"bits_per_second":	937370142.04224455,
				"retransmits":	0,
				"omitted":	false,
				"sender":	true
			}
		}, {
			"streams":	[{
					"socket":	5,
					"start":	4.000046,
					"end":	5.000038,
					"seconds":	0.9999920129776001,
					"bytes":	117175938,
					"bits_per_second":	937414991.15453231,
					"retransmits":	1,
					"snd_cwnd":	715788,
					"rtt":	5865,
					"rttvar":	129,
					"pmtu":	1400,
					"omitted":	false,
					"sender":	true
				}],
			"sum":	{
				"start":	4.000046,
				"end":	5.000038,
				"seconds":	0.9999920129776001,
				"bytes":	117175938,
				"bits_per_second":	937414991.15453231,
				"retransmits":	1,
				"omitted":	false,
				"sender":	true
			}
		}, {
			"streams":	[{
					"socket":	5,
					"start":	5.000038,
					"end":	6.000077,
					"seconds":	1.0000389814376831,
					"bytes":	117168348,
					"bits_per_second":	937310246.29904413,
					"retransmits":	0,
					"snd_cwnd":	826324,
					"rtt":	6901,
					"rttvar":	129,
					"pmtu":	1400,
					"omitted":	false,
					"sender":	true
				}],
			"sum":	{
				"start":	5.000038,
				"end":	6.000077,
				"seconds":	1.0000389814376831,
				"bytes":	117168348,
				"bits_per_second":	937310246.29904413,
				"retransmits":	0,
				"omitted":	false,
				"sender":	true
			}
		}, {
			"streams":	[{
					"socket":	5,
					"start":	6.000077,
					"end":	7.000024,
					"seconds":	0.99994701147079468,
					"bytes":	117168348,
					"bits_per_second":	937396455.2594465,
					"retransmits":	1,
					"snd_cwnd":	672652,
					"rtt":	5521,
					"rttvar":	100,
					"pmtu":	1400,
					"omitted":	false,
					"sender":	true
				}],
			"sum":	{
				"start":	6.000077,
				"end":	7.000024,
				"seconds":	0.99994701147079468,
				"bytes":	117168348,
				"bits_per_second":	937396455.2594465,
				"retransmits":	1,
				"omitted":	false,
				"sender":	true
			}
		}, {
			"streams":	[{
					"socket":	5,
					"start":	7.000024,
					"end":	8.000032,
					"seconds":	1.0000079870224,
					"bytes":	117169866,
					"bits_per_second":	937351441.35304129,
					"retransmits":	0,
					"snd_cwnd":	787232,
					"rtt":	6479,
					"rttvar":	56,
					"pmtu":	1400,
					"omitted":	false,
					"sender":	true
				}],
			"sum":	{
				"start":	7.000024,
				"end":	8.000032,
				"seconds":	1.0000079870224,
				"bytes":	117169866,
				"bits_per_second":	937351441.35304129,
				"retransmits":	0,
				"omitted":	false,
				"sender":	true
			}
		}, {
			"streams":	[{
					"socket":	5,
					"start":	8.000032,
					"end":	9.000037,
					"seconds":	1.0000050067901611,
					"bytes":	117174420,
					"bits_per_second":	937390666.68163288,
					"retransmits":	1,
					"snd_cwnd":	632212,
					"rtt":	5108,
					"rttvar":	63,
					"pmtu":	1400,
					"omitted":	false,
					"sender":	true
				}],
			"sum":	{
				"start":	8.000032,
				"end":	9.000037,
				"seconds":	1.0000050067901611,
				"bytes":	117174420,
				"bits_per_second":	937390666.68163288,
				"retransmits":	1,
				"omitted":	false,
				"sender":	true
			}
		}, {
			"streams":	[{
					"socket":	5,
					"start":	9.000037,
					"end":	10.000023,
					"seconds":	0.99998599290847778,
					"bytes":	117175938,
					"bits_per_second":	937420634.53662276,
					"retransmits":	0,
					"snd_cwnd":	754880,
					"rtt":	6169,
					"rttvar":	79,
					"pmtu":	1400,
					"omitted":	false,
					"sender":	true
				}],
			"sum":	{
				"start":	9.000037,
				"end":	10.000023,
				"seconds":	0.99998599290847778,
				"bytes":	117175938,
				"bits_per_second":	937420634.53662276,
				"retransmits":	0,
				"omitted":	false,
				"sender":	true
			}
		}, {
			"streams":	[{
					"socket":	5,
					"start":	10.000023,
					"end":	11.000025,
					"seconds":	1.0000020265579224,
					"bytes":	117160758,
					"bits_per_second":	937284164.53935087,
					"retransmits":	0,
					"snd_cwnd":	857328,
					"rtt":	7042,
					"rttvar":	140,
					"pmtu":	1400,
					"omitted":	false,
					"sender":	true
				}],
			"sum":	{
				"start":	10.000023,
				"end":	11.000025,
				"seconds":	1.0000020265579224,
				"bytes":	117160758,
				"bits_per_second":	937284164.53935087,
				"retransmits":	0,
				"omitted":	false,
				"sender":	true
			}
		}, {
			"streams":	[{
					"socket":	5,
					"start":	11.000025,
					"end":	12.000076,
					"seconds":	1.0000510215759277,
					"bytes":	117182010,
					"bits_per_second":	937408251.95369768,
					"retransmits":	1,
					"snd_cwnd":	703656,
					"rtt":	5738,
					"rttvar":	134,
					"pmtu":	1400,
					"omitted":	false,
					"sender":	true
				}],
			"sum":	{
				"start":	11.000025,
				"end":	12.000076,
				"seconds":	1.0000510215759277,
				"bytes":	117182010,
				"bits_per_second":	937408251.95369768,
				"retransmits":	1,
				"omitted":	false,
				"sender":	true
			}
		}, {
			"streams":	[{
					"socket":	5,
					"start":	12.000076,
					"end":	13.000032,
					"seconds":	0.99995601177215576,
					"bytes":	117169866,
					"bits_per_second":	937400162.57193244,
					"retransmits":	0,
					"snd_cwnd":	815540,
					"rtt":	6737,