{
	"start":	{
		"connected":	[{
				"socket":	5,
				"local_host":	"10.60.0.1",
				"local_port":	36679,
				"remote_host":	"172.16.10.3",
				"remote_port":	5201
			}],
		"version":	"iperf 3.7",
		"system_info":	"Linux ueransim1 5.4.0-169-generic #187-Ubuntu SMP Thu Nov 23 14:52:28 UTC 2023 x86_64",
		"timestamp":	{
			"time":	"Sat, 21 Jun 2025 13:10:53 GMT",
			"timesecs":	1750511453
		},
		"connecting_to":	{
			"host":	"172.16.10.3",
			"port":	5201
		},
		"cookie":	"yehleujmpzyarlpz5epbcys7r736c6wwycby",
		"tcp_mss_default":	1348,
		"target_bitrate":	1000000000,
		"sock_bufsize":	0,
		"sndbuf_actual":	16384,
		"rcvbuf_actual":	131072,
		"test_start":	{
			"protocol":	"TCP",
			"num_streams":	1,
			"blksize":	128,
			"omit":	0,
			"duration":	30,
			"bytes":	0,
			"blocks":	0,
			"reverse":	0,
			"tos":	0
		}
	},
	"intervals":	[{
			"streams":	[{
					"socket":	5,
					"start":	0,
					"end":	1.000056,
					"seconds":	1.0000560283660889,
					"bytes":	37191168,
					"bits_per_second":	297512674.85093737,
					"retransmits":	0,
					"snd_cwnd":	41788,
					"rtt":	461,
					"rttvar":	111,
					"pmtu":	1400,
					"omitted":	false,
					"sender":	true
				}],
			"sum":	{
				"start":	0,
				"end":	1.000056,
				"seconds":	1.0000560283660889,
				"bytes":	37191168,
				"bits_per_second":	297512674.85093737,
				"retransmits":	0,
				"omitted":	false,
				"sender":	true
			}
		}, {
			"streams":	[{
					"socket":	5,
					"start":	1.000056,
					"end":	2.000053,
					"seconds":	0.99999701976776123,
					"bytes":	39729792,
					"bits_per_second":	317839283.23487866,
					"retransmits":	0,
					"snd_cwnd":	41788,
					"rtt":	406,
					"rttvar":	75,
					"pmtu":	1400,
					"omitted":	false,
					"sender":	true
				}],
			"sum":	{
				"start":	1.000056,
				"end":	2.000053,
				"seconds":	0.99999701976776123,
				"bytes":	39729792,
				"bits_per_second":	317839283.23487866,
				"retransmits":	0,
				"omitted":	false,
				"sender":	true
			}
		}, {
			"streams":	[{
					"socket":	5,
					"start":	2.000053,
					"end":	3.000009,
					"seconds":	0.99995601177215576,
					"bytes":	39755136,
					"bits_per_second":	318055078.67926794,
					"retransmits":	0,
					"snd_cwnd":	41788,
					"rtt":	411,
					"rttvar":	55,
					"pmtu":	1400,
					"omitted":	false,
					"sender":	true
				}],
			"sum":	{
				"start":	2.000053,
				"end":	3.000009,
				"seconds":	0.99995601177215576,
				"bytes":	39755136,
				"bits_per_second":	318055078.67926794,
				"retransmits":	0,
				"omitted":	false,
				"sender":	true
			}
		}, {
			"streams":	[{
					"socket":	5,
					"start":	3.000009,
					"end":	4.000056,
					"seconds":	1.000046968460083,
					"bytes":	39761920,
					"bits_per_second":	318080420.25247818,
					"retransmits":	0,
					"snd_cwnd":	75488,
					"rtt":	423,
					"rttvar":	74,
					"pmtu":	1400,
					"omitted":	false,
					"sender":	true
				}],
			"sum":	{
				"start":	3.000009,
				"end":	4.000056,
				"seconds":	1.000046968460083,
				"bytes":	39761920,
				"bits_per_second":	318080420.25247818,
				"retransmits":	0,
				"omitted":	false,
				"sender":	true
			}
		}, {
			"streams":	[{
					"socket":	5,
					"start":	4.000056,
					"end":	5.000003,
					"seconds":	0.99994701147079468,
					"bytes":	39774080,
					"bits_per_second":	318209501.45346117,
					"retransmits":	0,
					"snd_cwnd":	75488,
					"rtt":	380,
					"rttvar":	54,
					"pmtu":	1400,
					"omitted":	false,
					"sender":	true
				}],
			"sum":	{
				"start":	4.000056,
				"end":	5.000003,
				"seconds":	0.99994701147079468,
				"bytes":	39774080,
				"bits_per_second":	318209501.45346117,
				"retransmits":	0,
				"omitted":	false,
				"sender":	true
			}
		}, {
			"streams":	[{
					"socket":	5,
					"start":	5.000003,
					"end":	6.000015,
					"seconds":	1.0000120401382446,
					"bytes":	39747200,
					"bits_per_second":	317973771.55183238,
					"retransmits":	0,
					"snd_cwnd":	75488,
					"rtt":	361,
					"rttvar":	47,
					"pmtu":	1400,
					"omitted":	false,
					"sender":	true
				}],
			"sum":	{
				"start":	5.000003,
				"end":	6.000015,
				"seconds":	1.0000120401382446,
				"bytes":	39747200,
				"bits_per_second":	317973771.55183238,
				"retransmits":	0,
				"omitted":	false,
				"sender":	true
			}
		}, {
			"streams":	[{
					"socket":	5,
					"start":	6.000015,
					"end":	7.000056,
					"seconds":	1.0000410079956055,
					"bytes":	39745536,
					"bits_per_second":	317951249.45655954,
					"retransmits":	0,
					"snd_cwnd":	75488,
					"rtt":	386,
					"rttvar":	55,
					"pmtu":	1400,
					"omitted":	false,
					"sender":	true
				}],
			"sum":	{
				"start":	6.000015,
				"end":	7.000056,
				"seconds":	1.0000410079956055,
				"bytes":	39745536,
				"bits_per_second":	317951249.45655954,
				"retransmits":	0,
				"omitted":	false,
				"sender":	true
			}
		}, {
			"streams":	[{
					"socket":	5,
					"start":	7.000056,
					"end":	8.000002,
					"seconds":	0.9999459981918335,
					"bytes":	39780608,
					"bits_per_second":	318262050.72621,
					"retransmits":	0,
					"snd_cwnd":	75488,
					"rtt":	382,
					"rttvar":	85,
					"pmtu":	1400,
					"omitted":	false,
					"sender":	true
				}],
			"sum":	{
				"start":	7.000056,
				"end":	8.000002,
				"seconds":	0.9999459981918335,
				"bytes":	39780608,
				"bits_per_second":	318262050.72621,
				"retransmits":	0,
				"omitted":	false,
				"sender":	true
			}
		}, {
			"streams":	[{
					"socket":	5,
					"start":	8.000002,
					"end":	9.000002,
					"seconds":	1,
					"bytes":	39762816,
					"bits_per_second":	318102528,
					"retransmits":	0,
					"snd_cwnd":	75488,
					"rtt":	441,
					"rttvar":	62,
					"pmtu":	1400,
					"omitted":	false,
					"sender":	true
				}],
			"sum":	{
				"start":	8.000002,
				"end":	9.000002,
				"seconds":	1,
				"bytes":	39762816,
				"bits_per_second":	318102528,
				"retransmits":	0,
				"omitted":	false,
				"sender":	true
			}
		}, {
			"streams":	[{
					"socket":	5,
					"start":	9.000002,
					"end":	10.000009,
					"seconds":	1.0000070333480835,
					"bytes":	39811712,
					"bits_per_second":	318491455.93872875,
					"retransmits":	0,
					"snd_cwnd":	75488,
					"rtt":	429,
					"rttvar":	79,
					"pmtu":	1400,
					"omitted":	false,
					"sender":	true
				}],
			"sum":	{
				"start":	9.000002,
				"end":	10.000009,
				"seconds":	1.0000070333480835,
				"bytes":	39811712,
				"bits_per_second":	318491455.93872875,
				"retransmits":	0,
				"omitted":	false,
				"sender":	true
			}
		}, {
			"streams":	[{
					"socket":	5,
					"start":	10.000009,
					"end":	11.000007,
					"seconds":	0.99999797344207764,
					"bytes":	39667072,
					"bits_per_second":	317337219.1022554,
					"retransmits":	0,
					"snd_cwnd":	75488,
					"rtt":	334,
					"rttvar":	64,
					"pmtu":	1400,
					"omitted":	false,
					"sender":	true
				}],
			"sum":	{
				"start":	10.000009,
				"end":	11.000007,
				"seconds":	0.99999797344207764,
				"bytes":	39667072,
				"bits_per_second":	317337219.1022554,
				"retransmits":	0,
				"omitted":	false,
				"sender":	true
			}
		}, {
			"streams":	[{
					"socket":	5,
					"start":	11.000007,
					"end":	12.000056,
					"seconds":	1.0000489950180054,
					"bytes":	39746048,
					"bits_per_second":	317952805.89655024,
					"retransmits":	0,
					"snd_cwnd":	75488,
					"rtt":	438,
					"rttvar":	99,
					"pmtu":	1400,
					"omitted":	false,
					"sender":	true
				}],
			"sum":	{
				"start":	11.000007,
				"end":	12.000056,
				"seconds":	1.0000489950180054,
				"bytes":	39746048,
				"bits_per_second":	317952805.89655024,
				"retransmits":	0,
				"omitted":	false,
				"sender":	true
			}
		}, {
			"streams":	[{
					"socket":	5,
					"start":	12.000056,
					"end":	13.000002,
					"seconds":	0.9999459981918335,
					"bytes":	39756800,
					"bits_per_second":	318071576.44025415,
					"retransmits":	0,
					"snd_cwnd":	75488,
					"rtt":	403,
					"rttvar":	82,
					"pmtu":	1400,
					"omitted":	false,
					"sender":	true
				}],