{
	"start":	{
		"connected":	[{
				"socket":	5,
				"local_host":	"10.60.0.1",
				"local_port":	38401,
				"remote_host":	"172.16.10.3",
				"remote_port":	5201
			}],
		"version":	"iperf 3.7",
		"system_info":	"Linux ueransim1 5.4.0-169-generic #187-Ubuntu SMP Thu Nov 23 14:52:28 UTC 2023 x86_64",
		"timestamp":	{
			"time":	"Sat, 21 Jun 2025 13:02:20 GMT",
			"timesecs":	1750510940
		},
		"connecting_to":	{
			"host":	"172.16.10.3",
			"port":	5201
		},
		"cookie":	"vfuzmcj4trw6l22vmxedzo4yp35wih7bvryb",
		"tcp_mss_default":	1348,
		"target_bitrate":	100000000,
		"sock_bufsize":	0,
		"sndbuf_actual":	16384,
		"rcvbuf_actual":	131072,
		"test_start":	{
			"protocol":	"TCP",
			"num_streams":	1,
			"blksize":	1518,
			"omit":	0,
			"duration":	30,
			"bytes":	0,
			"blocks":	0,
			"reverse":	0,
			"tos":	0
		}
	},
	"intervals":	[{
			"streams":	[{
					"socket":	5,
					"start":	0,
					"end":	1.00009,
					"seconds":	1.0000900030136108,
					"bytes":	12491622,
					"bits_per_second":	99923982.540439367,
					"retransmits":	0,
					"snd_cwnd":	28308,
					"rtt":	698,
					"rttvar":	103,
					"pmtu":	1400,
					"omitted":	false,
					"sender":	true
				}],
			"sum":	{
				"start":	0,
				"end":	1.00009,
				"seconds":	1.0000900030136108,
				"bytes":	12491622,
				"bits_per_second":	99923982.540439367,
				"retransmits":	0,
				"omitted":	false,
				"sender":	true
			}
		}, {
			"streams":	[{
					"socket":	5,
					"start":	1.00009,
					"end":	2.000057,
					"seconds":	0.99996697902679443,
					"bytes":	12497694,
					"bits_per_second":	99984853.59717159,
					"retransmits":	0,
					"snd_cwnd":	28308,
					"rtt":	513,
					"rttvar":	118,
					"pmtu":	1400,
					"omitted":	false,
					"sender":	true
				}],
			"sum":	{
				"start":	1.00009,
				"end":	2.000057,
				"seconds":	0.99996697902679443,
				"bytes":	12497694,
				"bits_per_second":	99984853.59717159,
				"retransmits":	0,
				"omitted":	false,
				"sender":	true
			}
		}, {
			"streams":	[{
					"socket":	5,
					"start":	2.000057,
					"end":	3.000087,
					"seconds":	1.0000300407409668,
					"bytes":	12500730,
					"bits_per_second":	100002835.84071256,
					"retransmits":	0,
					"snd_cwnd":	28308,
					"rtt":	480,
					"rttvar":	27,
					"pmtu":	1400,
					"omitted":	false,
					"sender":	true
				}],
			"sum":	{
				"start":	2.000057,
				"end":	3.000087,
				"seconds":	1.0000300407409668,
				"bytes":	12500730,
				"bits_per_second":	100002835.84071256,
				"retransmits":	0,
				"omitted":	false,
				"sender":	true
			}
		}, {
			"streams":	[{
					"socket":	5,
					"start":	3.000087,
					"end":	4.000085,
					"seconds":	0.99999797344207764,
					"bytes":	12500730,
					"bits_per_second":	100006042.66803806,
					"retransmits":	0,
					"snd_cwnd":	28308,
					"rtt":	541,
					"rttvar":	45,
					"pmtu":	1400,
					"omitted":	false,
					"sender":	true
				}],
			"sum":	{
				"start":	3.000087,
				"end":	4.000085,
				"seconds":	0.99999797344207764,
				"bytes":	12500730,
				"bits_per_second":	100006042.66803806,
				"retransmits":	0,
				"omitted":	false,
				"sender":	true
			}
		}, {
			"streams":	[{
					"socket":	5,
					"start":	4.000085,
					"end":	5.000057,
					"seconds":	0.99997198581695557,
					"bytes":	12499212,
					"bits_per_second":	99996497.320179731,
					"retransmits":	0,
					"snd_cwnd":	28308,
					"rtt":	569,
					"rttvar":	190,
					"pmtu":	1400,
					"omitted":	false,
					"sender":	true
				}],
			"sum":	{
				"start":	4.000085,
				"end":	5.000057,
				"seconds":	0.99997198581695557,
				"bytes":	12499212,
				"bits_per_second":	99996497.320179731,
				"retransmits":	0,
				"omitted":	false,
				"sender":	true
			}
		}, {
			"streams":	[{
					"socket":	5,
					"start":	5.000057,
					"end":	6.000057,
					"seconds":	1,
					"bytes":	12500730,
					"bits_per_second":	100005840,
					"retransmits":	0,
					"snd_cwnd":	28308,
					"rtt":	616,
					"rttvar":	219,
					"pmtu":	1400,
					"omitted":	false,
					"sender":	true
				}],
			"sum":	{
				"start":	5.000057,
				"end":	6.000057,
				"seconds":	1,
				"bytes":	12500730,
				"bits_per_second":	100005840,
				"retransmits":	0,
				"omitted":	false,
				"sender":	true
			}
		}, {
			"streams":	[{
					"socket":	5,
					"start":	6.000057,
					"end":	7.000075,
					"seconds":	1.0000180006027222,
					"bytes":	12499212,
					"bits_per_second":	99991896.085603133,
					"retransmits":	0,
					"snd_cwnd":	28308,
					"rtt":	798,
					"rttvar":	126,
					"pmtu":	1400,
					"omitted":	false,
					"sender":	true
				}],
			"sum":	{
				"start":	6.000057,
				"end":	7.000075,
				"seconds":	1.0000180006027222,
				"bytes":	12499212,
				"bits_per_second":	99991896.085603133,
				"retransmits":	0,
				"omitted":	false,
				"sender":	true
			}
		}, {
			"streams":	[{
					"socket":	5,
					"start":	7.000075,
					"end":	8.000083,
					"seconds":	1.0000079870224,
					"bytes":	12500730,
					"bits_per_second":	100005041.25749537,
					"retransmits":	0,
					"snd_cwnd":	28308,
					"rtt":	572,
					"rttvar":	60,
					"pmtu":	1400,
					"omitted":	false,
					"sender":	true
				}],
			"sum":	{
				"start":	7.000075,
				"end":	8.000083,
				"seconds":	1.0000079870224,
				"bytes":	12500730,
				"bits_per_second":	100005041.25749537,
				"retransmits":	0,
				"omitted":	false,
				"sender":	true
			}
		}, {
			"streams":	[{
					"socket":	5,
					"start":	8.000083,
					"end":	9.000085,
					"seconds":	1.0000020265579224,
					"bytes":	12500730,
					"bits_per_second":	100005637.33278339,
					"retransmits":	0,
					"snd_cwnd":	28308,
					"rtt":	602,
					"rttvar":	75,
					"pmtu":	1400,
					"omitted":	false,
					"sender":	true
				}],
			"sum":	{
				"start":	8.000083,
				"end":	9.000085,
				"seconds":	1.0000020265579224,
				"bytes":	12500730,
				"bits_per_second":	100005637.33278339,
				"retransmits":	0,
				"omitted":	false,
				"sender":	true
			}
		}, {
			"streams":	[{
					"socket":	5,
					"start":	9.000085,
					"end":	10.00009,
					"seconds":	1.0000050067901611,
					"bytes":	12497694,
					"bits_per_second":	99981051.415855467,
					"retransmits":	0,
					"snd_cwnd":	28308,
					"rtt":	628,
					"rttvar":	47,
					"pmtu":	1400,
					"omitted":	false,
					"sender":	true
				}],
			"sum":	{
				"start":	9.000085,
				"end":	10.00009,
				"seconds":	1.0000050067901611,
				"bytes":	12497694,
				"bits_per_second":	99981051.415855467,
				"retransmits":	0,
				"omitted":	false,
				"sender":	true
			}
		}, {
			"streams":	[{
					"socket":	5,
					"start":	10.00009,
					"end":	11.000086,
					"seconds":	0.9999960064888,
					"bytes":	12500730,
					"bits_per_second":	100006239.37603702,
					"retransmits":	0,
					"snd_cwnd":	28308,
					"rtt":	520,
					"rttvar":	79,
					"pmtu":	1400,
					"omitted":	false,
					"sender":	true
				}],
			"sum":	{
				"start":	10.00009,
				"end":	11.000086,
				"seconds":	0.9999960064888,
				"bytes":	12500730,
				"bits_per_second":	100006239.37603702,
				"retransmits":	0,
				"omitted":	false,
				"sender":	true
			}
		}, {
			"streams":	[{
					"socket":	5,
					"start":	11.000086,
					"end":	12.00011,
					"seconds":	1.0000239610671997,
					"bytes":	12500730,
					"bits_per_second":	100003443.81076264,
					"retransmits":	0,
					"snd_cwnd":	28308,
					"rtt":	802,
					"rttvar":	233,
					"pmtu":	1400,
					"omitted":	false,
					"sender":	true
				}],
			"sum":	{
				"start":	11.000086,
				"end":	12.00011,
				"seconds":	1.0000239610671997,
				"bytes":	12500730,
				"bits_per_second":	100003443.81076264,
				"retransmits":	0,
				"omitted":	false,
				"sender":	true
			}
		}, {
			"streams":	[{
					"socket":	5,
					"start":	12.00011,
					"end":	13.000115,
					"seconds":	1.0000050067901611,
					"bytes":	12499212,
					"bits_per_second":	99993195.355053321,
					"retransmits":	0,
					"snd_cwnd":	28308,
					"rtt":	626,
					"rttvar":	106,
					"pmtu":	1400,
					"omitted":	false,
					"sender":	true
				}],
			"sum":	{
				"start":	12.00011,