{
	"start":	{
		"connected":	[{
				"socket":	5,
				"local_host":	"10.60.0.1",
				"local_port":	50507,
				"remote_host":	"172.16.10.3",
				"remote_port":	5201
			}],
		"version":	"iperf 3.7",
		"system_info":	"Linux ueransim1 5.4.0-169-generic #187-Ubuntu SMP Thu Nov 23 14:52:28 UTC 2023 x86_64",
		"timestamp":	{
			"time":	"Sat, 21 Jun 2025 12:59:40 GMT",
			"timesecs":	1750510780
		},
		"connecting_to":	{
			"host":	"172.16.10.3",
			"port":	5201
		},
		"cookie":	"2337uvm6e4f32hn56dhomgyb6ytxn74yn2uv",
		"tcp_mss_default":	1348,
		"target_bitrate":	100000000,
		"sock_bufsize":	0,
		"sndbuf_actual":	16384,
		"rcvbuf_actual":	131072,
		"test_start":	{
			"protocol":	"TCP",
			"num_streams":	1,
			"blksize":	512,
			"omit":	0,
			"duration":	30,
			"bytes":	0,
			"blocks":	0,
			"reverse":	0,
			"tos":	0
		}
	},
	"intervals":	[{
			"streams":	[{
					"socket":	5,
					"start":	0,
					"end":	1.000091,
					"seconds":	1.0000909566879272,
					"bytes":	12489728,
					"bits_per_second":	99908736.632220939,
					"retransmits":	0,
					"snd_cwnd":	26960,
					"rtt":	527,
					"rttvar":	73,
					"pmtu":	1400,
					"omitted":	false,
					"sender":	true
				}],
			"sum":	{
				"start":	0,
				"end":	1.000091,
				"seconds":	1.0000909566879272,
				"bytes":	12489728,
				"bits_per_second":	99908736.632220939,
				"retransmits":	0,
				"omitted":	false,
				"sender":	true
			}
		}, {
			"streams":	[{
					"socket":	5,
					"start":	1.000091,
					"end":	2.000084,
					"seconds":	0.99999302625656128,
					"bytes":	12500480,
					"bits_per_second":	100004537.40598658,
					"retransmits":	0,
					"snd_cwnd":	36396,
					"rtt":	523,
					"rttvar":	85,
					"pmtu":	1400,
					"omitted":	false,
					"sender":	true
				}],
			"sum":	{
				"start":	1.000091,
				"end":	2.000084,
				"seconds":	0.99999302625656128,
				"bytes":	12500480,
				"bits_per_second":	100004537.40598658,
				"retransmits":	0,
				"omitted":	false,
				"sender":	true
			}
		}, {
			"streams":	[{
					"socket":	5,
					"start":	2.000084,
					"end":	3.000088,
					"seconds":	1.0000040531158447,
					"bytes":	12499968,
					"bits_per_second":	99999338.691095889,
					"retransmits":	0,
					"snd_cwnd":	36396,
					"rtt":	443,
					"rttvar":	73,
					"pmtu":	1400,
					"omitted":	false,
					"sender":	true
				}],
			"sum":	{
				"start":	2.000084,
				"end":	3.000088,
				"seconds":	1.0000040531158447,
				"bytes":	12499968,
				"bits_per_second":	99999338.691095889,
				"retransmits":	0,
				"omitted":	false,
				"sender":	true
			}
		}, {
			"streams":	[{
					"socket":	5,
					"start":	3.000088,
					"end":	4.000076,
					"seconds":	0.99998801946640015,
					"bytes":	12499456,
					"bits_per_second":	99996846.015573576,
					"retransmits":	0,
					"snd_cwnd":	39092,
					"rtt":	549,
					"rttvar":	117,
					"pmtu":	1400,
					"omitted":	false,
					"sender":	true
				}],
			"sum":	{
				"start":	3.000088,
				"end":	4.000076,
				"seconds":	0.99998801946640015,
				"bytes":	12499456,
				"bits_per_second":	99996846.015573576,
				"retransmits":	0,
				"omitted":	false,
				"sender":	true
			}
		}, {
			"streams":	[{
					"socket":	5,
					"start":	4.000076,
					"end":	5.000058,
					"seconds":	0.99998199939727783,
					"bytes":	12500480,
					"bits_per_second":	100005640.16179852,
					"retransmits":	0,
					"snd_cwnd":	47180,
					"rtt":	514,
					"rttvar":	111,
					"pmtu":	1400,
					"omitted":	false,
					"sender":	true
				}],
			"sum":	{
				"start":	4.000076,
				"end":	5.000058,
				"seconds":	0.99998199939727783,
				"bytes":	12500480,
				"bits_per_second":	100005640.16179852,
				"retransmits":	0,
				"omitted":	false,
				"sender":	true
			}
		}, {
			"streams":	[{
					"socket":	5,
					"start":	5.000058,
					"end":	6.000058,
					"seconds":	1,
					"bytes":	12499456,
					"bits_per_second":	99995648,
					"retransmits":	0,
					"snd_cwnd":	48528,
					"rtt":	469,
					"rttvar":	33,
					"pmtu":	1400,
					"omitted":	false,
					"sender":	true
				}],
			"sum":	{
				"start":	5.000058,
				"end":	6.000058,
				"seconds":	1,
				"bytes":	12499456,
				"bits_per_second":	99995648,
				"retransmits":	0,
				"omitted":	false,
				"sender":	true
			}
		}, {
			"streams":	[{
					"socket":	5,
					"start":	6.000058,
					"end":	7.000088,
					"seconds":	1.0000300407409668,
					"bytes":	12500480,
					"bits_per_second":	100000835.90079224,
					"retransmits":	0,
					"snd_cwnd":	52572,
					"rtt":	512,
					"rttvar":	100,
					"pmtu":	1400,
					"omitted":	false,
					"sender":	true
				}],
			"sum":	{
				"start":	6.000058,
				"end":	7.000088,
				"seconds":	1.0000300407409668,
				"bytes":	12500480,
				"bits_per_second":	100000835.90079224,
				"retransmits":	0,
				"omitted":	false,
				"sender":	true
			}
		}, {
			"streams":	[{
					"socket":	5,
					"start":	7.000088,
					"end":	8.000058,
					"seconds":	0.999970018863678,
					"bytes":	12500480,
					"bits_per_second":	100006838.31865276,
					"retransmits":	0,
					"snd_cwnd":	59312,
					"rtt":	540,
					"rttvar":	61,
					"pmtu":	1400,
					"omitted":	false,
					"sender":	true
				}],
			"sum":	{
				"start":	7.000088,
				"end":	8.000058,
				"seconds":	0.999970018863678,
				"bytes":	12500480,
				"bits_per_second":	100006838.31865276,
				"retransmits":	0,
				"omitted":	false,
				"sender":	true
			}
		}, {
			"streams":	[{
					"socket":	5,
					"start":	8.000058,
					"end":	9.000082,
					"seconds":	1.0000239610671997,
					"bytes":	12499456,
					"bits_per_second":	99993252.054968,
					"retransmits":	0,
					"snd_cwnd":	66052,
					"rtt":	514,
					"rttvar":	75,
					"pmtu":	1400,
					"omitted":	false,
					"sender":	true
				}],
			"sum":	{
				"start":	8.000058,
				"end":	9.000082,
				"seconds":	1.0000239610671997,
				"bytes":	12499456,
				"bits_per_second":	99993252.054968,
				"retransmits":	0,
				"omitted":	false,
				"sender":	true
			}
		}, {
			"streams":	[{
					"socket":	5,
					"start":	9.000082,
					"end":	10.000083,
					"seconds":	1.0000009536743164,
					"bytes":	12500480,
					"bits_per_second":	100003744.62899721,
					"retransmits":	0,
					"snd_cwnd":	68748,
					"rtt":	555,
					"rttvar":	68,
					"pmtu":	1400,
					"omitted":	false,
					"sender":	true
				}],
			"sum":	{
				"start":	9.000082,
				"end":	10.000083,
				"seconds":	1.0000009536743164,
				"bytes":	12500480,
				"bits_per_second":	100003744.62899721,
				"retransmits":	0,
				"omitted":	false,
				"sender":	true
			}
		}, {
			"streams":	[{
					"socket":	5,
					"start":	10.000083,
					"end":	11.000088,
					"seconds":	1.0000050067901611,
					"bytes":	12501504,
					"bits_per_second":	100011531.26324928,
					"retransmits":	0,
					"snd_cwnd":	68748,
					"rtt":	573,
					"rttvar":	127,
					"pmtu":	1400,
					"omitted":	false,
					"sender":	true
				}],
			"sum":	{
				"start":	10.000083,
				"end":	11.000088,
				"seconds":	1.0000050067901611,
				"bytes":	12501504,
				"bits_per_second":	100011531.26324928,
				"retransmits":	0,
				"omitted":	false,
				"sender":	true
			}
		}, {
			"streams":	[{
					"socket":	5,
					"start":	11.000088,
					"end":	12.000081,
					"seconds":	0.99999302625656128,
					"bytes":	12498432,
					"bits_per_second":	99988153.291727975,
					"retransmits":	0,
					"snd_cwnd":	68748,
					"rtt":	553,
					"rttvar":	97,
					"pmtu":	1400,
					"omitted":	false,
					"sender":	true
				}],
			"sum":	{
				"start":	11.000088,
				"end":	12.000081,
				"seconds":	0.99999302625656128,
				"bytes":	12498432,
				"bits_per_second":	99988153.291727975,
				"retransmits":	0,
				"omitted":	false,
				"sender":	true
			}
		}, {
			"streams":	[{
					"socket":	5,
					"start":	12.000081,
					"end":	13.000088,
					"seconds":	1.0000070333480835,
					"bytes":	12499968,
					"bits_per_second":	99999040.671938941,
					"retransmits":	0,
					"snd_cwnd":	72792,
					"rtt":	566,
					"rttvar":	66,
					"pmtu":	1400,
					"omitted":	false,
					"sender":	true
				}],