{
	"start":	{
		"connected":	[{
				"socket":	5,
				"local_host":	"10.60.0.1",
				"local_port":	50287,
				"remote_host":	"172.16.10.3",
				"remote_port":	5201
			}],
		"version":	"iperf 3.7",
		"system_info":	"Linux ueransim1 5.4.0-169-generic #187-Ubuntu SMP Thu Nov 23 14:52:28 UTC 2023 x86_64",
		"timestamp":	{
			"time":	"Sat, 21 Jun 2025 13:09:17 GMT",
			"timesecs":	1750511357
		},
		"connecting_to":	{
			"host":	"172.16.10.3",
			"port":	5201
		},
		"cookie":	"tmfvafwsaca6wsfwaisijzcybx4i5rcz727c",
		"tcp_mss_default":	1348,
		"target_bitrate":	1000000000,
		"sock_bufsize":	0,
		"sndbuf_actual":	16384,
		"rcvbuf_actual":	131072,
		"test_start":	{
			"protocol":	"TCP",
			"num_streams":	1,
			"blksize":	64,
			"omit":	0,
			"duration":	30,
			"bytes":	0,
			"blocks":	0,
			"reverse":	0,
			"tos":	0
		}
	},
	"intervals":	[{
			"streams":	[{
					"socket":	5,
					"start":	0,
					"end":	1.000003,
					"seconds":	1.0000029802322388,
					"bytes":	19412416,
					"bits_per_second":	155298865.17331538,
					"retransmits":	0,
					"snd_cwnd":	29656,
					"rtt":	483,
					"rttvar":	113,
					"pmtu":	1400,
					"omitted":	false,
					"sender":	true
				}],
			"sum":	{
				"start":	0,
				"end":	1.000003,
				"seconds":	1.0000029802322388,
				"bytes":	19412416,
				"bits_per_second":	155298865.17331538,
				"retransmits":	0,
				"omitted":	false,
				"sender":	true
			}
		}, {
			"streams":	[{
					"socket":	5,
					"start":	1.000003,
					"end":	2.000061,
					"seconds":	1.0000580549240112,
					"bytes":	20608384,
					"bits_per_second":	164857501.21029454,
					"retransmits":	0,
					"snd_cwnd":	29656,
					"rtt":	483,
					"rttvar":	61,
					"pmtu":	1400,
					"omitted":	false,
					"sender":	true
				}],
			"sum":	{
				"start":	1.000003,
				"end":	2.000061,
				"seconds":	1.0000580549240112,
				"bytes":	20608384,
				"bits_per_second":	164857501.21029454,
				"retransmits":	0,
				"omitted":	false,
				"sender":	true
			}
		}, {
			"streams":	[{
					"socket":	5,
					"start":	2.000061,
					"end":	3.000003,
					"seconds":	0.99994200468063354,
					"bytes":	20583168,
					"bits_per_second":	164674894.3730908,
					"retransmits":	0,
					"snd_cwnd":	29656,
					"rtt":	492,
					"rttvar":	69,
					"pmtu":	1400,
					"omitted":	false,
					"sender":	true
				}],
			"sum":	{
				"start":	2.000061,
				"end":	3.000003,
				"seconds":	0.99994200468063354,
				"bytes":	20583168,
				"bits_per_second":	164674894.3730908,
				"retransmits":	0,
				"omitted":	false,
				"sender":	true
			}
		}, {
			"streams":	[{
					"socket":	5,
					"start":	3.000003,
					"end":	4.000003,
					"seconds":	1,
					"bytes":	20523072,
					"bits_per_second":	164184576,
					"retransmits":	0,
					"snd_cwnd":	29656,
					"rtt":	548,
					"rttvar":	82,
					"pmtu":	1400,
					"omitted":	false,
					"sender":	true
				}],
			"sum":	{
				"start":	3.000003,
				"end":	4.000003,
				"seconds":	1,
				"bytes":	20523072,
				"bits_per_second":	164184576,
				"retransmits":	0,
				"omitted":	false,
				"sender":	true
			}
		}, {
			"streams":	[{
					"socket":	5,
					"start":	4.000003,
					"end":	5.000057,
					"seconds":	1.0000540018081665,
					"bytes":	20497984,
					"bits_per_second":	163975017.05258504,
					"retransmits":	0,
					"snd_cwnd":	29656,
					"rtt":	498,
					"rttvar":	61,
					"pmtu":	1400,
					"omitted":	false,
					"sender":	true
				}],
			"sum":	{
				"start":	4.000003,
				"end":	5.000057,
				"seconds":	1.0000540018081665,
				"bytes":	20497984,
				"bits_per_second":	163975017.05258504,
				"retransmits":	0,
				"omitted":	false,
				"sender":	true
			}
		}, {
			"streams":	[{
					"socket":	5,
					"start":	5.000057,
					"end":	6.000004,
					"seconds":	0.99994701147079468,
					"bytes":	20487616,
					"bits_per_second":	163909613.32933295,
					"retransmits":	0,
					"snd_cwnd":	29656,
					"rtt":	592,
					"rttvar":	152,
					"pmtu":	1400,
					"omitted":	false,
					"sender":	true
				}],
			"sum":	{
				"start":	5.000057,
				"end":	6.000004,
				"seconds":	0.99994701147079468,
				"bytes":	20487616,
				"bits_per_second":	163909613.32933295,
				"retransmits":	0,
				"omitted":	false,
				"sender":	true
			}
		}, {
			"streams":	[{
					"socket":	5,
					"start":	6.000004,
					"end":	7.000003,
					"seconds":	0.99999898672103882,
					"bytes":	20524096,
					"bits_per_second":	164192934.37324598,
					"retransmits":	0,
					"snd_cwnd":	29656,
					"rtt":	479,
					"rttvar":	79,
					"pmtu":	1400,
					"omitted":	false,
					"sender":	true
				}],
			"sum":	{
				"start":	6.000004,
				"end":	7.000003,
				"seconds":	0.99999898672103882,
				"bytes":	20524096,
				"bits_per_second":	164192934.37324598,
				"retransmits":	0,
				"omitted":	false,
				"sender":	true
			}
		}, {
			"streams":	[{
					"socket":	5,
					"start":	7.000003,
					"end":	8.000003,
					"seconds":	1,
					"bytes":	20585984,
					"bits_per_second":	164687872,
					"retransmits":	0,
					"snd_cwnd":	29656,
					"rtt":	585,
					"rttvar":	53,
					"pmtu":	1400,
					"omitted":	false,
					"sender":	true
				}],
			"sum":	{
				"start":	7.000003,
				"end":	8.000003,
				"seconds":	1,
				"bytes":	20585984,
				"bits_per_second":	164687872,
				"retransmits":	0,
				"omitted":	false,
				"sender":	true
			}
		}, {
			"streams":	[{
					"socket":	5,
					"start":	8.000003,
					"end":	9.000003,
					"seconds":	1,
					"bytes":	20588160,
					"bits_per_second":	164705280,
					"retransmits":	0,
					"snd_cwnd":	29656,
					"rtt":	545,
					"rttvar":	94,
					"pmtu":	1400,
					"omitted":	false,
					"sender":	true
				}],
			"sum":	{
				"start":	8.000003,
				"end":	9.000003,
				"seconds":	1,
				"bytes":	20588160,
				"bits_per_second":	164705280,
				"retransmits":	0,
				"omitted":	false,
				"sender":	true
			}
		}, {
			"streams":	[{
					"socket":	5,
					"start":	9.000003,
					"end":	10.000055,
					"seconds":	1.0000519752502441,
					"bytes":	20624128,
					"bits_per_second":	164984448.89198244,
					"retransmits":	0,
					"snd_cwnd":	29656,
					"rtt":	606,
					"rttvar":	95,
					"pmtu":	1400,
					"omitted":	false,
					"sender":	true
				}],
			"sum":	{
				"start":	9.000003,
				"end":	10.000055,
				"seconds":	1.0000519752502441,
				"bytes":	20624128,
				"bits_per_second":	164984448.89198244,
				"retransmits":	0,
				"omitted":	false,
				"sender":	true
			}
		}, {
			"streams":	[{
					"socket":	5,
					"start":	10.000055,
					"end":	11.000058,
					"seconds":	1.0000029802322388,
					"bytes":	20641280,
					"bits_per_second":	165129747.87500179,
					"retransmits":	0,
					"snd_cwnd":	29656,
					"rtt":	447,
					"rttvar":	128,
					"pmtu":	1400,
					"omitted":	false,
					"sender":	true
				}],
			"sum":	{
				"start":	10.000055,
				"end":	11.000058,
				"seconds":	1.0000029802322388,
				"bytes":	20641280,
				"bits_per_second":	165129747.87500179,
				"retransmits":	0,
				"omitted":	false,
				"sender":	true
			}
		}, {
			"streams":	[{
					"socket":	5,
					"start":	11.000058,
					"end":	12.000003,
					"seconds":	0.99994498491287231,
					"bytes":	20642880,
					"bits_per_second":	165152125.85859343,
					"retransmits":	0,
					"snd_cwnd":	48528,
					"rtt":	536,
					"rttvar":	80,
					"pmtu":	1400,
					"omitted":	false,
					"sender":	true
				}],
			"sum":	{
				"start":	11.000058,
				"end":	12.000003,
				"seconds":	0.99994498491287231,
				"bytes":	20642880,
				"bits_per_second":	165152125.85859343,
				"retransmits":	0,
				"omitted":	false,
				"sender":	true
			}
		}, {
			"streams":	[{
					"socket":	5,
					"start":	12.000003,
					"end":	13.000065,
					"seconds":	1.0000619888305664,
					"bytes":	20598784,
					"bits_per_second":	164780057.47693634,
					"retransmits":	0,
					"snd_cwnd":	48528,
					"rtt":	606,
					"rttvar":	87,
					"pmtu":	1400,
					"omitted":	false,
					"sender":	true
				}],
			"sum":	{
				"start":	12.000003,
				"end":	13.000065,
				"seconds":	1.0000619888305664,
				"bytes":	20598784,