{
	"start":	{
		"connected":	[{
				"socket":	5,
				"local_host":	"10.60.0.1",
				"local_port":	50797,
				"remote_host":	"172.16.10.3",
				"remote_port":	5201
			}],
		"version":	"iperf 3.7",
		"system_info":	"Linux ueransim1 5.4.0-169-generic #187-Ubuntu SMP Thu Nov 23 14:52:28 UTC 2023 x86_64",
		"timestamp":	{
			"time":	"Sat, 21 Jun 2025 13:00:12 GMT",
			"timesecs":	1750510812
		},
		"connecting_to":	{
			"host":	"172.16.10.3",
			"port":	5201
		},
		"cookie":	"jz4wr7n33d6knfy6a5fok3u3dolwwlpv65un",
		"tcp_mss_default":	1348,
		"target_bitrate":	100000000,
		"sock_bufsize":	0,
		"sndbuf_actual":	16384,
		"rcvbuf_actual":	131072,
		"test_start":	{
			"protocol":	"TCP",
			"num_streams":	1,
			"blksize":	512,
			"omit":	0,
			"duration":	30,
			"bytes":	0,
			"blocks":	0,
			"reverse":	0,
			"tos":	0
		}
	},
	"intervals":	[{
			"streams":	[{
					"socket":	5,
					"start":	0,
					"end":	1.000109,
					"seconds":	1.0001089572906494,
					"bytes":	12490240,
					"bits_per_second":	99911033.964433253,
					"retransmits":	0,
					"snd_cwnd":	32352,
					"rtt":	561,
					"rttvar":	111,
					"pmtu":	1400,
					"omitted":	false,
					"sender":	true
				}],
			"sum":	{
				"start":	0,
				"end":	1.000109,
				"seconds":	1.0001089572906494,
				"bytes":	12490240,
				"bits_per_second":	99911033.964433253,
				"retransmits":	0,
				"omitted":	false,
				"sender":	true
			}
		}, {
			"streams":	[{
					"socket":	5,
					"start":	1.000109,
					"end":	2.0001,
					"seconds":	0.99999099969863892,
					"bytes":	12499456,
					"bits_per_second":	99996547.999067053,
					"retransmits":	0,
					"snd_cwnd":	33700,
					"rtt":	598,
					"rttvar":	112,
					"pmtu":	1400,
					"omitted":	false,
					"sender":	true
				}],
			"sum":	{
				"start":	1.000109,
				"end":	2.0001,
				"seconds":	0.99999099969863892,
				"bytes":	12499456,
				"bits_per_second":	99996547.999067053,
				"retransmits":	0,
				"omitted":	false,
				"sender":	true
			}
		}, {
			"streams":	[{
					"socket":	5,
					"start":	2.0001,
					"end":	3.000081,
					"seconds":	0.99998098611831665,
					"bytes":	12500480,
					"bits_per_second":	100005741.49733649,
					"retransmits":	0,
					"snd_cwnd":	40440,
					"rtt":	413,
					"rttvar":	55,
					"pmtu":	1400,
					"omitted":	false,
					"sender":	true
				}],
			"sum":	{
				"start":	2.0001,
				"end":	3.000081,
				"seconds":	0.99998098611831665,
				"bytes":	12500480,
				"bits_per_second":	100005741.49733649,
				"retransmits":	0,
				"omitted":	false,
				"sender":	true
			}
		}, {
			"streams":	[{
					"socket":	5,
					"start":	3.000081,
					"end":	4.000065,
					"seconds":	0.9999840259552002,
					"bytes":	12499456,
					"bits_per_second":	99997245.360477239,
					"retransmits":	0,
					"snd_cwnd":	40440,
					"rtt":	461,
					"rttvar":	141,
					"pmtu":	1400,
					"omitted":	false,
					"sender":	true
				}],
			"sum":	{
				"start":	3.000081,
				"end":	4.000065,
				"seconds":	0.9999840259552002,
				"bytes":	12499456,
				"bits_per_second":	99997245.360477239,
				"retransmits":	0,
				"omitted":	false,
				"sender":	true
			}
		}, {
			"streams":	[{
					"socket":	5,
					"start":	4.000065,
					"end":	5.000063,
					"seconds":	0.99999797344207764,
					"bytes":	12500480,
					"bits_per_second":	100004042.66398492,
					"retransmits":	0,
					"snd_cwnd":	40440,
					"rtt":	508,
					"rttvar":	125,
					"pmtu":	1400,
					"omitted":	false,
					"sender":	true
				}],
			"sum":	{
				"start":	4.000065,
				"end":	5.000063,
				"seconds":	0.99999797344207764,
				"bytes":	12500480,
				"bits_per_second":	100004042.66398492,
				"retransmits":	0,
				"omitted":	false,
				"sender":	true
			}
		}, {
			"streams":	[{
					"socket":	5,
					"start":	5.000063,
					"end":	6.000087,
					"seconds":	1.0000239610671997,
					"bytes":	12499456,
					"bits_per_second":	99993252.054968,
					"retransmits":	0,
					"snd_cwnd":	43136,
					"rtt":	636,
					"rttvar":	109,
					"pmtu":	1400,
					"omitted":	false,
					"sender":	true
				}],
			"sum":	{
				"start":	5.000063,
				"end":	6.000087,
				"seconds":	1.0000239610671997,
				"bytes":	12499456,
				"bits_per_second":	99993252.054968,
				"retransmits":	0,
				"omitted":	false,
				"sender":	true
			}
		}, {
			"streams":	[{
					"socket":	5,
					"start":	6.000087,
					"end":	7.000057,
					"seconds":	0.999970018863678,
					"bytes":	12499968,
					"bits_per_second":	100002742.19584635,
					"retransmits":	0,
					"snd_cwnd":	43136,
					"rtt":	557,
					"rttvar":	163,
					"pmtu":	1400,
					"omitted":	false,
					"sender":	true
				}],
			"sum":	{
				"start":	6.000087,
				"end":	7.000057,
				"seconds":	0.999970018863678,
				"bytes":	12499968,
				"bits_per_second":	100002742.19584635,
				"retransmits":	0,
				"omitted":	false,
				"sender":	true
			}
		}, {
			"streams":	[{
					"socket":	5,
					"start":	7.000057,
					"end":	8.00006,
					"seconds":	1.0000029802322388,
					"bytes":	12499968,
					"bits_per_second":	99999445.978427231,
					"retransmits":	0,
					"snd_cwnd":	43136,
					"rtt":	543,
					"rttvar":	82,
					"pmtu":	1400,
					"omitted":	false,
					"sender":	true
				}],
			"sum":	{
				"start":	7.000057,
				"end":	8.00006,
				"seconds":	1.0000029802322388,
				"bytes":	12499968,
				"bits_per_second":	99999445.978427231,
				"retransmits":	0,
				"omitted":	false,
				"sender":	true
			}
		}, {
			"streams":	[{
					"socket":	5,
					"start":	8.00006,
					"end":	9.000082,
					"seconds":	1.0000220537185669,
					"bytes":	12500480,
					"bits_per_second":	100001634.59209448,
					"retransmits":	0,
					"snd_cwnd":	44484,
					"rtt":	590,
					"rttvar":	115,
					"pmtu":	1400,
					"omitted":	false,
					"sender":	true
				}],
			"sum":	{
				"start":	8.00006,
				"end":	9.000082,
				"seconds":	1.0000220537185669,
				"bytes":	12500480,
				"bits_per_second":	100001634.59209448,
				"retransmits":	0,
				"omitted":	false,
				"sender":	true
			}
		}, {
			"streams":	[{
					"socket":	5,
					"start":	9.000082,
					"end":	10.00008,
					"seconds":	0.99999797344207764,
					"bytes":	12500992,
					"bits_per_second":	100008138.67228572,
					"retransmits":	0,
					"snd_cwnd":	48528,
					"rtt":	495,
					"rttvar":	49,
					"pmtu":	1400,
					"omitted":	false,
					"sender":	true
				}],
			"sum":	{
				"start":	9.000082,
				"end":	10.00008,
				"seconds":	0.99999797344207764,
				"bytes":	12500992,
				"bits_per_second":	100008138.67228572,
				"retransmits":	0,
				"omitted":	false,
				"sender":	true
			}
		}, {
			"streams":	[{
					"socket":	5,
					"start":	10.00008,
					"end":	11.000061,
					"seconds":	0.99998098611831665,
					"bytes":	12499456,
					"bits_per_second":	99997549.341571808,
					"retransmits":	0,
					"snd_cwnd":	48528,
					"rtt":	556,
					"rttvar":	143,
					"pmtu":	1400,
					"omitted":	false,
					"sender":	true
				}],
			"sum":	{
				"start":	10.00008,
				"end":	11.000061,
				"seconds":	0.99998098611831665,
				"bytes":	12499456,
				"bits_per_second":	99997549.341571808,
				"retransmits":	0,
				"omitted":	false,
				"sender":	true
			}
		}, {
			"streams":	[{
					"socket":	5,
					"start":	11.000061,
					"end":	12.000057,
					"seconds":	0.9999960064888,
					"bytes":	12499968,
					"bits_per_second":	100000143.35169247,
					"retransmits":	0,
					"snd_cwnd":	48528,
					"rtt":	494,
					"rttvar":	72,
					"pmtu":	1400,
					"omitted":	false,
					"sender":	true
				}],
			"sum":	{
				"start":	11.000061,
				"end":	12.000057,
				"seconds":	0.9999960064888,
				"bytes":	12499968,
				"bits_per_second":	100000143.35169247,
				"retransmits":	0,
				"omitted":	false,
				"sender":	true
			}
		}, {
			"streams":	[{
					"socket":	5,
					"start":	12.000057,
					"end":	13.000062,
					"seconds":	1.0000050067901611,
					"bytes":	12499456,
					"bits_per_second":	99995147.345280111,
					"retransmits":	0,
					"snd_cwnd":	48528,
					"rtt":	601,
					"rttvar":	23,
					"pmtu":	1400,
					"omitted":	false,