{
	"start":	{
		"connected":	[{
				"socket":	5,
				"local_host":	"10.60.0.1",
				"local_port":	51899,
				"remote_host":	"172.16.10.3",
				"remote_port":	5201
			}],
		"version":	"iperf 3.7",
		"system_info":	"Linux ueransim1 5.4.0-169-generic #187-Ubuntu SMP Thu Nov 23 14:52:28 UTC 2023 x86_64",
		"timestamp":	{
			"time":	"Sat, 21 Jun 2025 13:12:29 GMT",
			"timesecs":	1750511549
		},
		"connecting_to":	{
			"host":	"172.16.10.3",
			"port":	5201
		},
		"cookie":	"3hvybsysqdxu6ekkd4xi2kvk2btk4ybhhtng",
		"tcp_mss_default":	1348,
		"target_bitrate":	1000000000,
		"sock_bufsize":	0,
		"sndbuf_actual":	16384,
		"rcvbuf_actual":	131072,
		"test_start":	{
			"protocol":	"TCP",
			"num_streams":	1,
			"blksize":	512,
			"omit":	0,
			"duration":	30,
			"bytes":	0,
			"blocks":	0,
			"reverse":	0,
			"tos":	0
		}
	},
	"intervals":	[{
			"streams":	[{
					"socket":	5,
					"start":	0,
					"end":	1.000003,
					"seconds":	1.0000029802322388,
					"bytes":	117018112,
					"bits_per_second":	936142106.07911539,
					"retransmits":	54,
					"snd_cwnd":	531112,
					"rtt":	4374,
					"rttvar":	146,
					"pmtu":	1400,
					"omitted":	false,
					"sender":	true
				}],
			"sum":	{
				"start":	0,
				"end":	1.000003,
				"seconds":	1.0000029802322388,
				"bytes":	117018112,
				"bits_per_second":	936142106.07911539,
				"retransmits":	54,
				"omitted":	false,
				"sender":	true
			}
		}, {
			"streams":	[{
					"socket":	5,
					"start":	1.000003,
					"end":	2.00001,
					"seconds":	1.0000070333480835,
					"bytes":	100399616,
					"bits_per_second":	803191278.876158,
					"retransmits":	0,
					"snd_cwnd":	566160,
					"rtt":	740,
					"rttvar":	93,
					"pmtu":	1400,
					"omitted":	false,
					"sender":	true
				}],
			"sum":	{
				"start":	1.000003,
				"end":	2.00001,
				"seconds":	1.0000070333480835,
				"bytes":	100399616,
				"bits_per_second":	803191278.876158,
				"retransmits":	0,
				"omitted":	false,
				"sender":	true
			}
		}, {
			"streams":	[{
					"socket":	5,
					"start":	2.00001,
					"end":	3.000003,
					"seconds":	0.99999302625656128,
					"bytes":	102500864,
					"bits_per_second":	820012630.55770206,
					"retransmits":	0,
					"snd_cwnd":	566160,
					"rtt":	791,
					"rttvar":	35,
					"pmtu":	1400,
					"omitted":	false,
					"sender":	true
				}],
			"sum":	{
				"start":	2.00001,
				"end":	3.000003,
				"seconds":	0.99999302625656128,
				"bytes":	102500864,
				"bits_per_second":	820012630.55770206,
				"retransmits":	0,
				"omitted":	false,
				"sender":	true
			}
		}, {
			"streams":	[{
					"socket":	5,
					"start":	3.000003,
					"end":	4.000061,
					"seconds":	1.0000580549240112,
					"bytes":	102187008,
					"bits_per_second":	817448607.08323264,
					"retransmits":	0,
					"snd_cwnd":	566160,
					"rtt":	554,
					"rttvar":	110,
					"pmtu":	1400,
					"omitted":	false,
					"sender":	true
				}],
			"sum":	{
				"start":	3.000003,
				"end":	4.000061,
				"seconds":	1.0000580549240112,
				"bytes":	102187008,
				"bits_per_second":	817448607.08323264,
				"retransmits":	0,
				"omitted":	false,
				"sender":	true
			}
		}, {
			"streams":	[{
					"socket":	5,
					"start":	4.000061,
					"end":	5.000057,
					"seconds":	0.9999960064888,
					"bytes":	102387200,
					"bits_per_second":	819100871.08850253,
					"retransmits":	0,
					"snd_cwnd":	566160,
					"rtt":	461,
					"rttvar":	48,
					"pmtu":	1400,
					"omitted":	false,
					"sender":	true
				}],
			"sum":	{
				"start":	4.000061,
				"end":	5.000057,
				"seconds":	0.9999960064888,
				"bytes":	102387200,
				"bits_per_second":	819100871.08850253,
				"retransmits":	0,
				"omitted":	false,
				"sender":	true
			}
		}, {
			"streams":	[{
					"socket":	5,
					"start":	5.000057,
					"end":	6.000004,
					"seconds":	0.99994701147079468,
					"bytes":	102261760,
					"bits_per_second":	818137431.89920413,
					"retransmits":	0,
					"snd_cwnd":	566160,
					"rtt":	759,
					"rttvar":	45,
					"pmtu":	1400,
					"omitted":	false,
					"sender":	true
				}],
			"sum":	{
				"start":	5.000057,
				"end":	6.000004,
				"seconds":	0.99994701147079468,
				"bytes":	102261760,
				"bits_per_second":	818137431.89920413,
				"retransmits":	0,
				"omitted":	false,
				"sender":	true
			}
		}, {
			"streams":	[{
					"socket":	5,
					"start":	6.000004,
					"end":	7.000111,
					"seconds":	1.0001070499420166,
					"bytes":	102378496,
					"bits_per_second":	818940300.48831761,
					"retransmits":	0,
					"snd_cwnd":	566160,
					"rtt":	443,
					"rttvar":	70,
					"pmtu":	1400,
					"omitted":	false,
					"sender":	true
				}],
			"sum":	{
				"start":	6.000004,
				"end":	7.000111,
				"seconds":	1.0001070499420166,
				"bytes":	102378496,
				"bits_per_second":	818940300.48831761,
				"retransmits":	0,
				"omitted":	false,
				"sender":	true
			}
		}, {
			"streams":	[{
					"socket":	5,
					"start":	7.000111,
					"end":	8.000005,
					"seconds":	0.99989402294158936,
					"bytes":	102486016,
					"bits_per_second":	819975026.541283,
					"retransmits":	0,
					"snd_cwnd":	566160,
					"rtt":	830,
					"rttvar":	52,
					"pmtu":	1400,
					"omitted":	false,
					"sender":	true
				}],
			"sum":	{
				"start":	7.000111,
				"end":	8.000005,
				"seconds":	0.99989402294158936,
				"bytes":	102486016,
				"bits_per_second":	819975026.541283,
				"retransmits":	0,
				"omitted":	false,
				"sender":	true
			}
		}, {
			"streams":	[{
					"socket":	5,
					"start":	8.000005,
					"end":	9.000056,
					"seconds":	1.0000510215759277,
					"bytes":	102211584,
					"bits_per_second":	817650954.15976,
					"retransmits":	0,
					"snd_cwnd":	566160,
					"rtt":	688,
					"rttvar":	68,
					"pmtu":	1400,
					"omitted":	false,
					"sender":	true
				}],
			"sum":	{
				"start":	8.000005,
				"end":	9.000056,
				"seconds":	1.0000510215759277,
				"bytes":	102211584,
				"bits_per_second":	817650954.15976,
				"retransmits":	0,
				"omitted":	false,
				"sender":	true
			}
		}, {
			"streams":	[{
					"socket":	5,
					"start":	9.000056,
					"end":	10.000002,
					"seconds":	0.9999459981918335,
					"bytes":	102288384,
					"bits_per_second":	818351264.44799554,
					"retransmits":	0,
					"snd_cwnd":	566160,
					"rtt":	904,
					"rttvar":	186,
					"pmtu":	1400,
					"omitted":	false,
					"sender":	true
				}],
			"sum":	{
				"start":	9.000056,
				"end":	10.000002,
				"seconds":	0.9999459981918335,
				"bytes":	102288384,
				"bits_per_second":	818351264.44799554,
				"retransmits":	0,
				"omitted":	false,
				"sender":	true
			}
		}, {
			"streams":	[{
					"socket":	5,
					"start":	10.000002,
					"end":	11.000002,
					"seconds":	1,
					"bytes":	102507008,
					"bits_per_second":	820056064,
					"retransmits":	0,
					"snd_cwnd":	566160,
					"rtt":	612,
					"rttvar":	43,
					"pmtu":	1400,
					"omitted":	false,
					"sender":	true
				}],
			"sum":	{
				"start":	10.000002,
				"end":	11.000002,
				"seconds":	1,
				"bytes":	102507008,
				"bits_per_second":	820056064,
				"retransmits":	0,
				"omitted":	false,
				"sender":	true
			}
		}, {
			"streams":	[{
					"socket":	5,
					"start":	11.000002,
					"end":	12.000002,
					"seconds":	1,
					"bytes":	102412288,
					"bits_per_second":	819298304,
					"retransmits":	0,
					"snd_cwnd":	566160,
					"rtt":	711,
					"rttvar":	93,
					"pmtu":	1400,
					"omitted":	false,
					"sender":	true
				}],
			"sum":	{
				"start":	11.000002,
				"end":	12.000002,
				"seconds":	1,
				"bytes":	102412288,
				"bits_per_second":	819298304,
				"retransmits":	0,
				"omitted":	false,
				"sender":	true
			}
		}, {
			"streams":	[{
					"socket":	5,
					"start":	12.000002,
					"end":	13.000002,
					"seconds":	1,
					"bytes":	107057152,
					"bits_per_second":	856457216,
					"retransmits":	0,
					"snd_cwnd":	644344,
					"rtt":	799,
					"rttvar":	53,
					"pmtu":	1400,
					"omitted":	false,
					"sender":	true
				}],
			"sum":	{
				"start":	12.000002,
				"end":	13.000002,
				"seconds":	1,