{
	"start":	{
		"connected":	[{
				"socket":	5,
				"local_host":	"10.60.0.1",
				"local_port":	35597,
				"remote_host":	"172.16.10.3",
				"remote_port":	5201
			}],
		"version":	"iperf 3.7",
		"system_info":	"Linux ueransim1 5.4.0-169-generic #187-Ubuntu SMP Thu Nov 23 14:52:28 UTC 2023 x86_64",
		"timestamp":	{
			"time":	"Sat, 21 Jun 2025 12:57:32 GMT",
			"timesecs":	1750510652
		},
		"connecting_to":	{
			"host":	"172.16.10.3",
			"port":	5201
		},
		"cookie":	"ueq2dboeihtfzfomhbhvmg5lxwwwesmln6vj",
		"tcp_mss_default":	1348,
		"target_bitrate":	100000000,
		"sock_bufsize":	0,
		"sndbuf_actual":	16384,
		"rcvbuf_actual":	131072,
		"test_start":	{
			"protocol":	"TCP",
			"num_streams":	1,
			"blksize":	64,
			"omit":	0,
			"duration":	30,
			"bytes":	0,
			"blocks":	0,
			"reverse":	0,
			"tos":	0
		}
	},
	"intervals":	[{
			"streams":	[{
					"socket":	5,
					"start":	0,
					"end":	1.000056,
					"seconds":	1.0000560283660889,
					"bytes":	12499456,
					"bits_per_second":	99990045.7211131,
					"retransmits":	0,
					"snd_cwnd":	31004,
					"rtt":	303,
					"rttvar":	25,
					"pmtu":	1400,
					"omitted":	false,
					"sender":	true
				}],
			"sum":	{
				"start":	0,
				"end":	1.000056,
				"seconds":	1.0000560283660889,
				"bytes":	12499456,
				"bits_per_second":	99990045.7211131,
				"retransmits":	0,
				"omitted":	false,
				"sender":	true
			}
		}, {
			"streams":	[{
					"socket":	5,
					"start":	1.000056,
					"end":	2.000086,
					"seconds":	1.0000300407409668,
					"bytes":	12490496,
					"bits_per_second":	99920966.300134227,
					"retransmits":	0,
					"snd_cwnd":	32352,
					"rtt":	385,
					"rttvar":	156,
					"pmtu":	1400,
					"omitted":	false,
					"sender":	true
				}],
			"sum":	{
				"start":	1.000056,
				"end":	2.000086,
				"seconds":	1.0000300407409668,
				"bytes":	12490496,
				"bits_per_second":	99920966.300134227,
				"retransmits":	0,
				"omitted":	false,
				"sender":	true
			}
		}, {
			"streams":	[{
					"socket":	5,
					"start":	2.000086,
					"end":	3.000081,
					"seconds":	0.99999499320983887,
					"bytes":	12506624,
					"bits_per_second":	100053492.94684407,
					"retransmits":	0,
					"snd_cwnd":	32352,
					"rtt":	330,
					"rttvar":	37,
					"pmtu":	1400,
					"omitted":	false,
					"sender":	true
				}],
			"sum":	{
				"start":	2.000086,
				"end":	3.000081,
				"seconds":	0.99999499320983887,
				"bytes":	12506624,
				"bits_per_second":	100053492.94684407,
				"retransmits":	0,
				"omitted":	false,
				"sender":	true
			}
		}, {
			"streams":	[{
					"socket":	5,
					"start":	3.000081,
					"end":	4.000056,
					"seconds":	0.99997502565383911,
					"bytes":	12503424,
					"bits_per_second":	100029890.18110383,
					"retransmits":	0,
					"snd_cwnd":	32352,
					"rtt":	359,
					"rttvar":	83,
					"pmtu":	1400,
					"omitted":	false,
					"sender":	true
				}],
			"sum":	{
				"start":	3.000081,
				"end":	4.000056,
				"seconds":	0.99997502565383911,
				"bytes":	12503424,
				"bits_per_second":	100029890.18110383,
				"retransmits":	0,
				"omitted":	false,
				"sender":	true
			}
		}, {
			"streams":	[{
					"socket":	5,
					"start":	4.000056,
					"end":	5.000057,
					"seconds":	1.0000009536743164,
					"bytes":	12499008,
					"bits_per_second":	99991968.640227661,
					"retransmits":	0,
					"snd_cwnd":	32352,
					"rtt":	355,
					"rttvar":	92,
					"pmtu":	1400,
					"omitted":	false,
					"sender":	true
				}],
			"sum":	{
				"start":	4.000056,
				"end":	5.000057,
				"seconds":	1.0000009536743164,
				"bytes":	12499008,
				"bits_per_second":	99991968.640227661,
				"retransmits":	0,
				"omitted":	false,
				"sender":	true
			}
		}, {
			"streams":	[{
					"socket":	5,
					"start":	5.000057,
					"end":	6.000056,
					"seconds":	0.99999898672103882,
					"bytes":	12500352,
					"bits_per_second":	100002917.33085218,
					"retransmits":	0,
					"snd_cwnd":	32352,
					"rtt":	316,
					"rttvar":	51,
					"pmtu":	1400,
					"omitted":	false,
					"sender":	true
				}],
			"sum":	{
				"start":	5.000057,
				"end":	6.000056,
				"seconds":	0.99999898672103882,
				"bytes":	12500352,
				"bits_per_second":	100002917.33085218,
				"retransmits":	0,
				"omitted":	false,
				"sender":	true
			}
		}, {
			"streams":	[{
					"socket":	5,
					"start":	6.000056,
					"end":	7.000079,
					"seconds":	1.0000230073928833,
					"bytes":	12496128,
					"bits_per_second":	99966724.026305065,
					"retransmits":	0,
					"snd_cwnd":	32352,
					"rtt":	319,
					"rttvar":	52,
					"pmtu":	1400,
					"omitted":	false,
					"sender":	true
				}],
			"sum":	{
				"start":	6.000056,
				"end":	7.000079,
				"seconds":	1.0000230073928833,
				"bytes":	12496128,
				"bits_per_second":	99966724.026305065,
				"retransmits":	0,
				"omitted":	false,
				"sender":	true
			}
		}, {
			"streams":	[{
					"socket":	5,
					"start":	7.000079,
					"end":	8.000101,
					"seconds":	1.0000220537185669,
					"bytes":	12494400,
					"bits_per_second":	99952995.664763689,
					"retransmits":	0,
					"snd_cwnd":	32352,
					"rtt":	345,
					"rttvar":	94,
					"pmtu":	1400,
					"omitted":	false,
					"sender":	true
				}],
			"sum":	{
				"start":	7.000079,
				"end":	8.000101,
				"seconds":	1.0000220537185669,
				"bytes":	12494400,
				"bits_per_second":	99952995.664763689,
				"retransmits":	0,
				"omitted":	false,
				"sender":	true
			}
		}, {
			"streams":	[{
					"socket":	5,
					"start":	8.000101,
					"end":	9.000003,
					"seconds":	0.99990200996398926,
					"bytes":	12509824,
					"bits_per_second":	100088399.66588752,
					"retransmits":	0,
					"snd_cwnd":	32352,
					"rtt":	359,
					"rttvar":	55,
					"pmtu":	1400,
					"omitted":	false,
					"sender":	true
				}],
			"sum":	{
				"start":	8.000101,
				"end":	9.000003,
				"seconds":	0.99990200996398926,
				"bytes":	12509824,
				"bits_per_second":	100088399.66588752,
				"retransmits":	0,
				"omitted":	false,
				"sender":	true
			}
		}, {
			"streams":	[{
					"socket":	5,
					"start":	9.000003,
					"end":	10.000089,
					"seconds":	1.0000859498977661,
					"bytes":	12493504,
					"bits_per_second":	99939442.2151588,
					"retransmits":	0,
					"snd_cwnd":	44484,
					"rtt":	315,
					"rttvar":	44,
					"pmtu":	1400,
					"omitted":	false,
					"sender":	true
				}],
			"sum":	{
				"start":	9.000003,
				"end":	10.000089,
				"seconds":	1.0000859498977661,
				"bytes":	12493504,
				"bits_per_second":	99939442.2151588,
				"retransmits":	0,
				"omitted":	false,
				"sender":	true
			}
		}, {
			"streams":	[{
					"socket":	5,
					"start":	10.000089,
					"end":	11.000096,
					"seconds":	1.0000070333480835,
					"bytes":	12501888,
					"bits_per_second":	100014400.56390747,
					"retransmits":	0,
					"snd_cwnd":	44484,
					"rtt":	332,
					"rttvar":	55,
					"pmtu":	1400,
					"omitted":	false,
					"sender":	true
				}],
			"sum":	{
				"start":	10.000089,
				"end":	11.000096,
				"seconds":	1.0000070333480835,
				"bytes":	12501888,
				"bits_per_second":	100014400.56390747,
				"retransmits":	0,
				"omitted":	false,
				"sender":	true
			}
		}, {
			"streams":	[{
					"socket":	5,
					"start":	11.000096,
					"end":	12.000081,
					"seconds":	0.9999849796295166,
					"bytes":	12501120,
					"bits_per_second":	100010462.19419438,
					"retransmits":	0,
					"snd_cwnd":	44484,
					"rtt":	340,
					"rttvar":	28,
					"pmtu":	1400,
					"omitted":	false,
					"sender":	true
				}],
			"sum":	{
				"start":	11.000096,
				"end":	12.000081,
				"seconds":	0.9999849796295166,
				"bytes":	12501120,
				"bits_per_second":	100010462.19419438,
				"retransmits":	0,
				"omitted":	false,
				"sender":	true
			}
		}, {
			"streams":	[{
					"socket":	5,
					"start":	12.000081,
					"end":	13.000079,
					"seconds":	0.99999797344207764,
					"bytes":	12500160,
					"bits_per_second":	100001482.65879694,
					"retransmits":	0,
					"snd_cwnd":	44484,
					"rtt":	339,
					"rttvar":	71,
					"pmtu":	1400,
					"omitted":	false,