{
	"start":	{
		"connected":	[{
				"socket":	5,
				"local_host":	"10.60.0.1",
				"local_port":	42239,
				"remote_host":	"172.16.10.3",
				"remote_port":	5201
			}],
		"version":	"iperf 3.7",
		"system_info":	"Linux ueransim1 5.4.0-169-generic #187-Ubuntu SMP Thu Nov 23 14:52:28 UTC 2023 x86_64",
		"timestamp":	{
			"time":	"Sat, 21 Jun 2025 13:05:00 GMT",
			"timesecs":	1750511100
		},
		"connecting_to":	{
			"host":	"172.16.10.3",
			"port":	5201
		},
		"cookie":	"uc5m5dwijchaypijazxquyday6a7j5z5xdhb",
		"tcp_mss_default":	1348,
		"target_bitrate":	500000000,
		"sock_bufsize":	0,
		"sndbuf_actual":	16384,
		"rcvbuf_actual":	131072,
		"test_start":	{
			"protocol":	"TCP",
			"num_streams":	1,
			"blksize":	128,
			"omit":	0,
			"duration":	30,
			"bytes":	0,
			"blocks":	0,
			"reverse":	0,
			"tos":	0
		}
	},
	"intervals":	[{
			"streams":	[{
					"socket":	5,
					"start":	0,
					"end":	1.000003,
					"seconds":	1.0000029802322388,
					"bytes":	36576384,
					"bits_per_second":	292610199.95364869,
					"retransmits":	0,
					"snd_cwnd":	49876,
					"rtt":	397,
					"rttvar":	61,
					"pmtu":	1400,
					"omitted":	false,
					"sender":	true
				}],
			"sum":	{
				"start":	0,
				"end":	1.000003,
				"seconds":	1.0000029802322388,
				"bytes":	36576384,
				"bits_per_second":	292610199.95364869,
				"retransmits":	0,
				"omitted":	false,
				"sender":	true
			}
		}, {
			"streams":	[{
					"socket":	5,
					"start":	1.000003,
					"end":	2.000004,
					"seconds":	1.0000009536743164,
					"bytes":	39073280,
					"bits_per_second":	312585941.89481556,
					"retransmits":	0,
					"snd_cwnd":	49876,
					"rtt":	400,
					"rttvar":	96,
					"pmtu":	1400,
					"omitted":	false,
					"sender":	true
				}],
			"sum":	{
				"start":	1.000003,
				"end":	2.000004,
				"seconds":	1.0000009536743164,
				"bytes":	39073280,
				"bits_per_second":	312585941.89481556,
				"retransmits":	0,
				"omitted":	false,
				"sender":	true
			}
		}, {
			"streams":	[{
					"socket":	5,
					"start":	2.000004,
					"end":	3.000065,
					"seconds":	1.00006103515625,
					"bytes":	39065984,
					"bits_per_second":	312508797.976686,
					"retransmits":	0,
					"snd_cwnd":	49876,
					"rtt":	401,
					"rttvar":	56,
					"pmtu":	1400,
					"omitted":	false,
					"sender":	true
				}],
			"sum":	{
				"start":	2.000004,
				"end":	3.000065,
				"seconds":	1.00006103515625,
				"bytes":	39065984,
				"bits_per_second":	312508797.976686,
				"retransmits":	0,
				"omitted":	false,
				"sender":	true
			}
		}, {
			"streams":	[{
					"socket":	5,
					"start":	3.000065,
					"end":	4.000004,
					"seconds":	0.99993902444839478,
					"bytes":	39101056,
					"bits_per_second":	312827522.83076191,
					"retransmits":	0,
					"snd_cwnd":	76836,
					"rtt":	385,
					"rttvar":	73,
					"pmtu":	1400,
					"omitted":	false,
					"sender":	true
				}],
			"sum":	{
				"start":	3.000065,
				"end":	4.000004,
				"seconds":	0.99993902444839478,
				"bytes":	39101056,
				"bits_per_second":	312827522.83076191,
				"retransmits":	0,
				"omitted":	false,
				"sender":	true
			}
		}, {
			"streams":	[{
					"socket":	5,
					"start":	4.000004,
					"end":	5.000004,
					"seconds":	1,
					"bytes":	39045760,
					"bits_per_second":	312366080,
					"retransmits":	0,
					"snd_cwnd":	76836,
					"rtt":	400,
					"rttvar":	58,
					"pmtu":	1400,
					"omitted":	false,
					"sender":	true
				}],
			"sum":	{
				"start":	4.000004,
				"end":	5.000004,
				"seconds":	1,
				"bytes":	39045760,
				"bits_per_second":	312366080,
				"retransmits":	0,
				"omitted":	false,
				"sender":	true
			}
		}, {
			"streams":	[{
					"socket":	5,
					"start":	5.000004,
					"end":	6.000004,
					"seconds":	1,
					"bytes":	39073792,
					"bits_per_second":	312590336,
					"retransmits":	0,
					"snd_cwnd":	76836,
					"rtt":	404,
					"rttvar":	60,
					"pmtu":	1400,
					"omitted":	false,
					"sender":	true
				}],
			"sum":	{
				"start":	5.000004,
				"end":	6.000004,
				"seconds":	1,
				"bytes":	39073792,
				"bits_per_second":	312590336,
				"retransmits":	0,
				"omitted":	false,
				"sender":	true
			}
		}, {
			"streams":	[{
					"socket":	5,
					"start":	6.000004,
					"end":	7.000029,
					"seconds":	1.0000250339508057,
					"bytes":	39130496,
					"bits_per_second":	313036131.46888441,
					"retransmits":	0,
					"snd_cwnd":	76836,
					"rtt":	509,
					"rttvar":	68,
					"pmtu":	1400,
					"omitted":	false,
					"sender":	true
				}],
			"sum":	{
				"start":	6.000004,
				"end":	7.000029,
				"seconds":	1.0000250339508057,
				"bytes":	39130496,
				"bits_per_second":	313036131.46888441,
				"retransmits":	0,
				"omitted":	false,
				"sender":	true
			}
		}, {
			"streams":	[{
					"socket":	5,
					"start":	7.000029,
					"end":	8.000057,
					"seconds":	1.0000280141830444,
					"bytes":	39196800,
					"bits_per_second":	313565615.71544492,
					"retransmits":	0,
					"snd_cwnd":	76836,
					"rtt":	402,
					"rttvar":	52,
					"pmtu":	1400,
					"omitted":	false,
					"sender":	true
				}],
			"sum":	{
				"start":	7.000029,
				"end":	8.000057,
				"seconds":	1.0000280141830444,
				"bytes":	39196800,
				"bits_per_second":	313565615.71544492,
				"retransmits":	0,
				"omitted":	false,
				"sender":	true
			}
		}, {
			"streams":	[{
					"socket":	5,
					"start":	8.000057,
					"end":	9.000057,
					"seconds":	1,
					"bytes":	39061504,
					"bits_per_second":	312492032,
					"retransmits":	0,
					"snd_cwnd":	76836,
					"rtt":	425,
					"rttvar":	55,
					"pmtu":	1400,
					"omitted":	false,
					"sender":	true
				}],
			"sum":	{
				"start":	8.000057,
				"end":	9.000057,
				"seconds":	1,
				"bytes":	39061504,
				"bits_per_second":	312492032,
				"retransmits":	0,
				"omitted":	false,
				"sender":	true
			}
		}, {
			"streams":	[{
					"socket":	5,
					"start":	9.000057,
					"end":	10.000003,
					"seconds":	0.9999459981918335,
					"bytes":	39159168,
					"bits_per_second":	313290262.24064195,
					"retransmits":	0,
					"snd_cwnd":	76836,
					"rtt":	394,
					"rttvar":	47,
					"pmtu":	1400,
					"omitted":	false,
					"sender":	true
				}],
			"sum":	{
				"start":	9.000057,
				"end":	10.000003,
				"seconds":	0.9999459981918335,
				"bytes":	39159168,
				"bits_per_second":	313290262.24064195,
				"retransmits":	0,
				"omitted":	false,
				"sender":	true
			}
		}, {
			"streams":	[{
					"socket":	5,
					"start":	10.000003,
					"end":	11.000003,
					"seconds":	1,
					"bytes":	39120768,
					"bits_per_second":	312966144,
					"retransmits":	0,
					"snd_cwnd":	76836,
					"rtt":	412,
					"rttvar":	80,
					"pmtu":	1400,
					"omitted":	false,
					"sender":	true
				}],
			"sum":	{
				"start":	10.000003,
				"end":	11.000003,
				"seconds":	1,
				"bytes":	39120768,
				"bits_per_second":	312966144,
				"retransmits":	0,
				"omitted":	false,
				"sender":	true
			}
		}, {
			"streams":	[{
					"socket":	5,
					"start":	11.000003,
					"end":	12.000057,
					"seconds":	1.0000540018081665,
					"bytes":	39092992,
					"bits_per_second":	312727048.173936,
					"retransmits":	0,
					"snd_cwnd":	76836,
					"rtt":	426,
					"rttvar":	78,
					"pmtu":	1400,
					"omitted":	false,
					"sender":	true
				}],
			"sum":	{
				"start":	11.000003,
				"end":	12.000057,
				"seconds":	1.0000540018081665,
				"bytes":	39092992,
				"bits_per_second":	312727048.173936,
				"retransmits":	0,
				"omitted":	false,
				"sender":	true
			}
		}, {
			"streams":	[{
					"socket":	5,
					"start":	12.000057,
					"end":	13.000057,
					"seconds":	1,
					"bytes":	39137536,
					"bits_per_second":	313100288,
					"retransmits":	0,
					"snd_cwnd":	76836,
					"rtt":	358,
					"rttvar":	66,
					"pmtu":	1400,
					"omitted":	false,
					"sender":	true
				}],
			"sum":	{
				"start":	12.000057,
				"end":	13.000057,
				"seconds":	1,
				"bytes":	39137536,
				"bits_per_second":	313100288,
				"retransmits":	0,
				"omitted":	false,