{
	"start":	{
		"connected":	[{
				"socket":	5,
				"local_host":	"10.60.0.1",
				"local_port":	48261,
				"remote_host":	"172.16.10.3",
				"remote_port":	5201
			}],
		"version":	"iperf 3.7",
		"system_info":	"Linux ueransim1 5.4.0-169-generic #187-Ubuntu SMP Thu Nov 23 14:52:28 UTC 2023 x86_64",
		"timestamp":	{
			"time":	"Sat, 21 Jun 2025 13:03:56 GMT",
			"timesecs":	1750511036
		},
		"connecting_to":	{
			"host":	"172.16.10.3",
			"port":	5201
		},
		"cookie":	"6eahyrxgfxd2vffwqugjjlbthn7t5rluudm2",
		"tcp_mss_default":	1348,
		"target_bitrate":	500000000,
		"sock_bufsize":	0,
		"sndbuf_actual":	16384,
		"rcvbuf_actual":	131072,
		"test_start":	{
			"protocol":	"TCP",
			"num_streams":	1,
			"blksize":	64,
			"omit":	0,
			"duration":	30,
			"bytes":	0,
			"blocks":	0,
			"reverse":	0,
			"tos":	0
		}
	},
	"intervals":	[{
			"streams":	[{
					"socket":	5,
					"start":	0,
					"end":	1.000002,
					"seconds":	1.0000020265579224,
					"bytes":	18268608,
					"bits_per_second":	146148567.82146204,
					"retransmits":	0,
					"snd_cwnd":	25612,
					"rtt":	529,
					"rttvar":	89,
					"pmtu":	1400,
					"omitted":	false,
					"sender":	true
				}],
			"sum":	{
				"start":	0,
				"end":	1.000002,
				"seconds":	1.0000020265579224,
				"bytes":	18268608,
				"bits_per_second":	146148567.82146204,
				"retransmits":	0,
				"omitted":	false,
				"sender":	true
			}
		}, {
			"streams":	[{
					"socket":	5,
					"start":	1.000002,
					"end":	2.000058,
					"seconds":	1.0000560283660889,
					"bytes":	19364992,
					"bits_per_second":	154911256.5754053,
					"retransmits":	0,
					"snd_cwnd":	28308,
					"rtt":	531,
					"rttvar":	51,
					"pmtu":	1400,
					"omitted":	false,
					"sender":	true
				}],
			"sum":	{
				"start":	1.000002,
				"end":	2.000058,
				"seconds":	1.0000560283660889,
				"bytes":	19364992,
				"bits_per_second":	154911256.5754053,
				"retransmits":	0,
				"omitted":	false,
				"sender":	true
			}
		}, {
			"streams":	[{
					"socket":	5,
					"start":	2.000058,
					"end":	3.000004,
					"seconds":	0.9999459981918335,
					"bytes":	19412480,
					"bits_per_second":	155308226.92507708,
					"retransmits":	0,
					"snd_cwnd":	31004,
					"rtt":	490,
					"rttvar":	37,
					"pmtu":	1400,
					"omitted":	false,
					"sender":	true
				}],
			"sum":	{
				"start":	2.000058,
				"end":	3.000004,
				"seconds":	0.9999459981918335,
				"bytes":	19412480,
				"bits_per_second":	155308226.92507708,
				"retransmits":	0,
				"omitted":	false,
				"sender":	true
			}
		}, {
			"streams":	[{
					"socket":	5,
					"start":	3.000004,
					"end":	4.000066,
					"seconds":	1.0000619888305664,
					"bytes":	19376896,
					"bits_per_second":	155005559.38664234,
					"retransmits":	0,
					"snd_cwnd":	31004,
					"rtt":	568,
					"rttvar":	61,
					"pmtu":	1400,
					"omitted":	false,
					"sender":	true
				}],
			"sum":	{
				"start":	3.000004,
				"end":	4.000066,
				"seconds":	1.0000619888305664,
				"bytes":	19376896,
				"bits_per_second":	155005559.38664234,
				"retransmits":	0,
				"omitted":	false,
				"sender":	true
			}
		}, {
			"streams":	[{
					"socket":	5,
					"start":	4.000066,
					"end":	5.000002,
					"seconds":	0.99993598461151123,
					"bytes":	19409088,
					"bits_per_second":	155282644.47881186,
					"retransmits":	0,
					"snd_cwnd":	33700,
					"rtt":	514,
					"rttvar":	70,
					"pmtu":	1400,
					"omitted":	false,
					"sender":	true
				}],
			"sum":	{
				"start":	4.000066,
				"end":	5.000002,
				"seconds":	0.99993598461151123,
				"bytes":	19409088,
				"bits_per_second":	155282644.47881186,
				"retransmits":	0,
				"omitted":	false,
				"sender":	true
			}
		}, {
			"streams":	[{
					"socket":	5,
					"start":	5.000002,
					"end":	6.000005,
					"seconds":	1.0000029802322388,
					"bytes":	19378048,
					"bits_per_second":	155023921.9927099,
					"retransmits":	0,
					"snd_cwnd":	33700,
					"rtt":	522,
					"rttvar":	77,
					"pmtu":	1400,
					"omitted":	false,
					"sender":	true
				}],
			"sum":	{
				"start":	5.000002,
				"end":	6.000005,
				"seconds":	1.0000029802322388,
				"bytes":	19378048,
				"bits_per_second":	155023921.9927099,
				"retransmits":	0,
				"omitted":	false,
				"sender":	true
			}
		}, {
			"streams":	[{
					"socket":	5,
					"start":	6.000005,
					"end":	7.000004,
					"seconds":	0.99999898672103882,
					"bytes":	19385856,
					"bits_per_second":	155087005.14639947,
					"retransmits":	0,
					"snd_cwnd":	33700,
					"rtt":	543,
					"rttvar":	55,
					"pmtu":	1400,
					"omitted":	false,
					"sender":	true
				}],
			"sum":	{
				"start":	6.000005,
				"end":	7.000004,
				"seconds":	0.99999898672103882,
				"bytes":	19385856,
				"bits_per_second":	155087005.14639947,
				"retransmits":	0,
				"omitted":	false,
				"sender":	true
			}
		}, {
			"streams":	[{
					"socket":	5,
					"start":	7.000004,
					"end":	8.000004,
					"seconds":	1,
					"bytes":	19380736,
					"bits_per_second":	155045888,
					"retransmits":	0,
					"snd_cwnd":	33700,
					"rtt":	556,
					"rttvar":	53,
					"pmtu":	1400,
					"omitted":	false,
					"sender":	true
				}],
			"sum":	{
				"start":	7.000004,
				"end":	8.000004,
				"seconds":	1,
				"bytes":	19380736,
				"bits_per_second":	155045888,
				"retransmits":	0,
				"omitted":	false,
				"sender":	true
			}
		}, {
			"streams":	[{
					"socket":	5,
					"start":	8.000004,
					"end":	9.000058,
					"seconds":	1.0000540018081665,
					"bytes":	19379712,
					"bits_per_second":	155029324.13617781,
					"retransmits":	0,
					"snd_cwnd":	33700,
					"rtt":	544,
					"rttvar":	134,
					"pmtu":	1400,
					"omitted":	false,
					"sender":	true
				}],
			"sum":	{
				"start":	8.000004,
				"end":	9.000058,
				"seconds":	1.0000540018081665,
				"bytes":	19379712,
				"bits_per_second":	155029324.13617781,
				"retransmits":	0,
				"omitted":	false,
				"sender":	true
			}
		}, {
			"streams":	[{
					"socket":	5,
					"start":	9.000058,
					"end":	10.000031,
					"seconds":	0.99997299909591675,
					"bytes":	19362368,
					"bits_per_second":	154903126.52446148,
					"retransmits":	0,
					"snd_cwnd":	33700,
					"rtt":	455,
					"rttvar":	37,
					"pmtu":	1400,
					"omitted":	false,
					"sender":	true
				}],
			"sum":	{
				"start":	9.000058,
				"end":	10.000031,
				"seconds":	0.99997299909591675,
				"bytes":	19362368,
				"bits_per_second":	154903126.52446148,
				"retransmits":	0,
				"omitted":	false,
				"sender":	true
			}
		}, {
			"streams":	[{
					"socket":	5,
					"start":	10.000031,
					"end":	11.000076,
					"seconds":	1.0000449419021606,
					"bytes":	19419712,
					"bits_per_second":	155350714.24339989,
					"retransmits":	0,
					"snd_cwnd":	51224,
					"rtt":	538,
					"rttvar":	75,
					"pmtu":	1400,
					"omitted":	false,
					"sender":	true
				}],
			"sum":	{
				"start":	10.000031,
				"end":	11.000076,
				"seconds":	1.0000449419021606,
				"bytes":	19419712,
				"bits_per_second":	155350714.24339989,
				"retransmits":	0,
				"omitted":	false,
				"sender":	true
			}
		}, {
			"streams":	[{
					"socket":	5,
					"start":	11.000076,
					"end":	12.000003,
					"seconds":	0.99992698431015015,
					"bytes":	19378048,
					"bits_per_second":	155035704.03888175,
					"retransmits":	0,
					"snd_cwnd":	51224,
					"rtt":	539,
					"rttvar":	91,
					"pmtu":	1400,
					"omitted":	false,
					"sender":	true
				}],
			"sum":	{
				"start":	11.000076,
				"end":	12.000003,
				"seconds":	0.99992698431015015,
				"bytes":	19378048,
				"bits_per_second":	155035704.03888175,
				"retransmits":	0,
				"omitted":	false,
				"sender":	true
			}
		}, {
			"streams":	[{
					"socket":	5,
					"start":	12.000003,
					"end":	13.000012,
					"seconds":	1.0000089406967163,
					"bytes":	19353664,
					"bits_per_second":	154827927.73045495,
					"retransmits":	0,
					"snd_cwnd":	51224,
					"rtt":	540,
					"rttvar":	88,
					"pmtu":	1400,
					"omitted":	false,
					"sender":	true
				}],