{
	"start":	{
		"connected":	[{
				"socket":	5,
				"local_host":	"10.60.0.1",
				"local_port":	51453,
				"remote_host":	"172.16.10.3",
				"remote_port":	5201
			}],
		"version":	"iperf 3.7",
		"system_info":	"Linux ueransim1 5.4.0-169-generic #187-Ubuntu SMP Thu Nov 23 14:52:28 UTC 2023 x86_64",
		"timestamp":	{
			"time":	"Sat, 21 Jun 2025 13:01:48 GMT",
			"timesecs":	1750510908
		},
		"connecting_to":	{
			"host":	"172.16.10.3",
			"port":	5201
		},
		"cookie":	"qg7c4gf6yfml3tak3z4hjd4ntx6fnw4ctf5i",
		"tcp_mss_default":	1348,
		"target_bitrate":	100000000,
		"sock_bufsize":	0,
		"sndbuf_actual":	16384,
		"rcvbuf_actual":	131072,
		"test_start":	{
			"protocol":	"TCP",
			"num_streams":	1,
			"blksize":	1518,
			"omit":	0,
			"duration":	30,
			"bytes":	0,
			"blocks":	0,
			"reverse":	0,
			"tos":	0
		}
	},
	"intervals":	[{
			"streams":	[{
					"socket":	5,
					"start":	0,
					"end":	1.000081,
					"seconds":	1.000080943107605,
					"bytes":	12490104,
					"bits_per_second":	99912744.751950428,
					"retransmits":	0,
					"snd_cwnd":	28308,
					"rtt":	670,
					"rttvar":	38,
					"pmtu":	1400,
					"omitted":	false,
					"sender":	true
				}],
			"sum":	{
				"start":	0,
				"end":	1.000081,
				"seconds":	1.000080943107605,
				"bytes":	12490104,
				"bits_per_second":	99912744.751950428,
				"retransmits":	0,
				"omitted":	false,
				"sender":	true
			}
		}, {
			"streams":	[{
					"socket":	5,
					"start":	1.000081,
					"end":	2.000057,
					"seconds":	0.99997597932815552,
					"bytes":	12500730,
					"bits_per_second":	100008242.26516919,
					"retransmits":	0,
					"snd_cwnd":	28308,
					"rtt":	588,
					"rttvar":	78,
					"pmtu":	1400,
					"omitted":	false,
					"sender":	true
				}],
			"sum":	{
				"start":	1.000081,
				"end":	2.000057,
				"seconds":	0.99997597932815552,
				"bytes":	12500730,
				"bits_per_second":	100008242.26516919,
				"retransmits":	0,
				"omitted":	false,
				"sender":	true
			}
		}, {
			"streams":	[{
					"socket":	5,
					"start":	2.000057,
					"end":	3.000057,
					"seconds":	1,
					"bytes":	12499212,
					"bits_per_second":	99993696,
					"retransmits":	0,
					"snd_cwnd":	28308,
					"rtt":	550,
					"rttvar":	117,
					"pmtu":	1400,
					"omitted":	false,
					"sender":	true
				}],
			"sum":	{
				"start":	2.000057,
				"end":	3.000057,
				"seconds":	1,
				"bytes":	12499212,
				"bits_per_second":	99993696,
				"retransmits":	0,
				"omitted":	false,
				"sender":	true
			}
		}, {
			"streams":	[{
					"socket":	5,
					"start":	3.000057,
					"end":	4.000059,
					"seconds":	1.0000020265579224,
					"bytes":	12499212,
					"bits_per_second":	99993493.357393846,
					"retransmits":	0,
					"snd_cwnd":	28308,
					"rtt":	494,
					"rttvar":	117,
					"pmtu":	1400,
					"omitted":	false,
					"sender":	true
				}],
			"sum":	{
				"start":	3.000057,
				"end":	4.000059,
				"seconds":	1.0000020265579224,
				"bytes":	12499212,
				"bits_per_second":	99993493.357393846,
				"retransmits":	0,
				"omitted":	false,
				"sender":	true
			}
		}, {
			"streams":	[{
					"socket":	5,
					"start":	4.000059,
					"end":	5.000057,
					"seconds":	0.99999797344207764,
					"bytes":	12500730,
					"bits_per_second":	100006042.66803806,
					"retransmits":	0,
					"snd_cwnd":	28308,
					"rtt":	543,
					"rttvar":	170,
					"pmtu":	1400,
					"omitted":	false,
					"sender":	true
				}],
			"sum":	{
				"start":	4.000059,
				"end":	5.000057,
				"seconds":	0.99999797344207764,
				"bytes":	12500730,
				"bits_per_second":	100006042.66803806,
				"retransmits":	0,
				"omitted":	false,
				"sender":	true
			}
		}, {
			"streams":	[{
					"socket":	5,
					"start":	5.000057,
					"end":	6.00007,
					"seconds":	1.000012993812561,
					"bytes":	12500730,
					"bits_per_second":	100004540.55974472,
					"retransmits":	0,
					"snd_cwnd":	28308,
					"rtt":	617,
					"rttvar":	85,
					"pmtu":	1400,
					"omitted":	false,
					"sender":	true
				}],
			"sum":	{
				"start":	5.000057,
				"end":	6.00007,
				"seconds":	1.000012993812561,
				"bytes":	12500730,
				"bits_per_second":	100004540.55974472,
				"retransmits":	0,
				"omitted":	false,
				"sender":	true
			}
		}, {
			"streams":	[{
					"socket":	5,
					"start":	6.00007,
					"end":	7.000061,
					"seconds":	0.99999099969863892,
					"bytes":	12499212,
					"bits_per_second":	99994595.981498316,
					"retransmits":	0,
					"snd_cwnd":	28308,
					"rtt":	593,
					"rttvar":	117,
					"pmtu":	1400,
					"omitted":	false,
					"sender":	true
				}],
			"sum":	{
				"start":	6.00007,
				"end":	7.000061,
				"seconds":	0.99999099969863892,
				"bytes":	12499212,
				"bits_per_second":	99994595.981498316,
				"retransmits":	0,
				"omitted":	false,
				"sender":	true
			}
		}, {
			"streams":	[{
					"socket":	5,
					"start":	7.000061,
					"end":	8.000057,
					"seconds":	0.9999960064888,
					"bytes":	12499212,
					"bits_per_second":	99994095.327539623,
					"retransmits":	0,
					"snd_cwnd":	28308,
					"rtt":	463,
					"rttvar":	57,
					"pmtu":	1400,
					"omitted":	false,
					"sender":	true
				}],
			"sum":	{
				"start":	7.000061,
				"end":	8.000057,
				"seconds":	0.9999960064888,
				"bytes":	12499212,
				"bits_per_second":	99994095.327539623,
				"retransmits":	0,
				"omitted":	false,
				"sender":	true
			}
		}, {
			"streams":	[{
					"socket":	5,
					"start":	8.000057,
					"end":	9.000084,
					"seconds":	1.0000269412994385,
					"bytes":	12500730,
					"bits_per_second":	100003145.78530461,
					"retransmits":	0,
					"snd_cwnd":	28308,
					"rtt":	505,
					"rttvar":	98,
					"pmtu":	1400,
					"omitted":	false,
					"sender":	true
				}],
			"sum":	{
				"start":	8.000057,
				"end":	9.000084,
				"seconds":	1.0000269412994385,
				"bytes":	12500730,
				"bits_per_second":	100003145.78530461,
				"retransmits":	0,
				"omitted":	false,
				"sender":	true
			}
		}, {
			"streams":	[{
					"socket":	5,
					"start":	9.000084,
					"end":	10.000086,
					"seconds":	1.0000020265579224,
					"bytes":	12500730,
					"bits_per_second":	100005637.33278339,
					"retransmits":	0,
					"snd_cwnd":	28308,
					"rtt":	513,
					"rttvar":	111,
					"pmtu":	1400,
					"omitted":	false,
					"sender":	true
				}],
			"sum":	{
				"start":	9.000084,
				"end":	10.000086,
				"seconds":	1.0000020265579224,
				"bytes":	12500730,
				"bits_per_second":	100005637.33278339,
				"retransmits":	0,
				"omitted":	false,
				"sender":	true
			}
		}, {
			"streams":	[{
					"socket":	5,
					"start":	10.000086,
					"end":	11.000086,
					"seconds":	1,
					"bytes":	12499212,
					"bits_per_second":	99993696,
					"retransmits":	0,
					"snd_cwnd":	28308,
					"rtt":	560,
					"rttvar":	130,
					"pmtu":	1400,
					"omitted":	false,
					"sender":	true
				}],
			"sum":	{
				"start":	10.000086,
				"end":	11.000086,
				"seconds":	1,
				"bytes":	12499212,
				"bits_per_second":	99993696,
				"retransmits":	0,
				"omitted":	false,
				"sender":	true
			}
		}, {
			"streams":	[{
					"socket":	5,
					"start":	11.000086,
					"end":	12.000088,
					"seconds":	1.0000020265579224,
					"bytes":	12500730,
					"bits_per_second":	100005637.33278339,
					"retransmits":	0,
					"snd_cwnd":	28308,
					"rtt":	473,
					"rttvar":	139,
					"pmtu":	1400,
					"omitted":	false,
					"sender":	true
				}],
			"sum":	{
				"start":	11.000086,
				"end":	12.000088,
				"seconds":	1.0000020265579224,
				"bytes":	12500730,
				"bits_per_second":	100005637.33278339,
				"retransmits":	0,
				"omitted":	false,
				"sender":	true
			}
		}, {
			"streams":	[{
					"socket":	5,
					"start":	12.000088,
					"end":	13.000082,
					"seconds":	0.99999397993087769,
					"bytes":	12499212,
					"bits_per_second":	99994297.972585633,
					"retransmits":	0,
					"snd_cwnd":	28308,
					"rtt":	651,
					"rttvar":	82,
					"pmtu":	1400,
					"omitted":	false,
					"sender":	true
				}],
			"sum":	{
				"start":	12.000088,
				"end":	13.000082,