{
	"start":	{
		"connected":	[{
				"socket":	5,
				"local_host":	"10.60.0.1",
				"local_port":	47857,
				"remote_host":	"172.16.10.3",
				"remote_port":	5201
			}],
		"version":	"iperf 3.7",
		"system_info":	"Linux ueransim1 5.4.0-169-generic #187-Ubuntu SMP Thu Nov 23 14:52:28 UTC 2023 x86_64",
		"timestamp":	{
			"time":	"Mon, 23 Jun 2025 22:19:01 GMT",
			"timesecs":	1750717141
		},
		"connecting_to":	{
			"host":	"172.16.10.3",
			"port":	5201
		},
		"cookie":	"sdqwyezlafnxuu56ta2gkvtovx4aj7awk7vj",
		"tcp_mss_default":	1348,
		"target_bitrate":	100000000,
		"sock_bufsize":	0,
		"sndbuf_actual":	16384,
		"rcvbuf_actual":	131072,
		"test_start":	{
			"protocol":	"TCP",
			"num_streams":	1,
			"blksize":	128,
			"omit":	0,
			"duration":	30,
			"bytes":	0,
			"blocks":	0,
			"reverse":	0,
			"tos":	0
		}
	},
	"intervals":	[{
			"streams":	[{
					"socket":	5,
					"start":	0,
					"end":	1.000061,
					"seconds":	1.00006103515625,
					"bytes":	12492800,
					"bits_per_second":	99936300.372291729,
					"retransmits":	0,
					"snd_cwnd":	26960,
					"rtt":	699,
					"rttvar":	106,
					"pmtu":	1400,
					"omitted":	false,
					"sender":	true
				}],
			"sum":	{
				"start":	0,
				"end":	1.000061,
				"seconds":	1.00006103515625,
				"bytes":	12492800,
				"bits_per_second":	99936300.372291729,
				"retransmits":	0,
				"omitted":	false,
				"sender":	true
			}
		}, {
			"streams":	[{
					"socket":	5,
					"start":	1.000061,
					"end":	2.000078,
					"seconds":	1.0000170469284058,
					"bytes":	12498816,
					"bits_per_second":	99988823.497684464,
					"retransmits":	0,
					"snd_cwnd":	28308,
					"rtt":	588,
					"rttvar":	71,
					"pmtu":	1400,
					"omitted":	false,
					"sender":	true
				}],
			"sum":	{
				"start":	1.000061,
				"end":	2.000078,
				"seconds":	1.0000170469284058,
				"bytes":	12498816,
				"bits_per_second":	99988823.497684464,
				"retransmits":	0,
				"omitted":	false,
				"sender":	true
			}
		}, {
			"streams":	[{
					"socket":	5,
					"start":	2.000078,
					"end":	3.000081,
					"seconds":	1.0000029802322388,
					"bytes":	12500480,
					"bits_per_second":	100003541.96622024,
					"retransmits":	0,
					"snd_cwnd":	28308,
					"rtt":	557,
					"rttvar":	150,
					"pmtu":	1400,
					"omitted":	false,
					"sender":	true
				}],
			"sum":	{
				"start":	2.000078,
				"end":	3.000081,
				"seconds":	1.0000029802322388,
				"bytes":	12500480,
				"bits_per_second":	100003541.96622024,
				"retransmits":	0,
				"omitted":	false,
				"sender":	true
			}
		}, {
			"streams":	[{
					"socket":	5,
					"start":	3.000081,
					"end":	4.000059,
					"seconds":	0.99997800588607788,
					"bytes":	12500352,
					"bits_per_second":	100005015.52170417,
					"retransmits":	0,
					"snd_cwnd":	32352,
					"rtt":	587,
					"rttvar":	85,
					"pmtu":	1400,
					"omitted":	false,
					"sender":	true
				}],
			"sum":	{
				"start":	3.000081,
				"end":	4.000059,
				"seconds":	0.99997800588607788,
				"bytes":	12500352,
				"bits_per_second":	100005015.52170417,
				"retransmits":	0,
				"omitted":	false,
				"sender":	true
			}
		}, {
			"streams":	[{
					"socket":	5,
					"start":	4.000059,
					"end":	5.000059,
					"seconds":	1,
					"bytes":	12498944,
					"bits_per_second":	99991552,
					"retransmits":	0,
					"snd_cwnd":	52572,
					"rtt":	528,
					"rttvar":	79,
					"pmtu":	1400,
					"omitted":	false,
					"sender":	true
				}],
			"sum":	{
				"start":	4.000059,
				"end":	5.000059,
				"seconds":	1,
				"bytes":	12498944,
				"bits_per_second":	99991552,
				"retransmits":	0,
				"omitted":	false,
				"sender":	true
			}
		}, {
			"streams":	[{
					"socket":	5,
					"start":	5.000059,
					"end":	6.00008,
					"seconds":	1.0000209808349609,
					"bytes":	12499968,
					"bits_per_second":	99997645.9658935,
					"retransmits":	0,
					"snd_cwnd":	52572,
					"rtt":	613,
					"rttvar":	139,
					"pmtu":	1400,
					"omitted":	false,
					"sender":	true
				}],
			"sum":	{
				"start":	5.000059,
				"end":	6.00008,
				"seconds":	1.0000209808349609,
				"bytes":	12499968,
				"bits_per_second":	99997645.9658935,
				"retransmits":	0,
				"omitted":	false,
				"sender":	true
			}
		}, {
			"streams":	[{
					"socket":	5,
					"start":	6.00008,
					"end":	7.000078,
					"seconds":	0.99999797344207764,
					"bytes":	12500224,
					"bits_per_second":	100001994.65983453,
					"retransmits":	0,
					"snd_cwnd":	52572,
					"rtt":	531,
					"rttvar":	68,
					"pmtu":	1400,
					"omitted":	false,
					"sender":	true
				}],
			"sum":	{
				"start":	6.00008,
				"end":	7.000078,
				"seconds":	0.99999797344207764,
				"bytes":	12500224,
				"bits_per_second":	100001994.65983453,
				"retransmits":	0,
				"omitted":	false,
				"sender":	true
			}
		}, {
			"streams":	[{
					"socket":	5,
					"start":	7.000078,
					"end":	8.000082,
					"seconds":	1.0000040531158447,
					"bytes":	12499712,
					"bits_per_second":	99997290.69939664,
					"retransmits":	0,
					"snd_cwnd":	52572,
					"rtt":	590,
					"rttvar":	79,
					"pmtu":	1400,
					"omitted":	false,
					"sender":	true
				}],
			"sum":	{
				"start":	7.000078,
				"end":	8.000082,
				"seconds":	1.0000040531158447,
				"bytes":	12499712,
				"bits_per_second":	99997290.69939664,
				"retransmits":	0,
				"omitted":	false,
				"sender":	true
			}
		}, {
			"streams":	[{
					"socket":	5,
					"start":	8.000082,
					"end":	9.000084,
					"seconds":	1.0000020265579224,
					"bytes":	12500480,
					"bits_per_second":	100003637.33683649,
					"retransmits":	0,
					"snd_cwnd":	52572,
					"rtt":	547,
					"rttvar":	62,
					"pmtu":	1400,
					"omitted":	false,
					"sender":	true
				}],
			"sum":	{
				"start":	8.000082,
				"end":	9.000084,
				"seconds":	1.0000020265579224,
				"bytes":	12500480,
				"bits_per_second":	100003637.33683649,
				"retransmits":	0,
				"omitted":	false,
				"sender":	true
			}
		}, {
			"streams":	[{
					"socket":	5,
					"start":	9.000084,
					"end":	10.000082,
					"seconds":	0.99999797344207764,
					"bytes":	12499840,
					"bits_per_second":	99998922.653608933,
					"retransmits":	0,
					"snd_cwnd":	52572,
					"rtt":	546,
					"rttvar":	101,
					"pmtu":	1400,
					"omitted":	false,
					"sender":	true
				}],
			"sum":	{
				"start":	9.000084,
				"end":	10.000082,
				"seconds":	0.99999797344207764,
				"bytes":	12499840,
				"bits_per_second":	99998922.653608933,
				"retransmits":	0,
				"omitted":	false,
				"sender":	true
			}
		}, {
			"streams":	[{
					"socket":	5,
					"start":	10.000082,
					"end":	11.000085,
					"seconds":	1.0000029802322388,
					"bytes":	12499968,
					"bits_per_second":	99999445.978427231,
					"retransmits":	0,
					"snd_cwnd":	52572,
					"rtt":	536,
					"rttvar":	75,
					"pmtu":	1400,
					"omitted":	false,
					"sender":	true
				}],
			"sum":	{
				"start":	10.000082,
				"end":	11.000085,
				"seconds":	1.0000029802322388,
				"bytes":	12499968,
				"bits_per_second":	99999445.978427231,
				"retransmits":	0,
				"omitted":	false,
				"sender":	true
			}
		}, {
			"streams":	[{
					"socket":	5,
					"start":	11.000085,
					"end":	12.000101,
					"seconds":	1.0000159740447998,
					"bytes":	12500480,
					"bits_per_second":	100002242.55969727,
					"retransmits":	0,
					"snd_cwnd":	52572,
					"rtt":	522,
					"rttvar":	63,
					"pmtu":	1400,
					"omitted":	false,
					"sender":	true
				}],
			"sum":	{
				"start":	11.000085,
				"end":	12.000101,
				"seconds":	1.0000159740447998,
				"bytes":	12500480,
				"bits_per_second":	100002242.55969727,
				"retransmits":	0,
				"omitted":	false,
				"sender":	true
			}
		}, {
			"streams":	[{
					"socket":	5,
					"start":	12.000101,
					"end":	13.000085,
					"seconds":	0.9999840259552002,
					"bytes":	12499712,
					"bits_per_second":	99999293.393192619,
					"retransmits":	0,
					"snd_cwnd":	52572,
					"rtt":	531,
					"rttvar":	117,
					"pmtu":	1400,
					"omitted":	false,
					"sender":	true
				}],
			"sum":	{
				"start":	12.000101,