{
	"start":	{
		"connected":	[{
				"socket":	5,
				"local_host":	"10.60.0.1",
				"local_port":	58943,
				"remote_host":	"172.16.10.3",
				"remote_port":	5201
			}],
		"version":	"iperf 3.7",
		"system_info":	"Linux ueransim1 5.4.0-169-generic #187-Ubuntu SMP Thu Nov 23 14:52:28 UTC 2023 x86_64",
		"timestamp":	{
			"time":	"Mon, 23 Jun 2025 22:34:30 GMT",
			"timesecs":	1750718070
		},
		"connecting_to":	{
			"host":	"172.16.10.3",
			"port":	5201
		},
		"cookie":	"grgkijenv6pfm45d2az375goh3olt35fcmqa",
		"tcp_mss_default":	1348,
		"target_bitrate":	1000000000,
		"sock_bufsize":	0,
		"sndbuf_actual":	16384,
		"rcvbuf_actual":	131072,
		"test_start":	{
			"protocol":	"TCP",
			"num_streams":	1,
			"blksize":	1518,
			"omit":	0,
			"duration":	30,
			"bytes":	0,
			"blocks":	0,
			"reverse":	0,
			"tos":	0
		}
	},
	"intervals":	[{
			"streams":	[{
					"socket":	5,
					"start":	0,
					"end":	1.000028,
					"seconds":	1.0000280141830444,
					"bytes":	116992260,
					"bits_per_second":	935911861.193807,
					"retransmits":	2,
					"snd_cwnd":	762968,
					"rtt":	6560,
					"rttvar":	201,
					"pmtu":	1400,
					"omitted":	false,
					"sender":	true
				}],
			"sum":	{
				"start":	0,
				"end":	1.000028,
				"seconds":	1.0000280141830444,
				"bytes":	116992260,
				"bits_per_second":	935911861.193807,
				"retransmits":	2,
				"omitted":	false,
				"sender":	true
			}
		}, {
			"streams":	[{
					"socket":	5,
					"start":	1.000028,
					"end":	2.000004,
					"seconds":	0.99997597932815552,
					"bytes":	116248440,
					"bits_per_second":	930009859.46164632,
					"retransmits":	1,
					"snd_cwnd":	633560,
					"rtt":	5348,
					"rttvar":	201,
					"pmtu":	1400,
					"omitted":	false,
					"sender":	true
				}],
			"sum":	{
				"start":	1.000028,
				"end":	2.000004,
				"seconds":	0.99997597932815552,
				"bytes":	116248440,
				"bits_per_second":	930009859.46164632,
				"retransmits":	1,
				"omitted":	false,
				"sender":	true
			}
		}, {
			"streams":	[{
					"socket":	5,
					"start":	2.000004,
					"end":	3.000002,
					"seconds":	0.99999797344207764,
					"bytes":	117144060,
					"bits_per_second":	937154379.1976316,
					"retransmits":	0,
					"snd_cwnd":	754880,
					"rtt":	6561,
					"rttvar":	248,
					"pmtu":	1400,
					"omitted":	false,
					"sender":	true
				}],
			"sum":	{
				"start":	2.000004,
				"end":	3.000002,
				"seconds":	0.99999797344207764,
				"bytes":	117144060,
				"bits_per_second":	937154379.1976316,
				"retransmits":	0,
				"omitted":	false,
				"sender":	true
			}
		}, {
			"streams":	[{
					"socket":	5,
					"start":	3.000002,
					"end":	4.000012,
					"seconds":	1.0000100135803223,
					"bytes":	117191118,
					"bits_per_second":	937519556.07262158,
					"retransmits":	1,
					"snd_cwnd":	633560,
					"rtt":	5262,
					"rttvar":	211,
					"pmtu":	1400,
					"omitted":	false,
					"sender":	true
				}],
			"sum":	{
				"start":	3.000002,
				"end":	4.000012,
				"seconds":	1.0000100135803223,
				"bytes":	117191118,
				"bits_per_second":	937519556.07262158,
				"retransmits":	1,
				"omitted":	false,
				"sender":	true
			}
		}, {
			"streams":	[{
					"socket":	5,
					"start":	4.000012,
					"end":	5.000015,
					"seconds":	1.0000029802322388,
					"bytes":	117191118,
					"bits_per_second":	937526149.9543432,
					"retransmits":	0,
					"snd_cwnd":	756228,
					"rtt":	6312,
					"rttvar":	151,
					"pmtu":	1400,
					"omitted":	false,
					"sender":	true
				}],
			"sum":	{
				"start":	4.000012,
				"end":	5.000015,
				"seconds":	1.0000029802322388,
				"bytes":	117191118,
				"bits_per_second":	937526149.9543432,
				"retransmits":	0,
				"omitted":	false,
				"sender":	true
			}
		}, {
			"streams":	[{
					"socket":	5,
					"start":	5.000015,
					"end":	6.000036,
					"seconds":	1.0000209808349609,
					"bytes":	117175938,
					"bits_per_second":	937387836.82050133,
					"retransmits":	1,
					"snd_cwnd":	624124,
					"rtt":	5133,
					"rttvar":	106,
					"pmtu":	1400,
					"omitted":	false,
					"sender":	true
				}],
			"sum":	{
				"start":	5.000015,
				"end":	6.000036,
				"seconds":	1.0000209808349609,
				"bytes":	117175938,
				"bits_per_second":	937387836.82050133,
				"retransmits":	1,
				"omitted":	false,
				"sender":	true
			}
		}, {
			"streams":	[{
					"socket":	5,
					"start":	6.000036,
					"end":	7.000049,
					"seconds":	1.000012993812561,
					"bytes":	117175938,
					"bits_per_second":	937395323.66086876,
					"retransmits":	0,
					"snd_cwnd":	748140,
					"rtt":	6288,
					"rttvar":	111,
					"pmtu":	1400,
					"omitted":	false,
					"sender":	true
				}],
			"sum":	{
				"start":	6.000036,
				"end":	7.000049,
				"seconds":	1.000012993812561,
				"bytes":	117175938,
				"bits_per_second":	937395323.66086876,
				"retransmits":	0,
				"omitted":	false,
				"sender":	true
			}
		}, {
			"streams":	[{
					"socket":	5,
					"start":	7.000049,
					"end":	8.000002,
					"seconds":	0.99995297193527222,
					"bytes":	117172902,
					"bits_per_second":	937427301.39180744,
					"retransmits":	1,
					"snd_cwnd":	618732,
					"rtt":	5179,
					"rttvar":	109,
					"pmtu":	1400,
					"omitted":	false,
					"sender":	true
				}],
			"sum":	{
				"start":	7.000049,
				"end":	8.000002,
				"seconds":	0.99995297193527222,
				"bytes":	117172902,
				"bits_per_second":	937427301.39180744,
				"retransmits":	1,
				"omitted":	false,
				"sender":	true
			}
		}, {
			"streams":	[{
					"socket":	5,
					"start":	8.000002,
					"end":	9.000009,
					"seconds":	1.0000070333480835,
					"bytes":	117137988,
					"bits_per_second":	937097313.06840909,
					"retransmits":	0,
					"snd_cwnd":	744096,
					"rtt":	6333,
					"rttvar":	75,
					"pmtu":	1400,
					"omitted":	false,
					"sender":	true
				}],
			"sum":	{
				"start":	8.000002,
				"end":	9.000009,
				"seconds":	1.0000070333480835,
				"bytes":	117137988,
				"bits_per_second":	937097313.06840909,
				"retransmits":	0,
				"omitted":	false,
				"sender":	true
			}
		}, {
			"streams":	[{
					"socket":	5,
					"start":	9.000009,
					"end":	10.00005,
					"seconds":	1.0000410079956055,
					"bytes":	117183528,
					"bits_per_second":	937429781.88362408,
					"retransmits":	1,
					"snd_cwnd":	616036,
					"rtt":	5231,
					"rttvar":	48,
					"pmtu":	1400,
					"omitted":	false,
					"sender":	true
				}],
			"sum":	{
				"start":	9.000009,
				"end":	10.00005,
				"seconds":	1.0000410079956055,
				"bytes":	117183528,
				"bits_per_second":	937429781.88362408,
				"retransmits":	1,
				"omitted":	false,
				"sender":	true
			}
		}, {
			"streams":	[{
					"socket":	5,
					"start":	10.00005,
					"end":	11.000054,
					"seconds":	1.0000040531158447,
					"bytes":	117209334,
					"bits_per_second":	937670871.51133358,
					"retransmits":	0,
					"snd_cwnd":	741400,
					"rtt":	6191,
					"rttvar":	55,
					"pmtu":	1400,
					"omitted":	false,
					"sender":	true
				}],
			"sum":	{
				"start":	10.00005,
				"end":	11.000054,
				"seconds":	1.0000040531158447,
				"bytes":	117209334,
				"bits_per_second":	937670871.51133358,
				"retransmits":	0,
				"omitted":	false,
				"sender":	true
			}
		}, {
			"streams":	[{
					"socket":	5,
					"start":	11.000054,
					"end":	12.000008,
					"seconds":	0.9999539852142334,
					"bytes":	117157722,
					"bits_per_second":	937304905.88444221,
					"retransmits":	1,
					"snd_cwnd":	595816,
					"rtt":	4906,
					"rttvar":	62,
					"pmtu":	1400,
					"omitted":	false,
					"sender":	true
				}],
			"sum":	{
				"start":	11.000054,
				"end":	12.000008,
				"seconds":	0.9999539852142334,
				"bytes":	117157722,
				"bits_per_second":	937304905.88444221,
				"retransmits":	1,
				"omitted":	false,
				"sender":	true
			}
		}, {
			"streams":	[{
					"socket":	5,
					"start":	12.000008,
					"end":	13.000019,
					"seconds":	1.0000109672546387,
					"bytes":	117185046,
					"bits_per_second":	937470086.526845,
					"retransmits":	0,
					"snd_cwnd":	723876,
					"rtt":	5967,
					"rttvar":	34,