{
	"start":	{
		"connected":	[{
				"socket":	5,
				"local_host":	"10.60.0.1",
				"local_port":	54611,
				"remote_host":	"172.16.10.3",
				"remote_port":	5201
			}],
		"version":	"iperf 3.7",
		"system_info":	"Linux ueransim1 5.4.0-169-generic #187-Ubuntu SMP Thu Nov 23 14:52:28 UTC 2023 x86_64",
		"timestamp":	{
			"time":	"Mon, 23 Jun 2025 22:17:57 GMT",
			"timesecs":	1750717077
		},
		"connecting_to":	{
			"host":	"172.16.10.3",
			"port":	5201
		},
		"cookie":	"jr5szsk2vtblq6pr6sxdad7yermqh3wmt3z7",
		"tcp_mss_default":	1348,
		"target_bitrate":	100000000,
		"sock_bufsize":	0,
		"sndbuf_actual":	16384,
		"rcvbuf_actual":	131072,
		"test_start":	{
			"protocol":	"TCP",
			"num_streams":	1,
			"blksize":	128,
			"omit":	0,
			"duration":	30,
			"bytes":	0,
			"blocks":	0,
			"reverse":	0,
			"tos":	0
		}
	},
	"intervals":	[{
			"streams":	[{
					"socket":	5,
					"start":	0,
					"end":	1.000058,
					"seconds":	1.0000580549240112,
					"bytes":	12491904,
					"bits_per_second":	99929430.604499772,
					"retransmits":	0,
					"snd_cwnd":	40440,
					"rtt":	596,
					"rttvar":	80,
					"pmtu":	1400,
					"omitted":	false,
					"sender":	true
				}],
			"sum":	{
				"start":	0,
				"end":	1.000058,
				"seconds":	1.0000580549240112,
				"bytes":	12491904,
				"bits_per_second":	99929430.604499772,
				"retransmits":	0,
				"omitted":	false,
				"sender":	true
			}
		}, {
			"streams":	[{
					"socket":	5,
					"start":	1.000058,
					"end":	2.000057,
					"seconds":	0.99999898672103882,
					"bytes":	12500224,
					"bits_per_second":	100001893.32981458,
					"retransmits":	0,
					"snd_cwnd":	41788,
					"rtt":	574,
					"rttvar":	103,
					"pmtu":	1400,
					"omitted":	false,
					"sender":	true
				}],
			"sum":	{
				"start":	1.000058,
				"end":	2.000057,
				"seconds":	0.99999898672103882,
				"bytes":	12500224,
				"bits_per_second":	100001893.32981458,
				"retransmits":	0,
				"omitted":	false,
				"sender":	true
			}
		}, {
			"streams":	[{
					"socket":	5,
					"start":	2.000057,
					"end":	3.000082,
					"seconds":	1.0000250339508057,
					"bytes":	12499712,
					"bits_per_second":	99995192.725264519,
					"retransmits":	0,
					"snd_cwnd":	41788,
					"rtt":	616,
					"rttvar":	62,
					"pmtu":	1400,
					"omitted":	false,
					"sender":	true
				}],
			"sum":	{
				"start":	2.000057,
				"end":	3.000082,
				"seconds":	1.0000250339508057,
				"bytes":	12499712,
				"bits_per_second":	99995192.725264519,
				"retransmits":	0,
				"omitted":	false,
				"sender":	true
			}
		}, {
			"streams":	[{
					"socket":	5,
					"start":	3.000082,
					"end":	4.000058,
					"seconds":	0.99997597932815552,
					"bytes":	12500096,
					"bits_per_second":	100003170.14333342,
					"retransmits":	0,
					"snd_cwnd":	44484,
					"rtt":	541,
					"rttvar":	73,
					"pmtu":	1400,
					"omitted":	false,
					"sender":	true
				}],
			"sum":	{
				"start":	3.000082,
				"end":	4.000058,
				"seconds":	0.99997597932815552,
				"bytes":	12500096,
				"bits_per_second":	100003170.14333342,
				"retransmits":	0,
				"omitted":	false,
				"sender":	true
			}
		}, {
			"streams":	[{
					"socket":	5,
					"start":	4.000058,
					"end":	5.000082,
					"seconds":	1.0000239610671997,
					"bytes":	12499968,
					"bits_per_second":	99997347.956825808,
					"retransmits":	0,
					"snd_cwnd":	44484,
					"rtt":	484,
					"rttvar":	64,
					"pmtu":	1400,
					"omitted":	false,
					"sender":	true
				}],
			"sum":	{
				"start":	4.000058,
				"end":	5.000082,
				"seconds":	1.0000239610671997,
				"bytes":	12499968,
				"bits_per_second":	99997347.956825808,
				"retransmits":	0,
				"omitted":	false,
				"sender":	true
			}
		}, {
			"streams":	[{
					"socket":	5,
					"start":	5.000082,
					"end":	6.000058,
					"seconds":	0.99997597932815552,
					"bytes":	12500224,
					"bits_per_second":	100004194.16793118,
					"retransmits":	0,
					"snd_cwnd":	44484,
					"rtt":	573,
					"rttvar":	78,
					"pmtu":	1400,
					"omitted":	false,
					"sender":	true
				}],
			"sum":	{
				"start":	5.000082,
				"end":	6.000058,
				"seconds":	0.99997597932815552,
				"bytes":	12500224,
				"bits_per_second":	100004194.16793118,
				"retransmits":	0,
				"omitted":	false,
				"sender":	true
			}
		}, {
			"streams":	[{
					"socket":	5,
					"start":	6.000058,
					"end":	7.000088,
					"seconds":	1.0000300407409668,
					"bytes":	12499968,
					"bits_per_second":	99996740.023835421,
					"retransmits":	0,
					"snd_cwnd":	44484,
					"rtt":	527,
					"rttvar":	107,
					"pmtu":	1400,
					"omitted":	false,
					"sender":	true
				}],
			"sum":	{
				"start":	6.000058,
				"end":	7.000088,
				"seconds":	1.0000300407409668,
				"bytes":	12499968,
				"bits_per_second":	99996740.023835421,
				"retransmits":	0,
				"omitted":	false,
				"sender":	true
			}
		}, {
			"streams":	[{
					"socket":	5,
					"start":	7.000088,
					"end":	8.000082,
					"seconds":	0.99999397993087769,
					"bytes":	12499968,
					"bits_per_second":	100000346.00899523,
					"retransmits":	0,
					"snd_cwnd":	44484,
					"rtt":	540,
					"rttvar":	69,
					"pmtu":	1400,
					"omitted":	false,
					"sender":	true
				}],
			"sum":	{
				"start":	7.000088,
				"end":	8.000082,
				"seconds":	0.99999397993087769,
				"bytes":	12499968,
				"bits_per_second":	100000346.00899523,
				"retransmits":	0,
				"omitted":	false,
				"sender":	true
			}
		}, {
			"streams":	[{
					"socket":	5,
					"start":	8.000082,
					"end":	9.000057,
					"seconds":	0.99997502565383911,
					"bytes":	12500096,
					"bits_per_second":	100003265.51617022,
					"retransmits":	0,
					"snd_cwnd":	70096,
					"rtt":	408,
					"rttvar":	38,
					"pmtu":	1400,
					"omitted":	false,
					"sender":	true
				}],
			"sum":	{
				"start":	8.000082,
				"end":	9.000057,
				"seconds":	0.99997502565383911,
				"bytes":	12500096,
				"bits_per_second":	100003265.51617022,
				"retransmits":	0,
				"omitted":	false,
				"sender":	true
			}
		}, {
			"streams":	[{
					"socket":	5,
					"start":	9.000057,
					"end":	10.000056,
					"seconds":	0.99999898672103882,
					"bytes":	12497664,
					"bits_per_second":	99981413.309062615,
					"retransmits":	0,
					"snd_cwnd":	70096,
					"rtt":	484,
					"rttvar":	78,
					"pmtu":	1400,
					"omitted":	false,
					"sender":	true
				}],
			"sum":	{
				"start":	9.000057,
				"end":	10.000056,
				"seconds":	0.99999898672103882,
				"bytes":	12497664,
				"bits_per_second":	99981413.309062615,
				"retransmits":	0,
				"omitted":	false,
				"sender":	true
			}
		}, {
			"streams":	[{
					"socket":	5,
					"start":	10.000056,
					"end":	11.000056,
					"seconds":	1,
					"bytes":	12502144,
					"bits_per_second":	100017152,
					"retransmits":	0,
					"snd_cwnd":	70096,
					"rtt":	475,
					"rttvar":	77,
					"pmtu":	1400,
					"omitted":	false,
					"sender":	true
				}],
			"sum":	{
				"start":	10.000056,
				"end":	11.000056,
				"seconds":	1,
				"bytes":	12502144,
				"bits_per_second":	100017152,
				"retransmits":	0,
				"omitted":	false,
				"sender":	true
			}
		}, {
			"streams":	[{
					"socket":	5,
					"start":	11.000056,
					"end":	12.000056,
					"seconds":	1,
					"bytes":	12499968,
					"bits_per_second":	99999744,
					"retransmits":	0,
					"snd_cwnd":	70096,
					"rtt":	557,
					"rttvar":	77,
					"pmtu":	1400,
					"omitted":	false,
					"sender":	true
				}],
			"sum":	{
				"start":	11.000056,
				"end":	12.000056,
				"seconds":	1,
				"bytes":	12499968,
				"bits_per_second":	99999744,
				"retransmits":	0,
				"omitted":	false,
				"sender":	true
			}
		}, {
			"streams":	[{
					"socket":	5,
					"start":	12.000056,
					"end":	13.000057,
					"seconds":	1.0000009536743164,
					"bytes":	12499840,
					"bits_per_second":	99998624.63388,
					"retransmits":	0,
					"snd_cwnd":	70096,
					"rtt":	555,
					"rttvar":	80,
					"pmtu":	1400,
					"omitted":	false,
					"sender":	true
				}],
			"sum":	{
				"start":	12.000056,
				"end":	13.000057,