{
	"start":	{
		"connected":	[{
				"socket":	5,
				"local_host":	"10.60.0.1",
				"local_port":	49805,
				"remote_host":	"172.16.10.3",
				"remote_port":	5201
			}],
		"version":	"iperf 3.7",
		"system_info":	"Linux ueransim1 5.4.0-169-generic #187-Ubuntu SMP Thu Nov 23 14:52:28 UTC 2023 x86_64",
		"timestamp":	{
			"time":	"Mon, 23 Jun 2025 22:19:33 GMT",
			"timesecs":	1750717173
		},
		"connecting_to":	{
			"host":	"172.16.10.3",
			"port":	5201
		},
		"cookie":	"xz3wssvhfnuudglisg3mwcslld6ze2m5cate",
		"tcp_mss_default":	1348,
		"target_bitrate":	100000000,
		"sock_bufsize":	0,
		"sndbuf_actual":	16384,
		"rcvbuf_actual":	131072,
		"test_start":	{
			"protocol":	"TCP",
			"num_streams":	1,
			"blksize":	512,
			"omit":	0,
			"duration":	30,
			"bytes":	0,
			"blocks":	0,
			"reverse":	0,
			"tos":	0
		}
	},
	"intervals":	[{
			"streams":	[{
					"socket":	5,
					"start":	0,
					"end":	1.000093,
					"seconds":	1.0000929832458496,
					"bytes":	12491776,
					"bits_per_second":	99924916.656907991,
					"retransmits":	0,
					"snd_cwnd":	32352,
					"rtt":	1020,
					"rttvar":	213,
					"pmtu":	1400,
					"omitted":	false,
					"sender":	true
				}],
			"sum":	{
				"start":	0,
				"end":	1.000093,
				"seconds":	1.0000929832458496,
				"bytes":	12491776,
				"bits_per_second":	99924916.656907991,
				"retransmits":	0,
				"omitted":	false,
				"sender":	true
			}
		}, {
			"streams":	[{
					"socket":	5,
					"start":	1.000093,
					"end":	2.000094,
					"seconds":	1.0000009536743164,
					"bytes":	12498432,
					"bits_per_second":	99987360.644622192,
					"retransmits":	0,
					"snd_cwnd":	36396,
					"rtt":	1058,
					"rttvar":	46,
					"pmtu":	1400,
					"omitted":	false,
					"sender":	true
				}],
			"sum":	{
				"start":	1.000093,
				"end":	2.000094,
				"seconds":	1.0000009536743164,
				"bytes":	12498432,
				"bits_per_second":	99987360.644622192,
				"retransmits":	0,
				"omitted":	false,
				"sender":	true
			}
		}, {
			"streams":	[{
					"socket":	5,
					"start":	2.000094,
					"end":	3.000103,
					"seconds":	1.0000089406967163,
					"bytes":	12499456,
					"bits_per_second":	99994753.977231473,
					"retransmits":	0,
					"snd_cwnd":	40440,
					"rtt":	696,
					"rttvar":	194,
					"pmtu":	1400,
					"omitted":	false,
					"sender":	true
				}],
			"sum":	{
				"start":	2.000094,
				"end":	3.000103,
				"seconds":	1.0000089406967163,
				"bytes":	12499456,
				"bits_per_second":	99994753.977231473,
				"retransmits":	0,
				"omitted":	false,
				"sender":	true
			}
		}, {
			"streams":	[{
					"socket":	5,
					"start":	3.000103,
					"end":	4.000118,
					"seconds":	1.0000150203704834,
					"bytes":	12502528,
					"bits_per_second":	100018721.68174507,
					"retransmits":	0,
					"snd_cwnd":	40440,
					"rtt":	946,
					"rttvar":	42,
					"pmtu":	1400,
					"omitted":	false,
					"sender":	true
				}],
			"sum":	{
				"start":	3.000103,
				"end":	4.000118,
				"seconds":	1.0000150203704834,
				"bytes":	12502528,
				"bits_per_second":	100018721.68174507,
				"retransmits":	0,
				"omitted":	false,
				"sender":	true
			}
		}, {
			"streams":	[{
					"socket":	5,
					"start":	4.000118,
					"end":	5.00012,
					"seconds":	1.0000020265579224,
					"bytes":	12497920,
					"bits_per_second":	99983157.378340319,
					"retransmits":	0,
					"snd_cwnd":	40440,
					"rtt":	712,
					"rttvar":	76,
					"pmtu":	1400,
					"omitted":	false,
					"sender":	true
				}],
			"sum":	{
				"start":	4.000118,
				"end":	5.00012,
				"seconds":	1.0000020265579224,
				"bytes":	12497920,
				"bits_per_second":	99983157.378340319,
				"retransmits":	0,
				"omitted":	false,
				"sender":	true
			}
		}, {
			"streams":	[{
					"socket":	5,
					"start":	5.00012,
					"end":	6.000097,
					"seconds":	0.9999769926071167,
					"bytes":	12499968,
					"bits_per_second":	100002044.78633353,
					"retransmits":	0,
					"snd_cwnd":	40440,
					"rtt":	943,
					"rttvar":	176,
					"pmtu":	1400,
					"omitted":	false,
					"sender":	true
				}],
			"sum":	{
				"start":	5.00012,
				"end":	6.000097,
				"seconds":	0.9999769926071167,
				"bytes":	12499968,
				"bits_per_second":	100002044.78633353,
				"retransmits":	0,
				"omitted":	false,
				"sender":	true
			}
		}, {
			"streams":	[{
					"socket":	5,
					"start":	6.000097,
					"end":	7.000121,
					"seconds":	1.0000239610671997,
					"bytes":	12502016,
					"bits_per_second":	100013731.5642571,
					"retransmits":	0,
					"snd_cwnd":	67400,
					"rtt":	785,
					"rttvar":	67,
					"pmtu":	1400,
					"omitted":	false,
					"sender":	true
				}],
			"sum":	{
				"start":	6.000097,
				"end":	7.000121,
				"seconds":	1.0000239610671997,
				"bytes":	12502016,
				"bits_per_second":	100013731.5642571,
				"retransmits":	0,
				"omitted":	false,
				"sender":	true
			}
		}, {
			"streams":	[{
					"socket":	5,
					"start":	7.000121,
					"end":	8.000071,
					"seconds":	0.99994999170303345,
					"bytes":	12497920,
					"bits_per_second":	99988360.247612461,
					"retransmits":	0,
					"snd_cwnd":	67400,
					"rtt":	858,
					"rttvar":	67,
					"pmtu":	1400,
					"omitted":	false,
					"sender":	true
				}],
			"sum":	{
				"start":	7.000121,
				"end":	8.000071,
				"seconds":	0.99994999170303345,
				"bytes":	12497920,
				"bits_per_second":	99988360.247612461,
				"retransmits":	0,
				"omitted":	false,
				"sender":	true
			}
		}, {
			"streams":	[{
					"socket":	5,
					"start":	8.000071,
					"end":	9.000118,
					"seconds":	1.000046968460083,
					"bytes":	12499968,
					"bits_per_second":	99995047.386608317,
					"retransmits":	0,
					"snd_cwnd":	67400,
					"rtt":	879,
					"rttvar":	56,
					"pmtu":	1400,
					"omitted":	false,
					"sender":	true
				}],
			"sum":	{
				"start":	8.000071,
				"end":	9.000118,
				"seconds":	1.000046968460083,
				"bytes":	12499968,
				"bits_per_second":	99995047.386608317,
				"retransmits":	0,
				"omitted":	false,
				"sender":	true
			}
		}, {
			"streams":	[{
					"socket":	5,
					"start":	9.000118,
					"end":	10.00012,
					"seconds":	1.0000020265579224,
					"bytes":	12500480,
					"bits_per_second":	100003637.33683649,
					"retransmits":	0,
					"snd_cwnd":	67400,
					"rtt":	987,
					"rttvar":	162,
					"pmtu":	1400,
					"omitted":	false,
					"sender":	true
				}],
			"sum":	{
				"start":	9.000118,
				"end":	10.00012,
				"seconds":	1.0000020265579224,
				"bytes":	12500480,
				"bits_per_second":	100003637.33683649,
				"retransmits":	0,
				"omitted":	false,
				"sender":	true
			}
		}, {
			"streams":	[{
					"socket":	5,
					"start":	10.00012,
					"end":	11.000122,
					"seconds":	1.0000020265579224,
					"bytes":	12500480,
					"bits_per_second":	100003637.33683649,
					"retransmits":	0,
					"snd_cwnd":	67400,
					"rtt":	744,
					"rttvar":	101,
					"pmtu":	1400,
					"omitted":	false,
					"sender":	true
				}],
			"sum":	{
				"start":	10.00012,
				"end":	11.000122,
				"seconds":	1.0000020265579224,
				"bytes":	12500480,
				"bits_per_second":	100003637.33683649,
				"retransmits":	0,
				"omitted":	false,
				"sender":	true
			}
		}, {
			"streams":	[{
					"socket":	5,
					"start":	11.000122,
					"end":	12.000121,
					"seconds":	0.99999898672103882,
					"bytes":	12500992,
					"bits_per_second":	100008037.33604018,
					"retransmits":	0,
					"snd_cwnd":	67400,
					"rtt":	928,
					"rttvar":	192,
					"pmtu":	1400,
					"omitted":	false,
					"sender":	true
				}],
			"sum":	{
				"start":	11.000122,
				"end":	12.000121,
				"seconds":	0.99999898672103882,
				"bytes":	12500992,
				"bits_per_second":	100008037.33604018,
				"retransmits":	0,
				"omitted":	false,
				"sender":	true
			}
		}, {
			"streams":	[{
					"socket":	5,
					"start":	12.000121,
					"end":	13.000118,
					"seconds":	0.99999701976776123,
					"bytes":	12497920,
					"bits_per_second":	99983657.974520847,
					"retransmits":	0,
					"snd_cwnd":	67400,
					"rtt":	924,
					"rttvar":	137,
					"pmtu":	1400,
					"omitted":	false,