{
	"start":	{
		"connected":	[{
				"socket":	5,
				"local_host":	"10.60.0.1",
				"local_port":	50243,
				"remote_host":	"172.16.10.3",
				"remote_port":	5201
			}],
		"version":	"iperf 3.7",
		"system_info":	"Linux ueransim1 5.4.0-169-generic #187-Ubuntu SMP Thu Nov 23 14:52:28 UTC 2023 x86_64",
		"timestamp":	{
			"time":	"Mon, 23 Jun 2025 22:21:09 GMT",
			"timesecs":	1750717269
		},
		"connecting_to":	{
			"host":	"172.16.10.3",
			"port":	5201
		},
		"cookie":	"kqibflctahqargx2jwxky4h55ls7j2p75dnj",
		"tcp_mss_default":	1348,
		"target_bitrate":	100000000,
		"sock_bufsize":	0,
		"sndbuf_actual":	16384,
		"rcvbuf_actual":	131072,
		"test_start":	{
			"protocol":	"TCP",
			"num_streams":	1,
			"blksize":	1518,
			"omit":	0,
			"duration":	30,
			"bytes":	0,
			"blocks":	0,
			"reverse":	0,
			"tos":	0
		}
	},
	"intervals":	[{
			"streams":	[{
					"socket":	5,
					"start":	0,
					"end":	1.000092,
					"seconds":	1.0000920295715332,
					"bytes":	12491622,
					"bits_per_second":	99923780.057335347,
					"retransmits":	0,
					"snd_cwnd":	37744,
					"rtt":	1207,
					"rttvar":	39,
					"pmtu":	1400,
					"omitted":	false,
					"sender":	true
				}],
			"sum":	{
				"start":	0,
				"end":	1.000092,
				"seconds":	1.0000920295715332,
				"bytes":	12491622,
				"bits_per_second":	99923780.057335347,
				"retransmits":	0,
				"omitted":	false,
				"sender":	true
			}
		}, {
			"streams":	[{
					"socket":	5,
					"start":	1.000092,
					"end":	2.000084,
					"seconds":	0.9999920129776001,
					"bytes":	12499212,
					"bits_per_second":	99994494.6582687,
					"retransmits":	0,
					"snd_cwnd":	37744,
					"rtt":	1065,
					"rttvar":	160,
					"pmtu":	1400,
					"omitted":	false,
					"sender":	true
				}],
			"sum":	{
				"start":	1.000092,
				"end":	2.000084,
				"seconds":	0.9999920129776001,
				"bytes":	12499212,
				"bits_per_second":	99994494.6582687,
				"retransmits":	0,
				"omitted":	false,
				"sender":	true
			}
		}, {
			"streams":	[{
					"socket":	5,
					"start":	2.000084,
					"end":	3.000074,
					"seconds":	0.99998998641967773,
					"bytes":	12499212,
					"bits_per_second":	99994697.304933265,
					"retransmits":	0,
					"snd_cwnd":	37744,
					"rtt":	1092,
					"rttvar":	116,
					"pmtu":	1400,
					"omitted":	false,
					"sender":	true
				}],
			"sum":	{
				"start":	2.000084,
				"end":	3.000074,
				"seconds":	0.99998998641967773,
				"bytes":	12499212,
				"bits_per_second":	99994697.304933265,
				"retransmits":	0,
				"omitted":	false,
				"sender":	true
			}
		}, {
			"streams":	[{
					"socket":	5,
					"start":	3.000074,
					"end":	4.00008,
					"seconds":	1.0000059604644775,
					"bytes":	12500730,
					"bits_per_second":	100005243.92229603,
					"retransmits":	0,
					"snd_cwnd":	41788,
					"rtt":	1269,
					"rttvar":	100,
					"pmtu":	1400,
					"omitted":	false,
					"sender":	true
				}],
			"sum":	{
				"start":	3.000074,
				"end":	4.00008,
				"seconds":	1.0000059604644775,
				"bytes":	12500730,
				"bits_per_second":	100005243.92229603,
				"retransmits":	0,
				"omitted":	false,
				"sender":	true
			}
		}, {
			"streams":	[{
					"socket":	5,
					"start":	4.00008,
					"end":	5.000093,
					"seconds":	1.000012993812561,
					"bytes":	12499212,
					"bits_per_second":	99992396.717539519,
					"retransmits":	0,
					"snd_cwnd":	41788,
					"rtt":	1400,
					"rttvar":	105,
					"pmtu":	1400,
					"omitted":	false,
					"sender":	true
				}],
			"sum":	{
				"start":	4.00008,
				"end":	5.000093,
				"seconds":	1.000012993812561,
				"bytes":	12499212,
				"bits_per_second":	99992396.717539519,
				"retransmits":	0,
				"omitted":	false,
				"sender":	true
			}
		}, {
			"streams":	[{
					"socket":	5,
					"start":	5.000093,
					"end":	6.000086,
					"seconds":	0.99999302625656128,
					"bytes":	12500730,
					"bits_per_second":	100006537.41993417,
					"retransmits":	0,
					"snd_cwnd":	67400,
					"rtt":	1149,
					"rttvar":	123,
					"pmtu":	1400,
					"omitted":	false,
					"sender":	true
				}],
			"sum":	{
				"start":	5.000093,
				"end":	6.000086,
				"seconds":	0.99999302625656128,
				"bytes":	12500730,
				"bits_per_second":	100006537.41993417,
				"retransmits":	0,
				"omitted":	false,
				"sender":	true
			}
		}, {
			"streams":	[{
					"socket":	5,
					"start":	6.000086,
					"end":	7.000067,
					"seconds":	0.99998098611831665,
					"bytes":	12499212,
					"bits_per_second":	99995597.304456,
					"retransmits":	0,
					"snd_cwnd":	67400,
					"rtt":	1172,
					"rttvar":	51,
					"pmtu":	1400,
					"omitted":	false,
					"sender":	true
				}],
			"sum":	{
				"start":	6.000086,
				"end":	7.000067,
				"seconds":	0.99998098611831665,
				"bytes":	12499212,
				"bits_per_second":	99995597.304456,
				"retransmits":	0,
				"omitted":	false,
				"sender":	true
			}
		}, {
			"streams":	[{
					"socket":	5,
					"start":	7.000067,
					"end":	8.00009,
					"seconds":	1.0000230073928833,
					"bytes":	12500730,
					"bits_per_second":	100003539.17928438,
					"retransmits":	0,
					"snd_cwnd":	67400,
					"rtt":	1328,
					"rttvar":	189,
					"pmtu":	1400,
					"omitted":	false,
					"sender":	true
				}],
			"sum":	{
				"start":	7.000067,
				"end":	8.00009,
				"seconds":	1.0000230073928833,
				"bytes":	12500730,
				"bits_per_second":	100003539.17928438,
				"retransmits":	0,
				"omitted":	false,
				"sender":	true
			}
		}, {
			"streams":	[{
					"socket":	5,
					"start":	8.00009,
					"end":	9.000074,
					"seconds":	0.9999840259552002,
					"bytes":	12500730,
					"bits_per_second":	100007437.52328731,
					"retransmits":	0,
					"snd_cwnd":	67400,
					"rtt":	1238,
					"rttvar":	69,
					"pmtu":	1400,
					"omitted":	false,
					"sender":	true
				}],
			"sum":	{
				"start":	8.00009,
				"end":	9.000074,
				"seconds":	0.9999840259552002,
				"bytes":	12500730,
				"bits_per_second":	100007437.52328731,
				"retransmits":	0,
				"omitted":	false,
				"sender":	true
			}
		}, {
			"streams":	[{
					"socket":	5,
					"start":	9.000074,
					"end":	10.000074,
					"seconds":	1,
					"bytes":	12499212,
					"bits_per_second":	99993696,
					"retransmits":	0,
					"snd_cwnd":	67400,
					"rtt":	1239,
					"rttvar":	71,
					"pmtu":	1400,
					"omitted":	false,
					"sender":	true
				}],
			"sum":	{
				"start":	9.000074,
				"end":	10.000074,
				"seconds":	1,
				"bytes":	12499212,
				"bits_per_second":	99993696,
				"retransmits":	0,
				"omitted":	false,
				"sender":	true
			}
		}, {
			"streams":	[{
					"socket":	5,
					"start":	10.000074,
					"end":	11.000073,
					"seconds":	0.99999898672103882,
					"bytes":	12500730,
					"bits_per_second":	100005941.33391635,
					"retransmits":	0,
					"snd_cwnd":	67400,
					"rtt":	1122,
					"rttvar":	44,
					"pmtu":	1400,
					"omitted":	false,
					"sender":	true
				}],
			"sum":	{
				"start":	10.000074,
				"end":	11.000073,
				"seconds":	0.99999898672103882,
				"bytes":	12500730,
				"bits_per_second":	100005941.33391635,
				"retransmits":	0,
				"omitted":	false,
				"sender":	true
			}
		}, {
			"streams":	[{
					"socket":	5,
					"start":	11.000073,
					"end":	12.000074,
					"seconds":	1.0000009536743164,
					"bytes":	12499212,
					"bits_per_second":	99993600.638671264,
					"retransmits":	0,
					"snd_cwnd":	67400,
					"rtt":	1216,
					"rttvar":	87,
					"pmtu":	1400,
					"omitted":	false,
					"sender":	true
				}],
			"sum":	{
				"start":	11.000073,
				"end":	12.000074,
				"seconds":	1.0000009536743164,
				"bytes":	12499212,
				"bits_per_second":	99993600.638671264,
				"retransmits":	0,
				"omitted":	false,
				"sender":	true
			}
		}, {
			"streams":	[{
					"socket":	5,
					"start":	12.000074,
					"end":	13.000092,
					"seconds":	1.0000180006027222,
					"bytes":	12500730,
					"bits_per_second":	100004039.86700775,
					"retransmits":	0,
					"snd_cwnd":	67400,
					"rtt":	1259,
					"rttvar":	51,
					"pmtu":	1400,
					"omitted":	false,
					"sender":	true
				}],