{
	"start":	{
		"connected":	[{
				"socket":	5,
				"local_host":	"10.60.0.1",
				"local_port":	35149,
				"remote_host":	"172.16.10.3",
				"remote_port":	5201
			}],
		"version":	"iperf 3.7",
		"system_info":	"Linux ueransim1 5.4.0-169-generic #187-Ubuntu SMP Thu Nov 23 14:52:28 UTC 2023 x86_64",
		"timestamp":	{
			"time":	"Mon, 23 Jun 2025 22:18:29 GMT",
			"timesecs":	1750717109
		},
		"connecting_to":	{
			"host":	"172.16.10.3",
			"port":	5201
		},
		"cookie":	"iucvbzy263btv46ayrhal3qf2pill227u6u7",
		"tcp_mss_default":	1348,
		"target_bitrate":	100000000,
		"sock_bufsize":	0,
		"sndbuf_actual":	16384,
		"rcvbuf_actual":	131072,
		"test_start":	{
			"protocol":	"TCP",
			"num_streams":	1,
			"blksize":	128,
			"omit":	0,
			"duration":	30,
			"bytes":	0,
			"blocks":	0,
			"reverse":	0,
			"tos":	0
		}
	},
	"intervals":	[{
			"streams":	[{
					"socket":	5,
					"start":	0,
					"end":	1.000096,
					"seconds":	1.0000959634780884,
					"bytes":	12492416,
					"bits_per_second":	99929738.394739181,
					"retransmits":	0,
					"snd_cwnd":	33700,
					"rtt":	543,
					"rttvar":	73,
					"pmtu":	1400,
					"omitted":	false,
					"sender":	true
				}],
			"sum":	{
				"start":	0,
				"end":	1.000096,
				"seconds":	1.0000959634780884,
				"bytes":	12492416,
				"bits_per_second":	99929738.394739181,
				"retransmits":	0,
				"omitted":	false,
				"sender":	true
			}
		}, {
			"streams":	[{
					"socket":	5,
					"start":	1.000096,
					"end":	2.000081,
					"seconds":	0.9999849796295166,
					"bytes":	12499712,
					"bits_per_second":	99999198.025002375,
					"retransmits":	0,
					"snd_cwnd":	33700,
					"rtt":	519,
					"rttvar":	75,
					"pmtu":	1400,
					"omitted":	false,
					"sender":	true
				}],
			"sum":	{
				"start":	1.000096,
				"end":	2.000081,
				"seconds":	0.9999849796295166,
				"bytes":	12499712,
				"bits_per_second":	99999198.025002375,
				"retransmits":	0,
				"omitted":	false,
				"sender":	true
			}
		}, {
			"streams":	[{
					"socket":	5,
					"start":	2.000081,
					"end":	3.000087,
					"seconds":	1.0000059604644775,
					"bytes":	12500224,
					"bits_per_second":	100001195.94642384,
					"retransmits":	0,
					"snd_cwnd":	33700,
					"rtt":	580,
					"rttvar":	54,
					"pmtu":	1400,
					"omitted":	false,
					"sender":	true
				}],
			"sum":	{
				"start":	2.000081,
				"end":	3.000087,
				"seconds":	1.0000059604644775,
				"bytes":	12500224,
				"bits_per_second":	100001195.94642384,
				"retransmits":	0,
				"omitted":	false,
				"sender":	true
			}
		}, {
			"streams":	[{
					"socket":	5,
					"start":	3.000087,
					"end":	4.000083,
					"seconds":	0.9999960064888,
					"bytes":	12499328,
					"bits_per_second":	99995023.331245616,
					"retransmits":	0,
					"snd_cwnd":	59312,
					"rtt":	606,
					"rttvar":	81,
					"pmtu":	1400,
					"omitted":	false,
					"sender":	true
				}],
			"sum":	{
				"start":	3.000087,
				"end":	4.000083,
				"seconds":	0.9999960064888,
				"bytes":	12499328,
				"bits_per_second":	99995023.331245616,
				"retransmits":	0,
				"omitted":	false,
				"sender":	true
			}
		}, {
			"streams":	[{
					"socket":	5,
					"start":	4.000083,
					"end":	5.00008,
					"seconds":	0.99999701976776123,
					"bytes":	12499840,
					"bits_per_second":	99999018.020297348,
					"retransmits":	0,
					"snd_cwnd":	59312,
					"rtt":	473,
					"rttvar":	40,
					"pmtu":	1400,
					"omitted":	false,
					"sender":	true
				}],
			"sum":	{
				"start":	4.000083,
				"end":	5.00008,
				"seconds":	0.99999701976776123,
				"bytes":	12499840,
				"bits_per_second":	99999018.020297348,
				"retransmits":	0,
				"omitted":	false,
				"sender":	true
			}
		}, {
			"streams":	[{
					"socket":	5,
					"start":	5.00008,
					"end":	6.000079,
					"seconds":	0.99999898672103882,
					"bytes":	12500224,
					"bits_per_second":	100001893.32981458,
					"retransmits":	0,
					"snd_cwnd":	59312,
					"rtt":	472,
					"rttvar":	29,
					"pmtu":	1400,
					"omitted":	false,
					"sender":	true
				}],
			"sum":	{
				"start":	5.00008,
				"end":	6.000079,
				"seconds":	0.99999898672103882,
				"bytes":	12500224,
				"bits_per_second":	100001893.32981458,
				"retransmits":	0,
				"omitted":	false,
				"sender":	true
			}
		}, {
			"streams":	[{
					"socket":	5,
					"start":	6.000079,
					"end":	7.000084,
					"seconds":	1.0000050067901611,
					"bytes":	12499712,
					"bits_per_second":	99997195.335026249,
					"retransmits":	0,
					"snd_cwnd":	59312,
					"rtt":	502,
					"rttvar":	112,
					"pmtu":	1400,
					"omitted":	false,
					"sender":	true
				}],
			"sum":	{
				"start":	6.000079,
				"end":	7.000084,
				"seconds":	1.0000050067901611,
				"bytes":	12499712,
				"bits_per_second":	99997195.335026249,
				"retransmits":	0,
				"omitted":	false,
				"sender":	true
			}
		}, {
			"streams":	[{
					"socket":	5,
					"start":	7.000084,
					"end":	8.000092,
					"seconds":	1.0000079870224,
					"bytes":	12499840,
					"bits_per_second":	99997921.314362526,
					"retransmits":	0,
					"snd_cwnd":	59312,
					"rtt":	581,
					"rttvar":	63,
					"pmtu":	1400,
					"omitted":	false,
					"sender":	true
				}],
			"sum":	{
				"start":	7.000084,
				"end":	8.000092,
				"seconds":	1.0000079870224,
				"bytes":	12499840,
				"bits_per_second":	99997921.314362526,
				"retransmits":	0,
				"omitted":	false,
				"sender":	true
			}
		}, {
			"streams":	[{
					"socket":	5,
					"start":	8.000092,
					"end":	9.000081,
					"seconds":	0.99998897314071655,
					"bytes":	12500224,
					"bits_per_second":	100002894.71784799,
					"retransmits":	0,
					"snd_cwnd":	59312,
					"rtt":	510,
					"rttvar":	44,
					"pmtu":	1400,
					"omitted":	false,
					"sender":	true
				}],
			"sum":	{
				"start":	8.000092,
				"end":	9.000081,
				"seconds":	0.99998897314071655,
				"bytes":	12500224,
				"bits_per_second":	100002894.71784799,
				"retransmits":	0,
				"omitted":	false,
				"sender":	true
			}
		}, {
			"streams":	[{
					"socket":	5,
					"start":	9.000081,
					"end":	10.000079,
					"seconds":	0.99999797344207764,
					"bytes":	12499968,
					"bits_per_second":	99999946.655684128,
					"retransmits":	0,
					"snd_cwnd":	59312,
					"rtt":	513,
					"rttvar":	91,
					"pmtu":	1400,
					"omitted":	false,
					"sender":	true
				}],
			"sum":	{
				"start":	9.000081,
				"end":	10.000079,
				"seconds":	0.99999797344207764,
				"bytes":	12499968,
				"bits_per_second":	99999946.655684128,
				"retransmits":	0,
				"omitted":	false,
				"sender":	true
			}
		}, {
			"streams":	[{
					"socket":	5,
					"start":	10.000079,
					"end":	11.00008,
					"seconds":	1.0000009536743164,
					"bytes":	12499840,
					"bits_per_second":	99998624.63388,
					"retransmits":	0,
					"snd_cwnd":	59312,
					"rtt":	566,
					"rttvar":	90,
					"pmtu":	1400,
					"omitted":	false,
					"sender":	true
				}],
			"sum":	{
				"start":	10.000079,
				"end":	11.00008,
				"seconds":	1.0000009536743164,
				"bytes":	12499840,
				"bits_per_second":	99998624.63388,
				"retransmits":	0,
				"omitted":	false,
				"sender":	true
			}
		}, {
			"streams":	[{
					"socket":	5,
					"start":	11.00008,
					"end":	12.000079,
					"seconds":	0.99999898672103882,
					"bytes":	12499840,
					"bits_per_second":	99998821.32670179,
					"retransmits":	0,
					"snd_cwnd":	59312,
					"rtt":	583,
					"rttvar":	96,
					"pmtu":	1400,
					"omitted":	false,
					"sender":	true
				}],
			"sum":	{
				"start":	11.00008,
				"end":	12.000079,
				"seconds":	0.99999898672103882,
				"bytes":	12499840,
				"bits_per_second":	99998821.32670179,
				"retransmits":	0,
				"omitted":	false,
				"sender":	true
			}
		}, {
			"streams":	[{
					"socket":	5,
					"start":	12.000079,
					"end":	13.00008,
					"seconds":	1.0000009536743164,
					"bytes":	12500096,
					"bits_per_second":	100000672.63192689,
					"retransmits":	0,
					"snd_cwnd":	59312,
					"rtt":	578,
					"rttvar":	115,
					"pmtu":	1400,
					"omitted":	false,
					"sender":	true
				}],