{
	"start":	{
		"connected":	[{
				"socket":	5,
				"local_host":	"10.60.0.1",
				"local_port":	33183,
				"remote_host":	"172.16.10.3",
				"remote_port":	5201
			}],
		"version":	"iperf 3.7",
		"system_info":	"Linux ueransim1 5.4.0-169-generic #187-Ubuntu SMP Thu Nov 23 14:52:28 UTC 2023 x86_64",
		"timestamp":	{
			"time":	"Mon, 23 Jun 2025 22:20:05 GMT",
			"timesecs":	1750717205
		},
		"connecting_to":	{
			"host":	"172.16.10.3",
			"port":	5201
		},
		"cookie":	"5lusiz42l3dfvos7yws4tha2xdiownuz6d76",
		"tcp_mss_default":	1348,
		"target_bitrate":	100000000,
		"sock_bufsize":	0,
		"sndbuf_actual":	16384,
		"rcvbuf_actual":	131072,
		"test_start":	{
			"protocol":	"TCP",
			"num_streams":	1,
			"blksize":	512,
			"omit":	0,
			"duration":	30,
			"bytes":	0,
			"blocks":	0,
			"reverse":	0,
			"tos":	0
		}
	},
	"intervals":	[{
			"streams":	[{
					"socket":	5,
					"start":	0,
					"end":	1.00006,
					"seconds":	1.000059962272644,
					"bytes":	12490240,
					"bits_per_second":	99915928.81383498,
					"retransmits":	0,
					"snd_cwnd":	31004,
					"rtt":	931,
					"rttvar":	120,
					"pmtu":	1400,
					"omitted":	false,
					"sender":	true
				}],
			"sum":	{
				"start":	0,
				"end":	1.00006,
				"seconds":	1.000059962272644,
				"bytes":	12490240,
				"bits_per_second":	99915928.81383498,
				"retransmits":	0,
				"omitted":	false,
				"sender":	true
			}
		}, {
			"streams":	[{
					"socket":	5,
					"start":	1.00006,
					"end":	2.000071,
					"seconds":	1.0000109672546387,
					"bytes":	12499968,
					"bits_per_second":	99998647.289371654,
					"retransmits":	0,
					"snd_cwnd":	37744,
					"rtt":	856,
					"rttvar":	91,
					"pmtu":	1400,
					"omitted":	false,
					"sender":	true
				}],
			"sum":	{
				"start":	1.00006,
				"end":	2.000071,
				"seconds":	1.0000109672546387,
				"bytes":	12499968,
				"bits_per_second":	99998647.289371654,
				"retransmits":	0,
				"omitted":	false,
				"sender":	true
			}
		}, {
			"streams":	[{
					"socket":	5,
					"start":	2.000071,
					"end":	3.000061,
					"seconds":	0.99998998641967773,
					"bytes":	12499968,
					"bits_per_second":	100000745.36549601,
					"retransmits":	0,
					"snd_cwnd":	37744,
					"rtt":	1000,
					"rttvar":	67,
					"pmtu":	1400,
					"omitted":	false,
					"sender":	true
				}],
			"sum":	{
				"start":	2.000071,
				"end":	3.000061,
				"seconds":	0.99998998641967773,
				"bytes":	12499968,
				"bits_per_second":	100000745.36549601,
				"retransmits":	0,
				"omitted":	false,
				"sender":	true
			}
		}, {
			"streams":	[{
					"socket":	5,
					"start":	3.000061,
					"end":	4.00006,
					"seconds":	0.99999898672103882,
					"bytes":	12501504,
					"bits_per_second":	100012133.34019057,
					"retransmits":	0,
					"snd_cwnd":	37744,
					"rtt":	1007,
					"rttvar":	180,
					"pmtu":	1400,
					"omitted":	false,
					"sender":	true
				}],
			"sum":	{
				"start":	3.000061,
				"end":	4.00006,
				"seconds":	0.99999898672103882,
				"bytes":	12501504,
				"bits_per_second":	100012133.34019057,
				"retransmits":	0,
				"omitted":	false,
				"sender":	true
			}
		}, {
			"streams":	[{
					"socket":	5,
					"start":	4.00006,
					"end":	5.000061,
					"seconds":	1.0000009536743164,
					"bytes":	12498432,
					"bits_per_second":	99987360.644622192,
					"retransmits":	0,
					"snd_cwnd":	37744,
					"rtt":	695,
					"rttvar":	113,
					"pmtu":	1400,
					"omitted":	false,
					"sender":	true
				}],
			"sum":	{
				"start":	4.00006,
				"end":	5.000061,
				"seconds":	1.0000009536743164,
				"bytes":	12498432,
				"bits_per_second":	99987360.644622192,
				"retransmits":	0,
				"omitted":	false,
				"sender":	true
			}
		}, {
			"streams":	[{
					"socket":	5,
					"start":	5.000061,
					"end":	6.000071,
					"seconds":	1.0000100135803223,
					"bytes":	12500480,
					"bits_per_second":	100002838.61354309,
					"retransmits":	0,
					"snd_cwnd":	37744,
					"rtt":	988,
					"rttvar":	69,
					"pmtu":	1400,
					"omitted":	false,
					"sender":	true
				}],
			"sum":	{
				"start":	5.000061,
				"end":	6.000071,
				"seconds":	1.0000100135803223,
				"bytes":	12500480,
				"bits_per_second":	100002838.61354309,
				"retransmits":	0,
				"omitted":	false,
				"sender":	true
			}
		}, {
			"streams":	[{
					"socket":	5,
					"start":	6.000071,
					"end":	7.000067,
					"seconds":	0.9999960064888,
					"bytes":	12499456,
					"bits_per_second":	99996047.335334986,
					"retransmits":	0,
					"snd_cwnd":	51224,
					"rtt":	940,
					"rttvar":	241,
					"pmtu":	1400,
					"omitted":	false,
					"sender":	true
				}],
			"sum":	{
				"start":	6.000071,
				"end":	7.000067,
				"seconds":	0.9999960064888,
				"bytes":	12499456,
				"bits_per_second":	99996047.335334986,
				"retransmits":	0,
				"omitted":	false,
				"sender":	true
			}
		}, {
			"streams":	[{
					"socket":	5,
					"start":	7.000067,
					"end":	8.000059,
					"seconds":	0.9999920129776001,
					"bytes":	12499968,
					"bits_per_second":	100000542.7065746,
					"retransmits":	0,
					"snd_cwnd":	51224,
					"rtt":	711,
					"rttvar":	202,
					"pmtu":	1400,
					"omitted":	false,
					"sender":	true
				}],
			"sum":	{
				"start":	7.000067,
				"end":	8.000059,
				"seconds":	0.9999920129776001,
				"bytes":	12499968,
				"bits_per_second":	100000542.7065746,
				"retransmits":	0,
				"omitted":	false,
				"sender":	true
			}
		}, {
			"streams":	[{
					"socket":	5,
					"start":	8.000059,
					"end":	9.000061,
					"seconds":	1.0000020265579224,
					"bytes":	12502528,
					"bits_per_second":	100020021.30363344,
					"retransmits":	0,
					"snd_cwnd":	51224,
					"rtt":	1121,
					"rttvar":	51,
					"pmtu":	1400,
					"omitted":	false,
					"sender":	true
				}],
			"sum":	{
				"start":	8.000059,
				"end":	9.000061,
				"seconds":	1.0000020265579224,
				"bytes":	12502528,
				"bits_per_second":	100020021.30363344,
				"retransmits":	0,
				"omitted":	false,
				"sender":	true
			}
		}, {
			"streams":	[{
					"socket":	5,
					"start":	9.000061,
					"end":	10.00006,
					"seconds":	0.99999898672103882,
					"bytes":	12497408,
					"bits_per_second":	99979365.30698742,
					"retransmits":	0,
					"snd_cwnd":	51224,
					"rtt":	615,
					"rttvar":	125,
					"pmtu":	1400,
					"omitted":	false,
					"sender":	true
				}],
			"sum":	{
				"start":	9.000061,
				"end":	10.00006,
				"seconds":	0.99999898672103882,
				"bytes":	12497408,
				"bits_per_second":	99979365.30698742,
				"retransmits":	0,
				"omitted":	false,
				"sender":	true
			}
		}, {
			"streams":	[{
					"socket":	5,
					"start":	10.00006,
					"end":	11.00006,
					"seconds":	1,
					"bytes":	12502528,
					"bits_per_second":	100020224,
					"retransmits":	0,
					"snd_cwnd":	82228,
					"rtt":	825,
					"rttvar":	107,
					"pmtu":	1400,
					"omitted":	false,
					"sender":	true
				}],
			"sum":	{
				"start":	10.00006,
				"end":	11.00006,
				"seconds":	1,
				"bytes":	12502528,
				"bits_per_second":	100020224,
				"retransmits":	0,
				"omitted":	false,
				"sender":	true
			}
		}, {
			"streams":	[{
					"socket":	5,
					"start":	11.00006,
					"end":	12.000071,
					"seconds":	1.0000109672546387,
					"bytes":	12497920,
					"bits_per_second":	99982263.469057187,
					"retransmits":	0,
					"snd_cwnd":	82228,
					"rtt":	851,
					"rttvar":	232,
					"pmtu":	1400,
					"omitted":	false,
					"sender":	true
				}],
			"sum":	{
				"start":	11.00006,
				"end":	12.000071,
				"seconds":	1.0000109672546387,
				"bytes":	12497920,
				"bits_per_second":	99982263.469057187,
				"retransmits":	0,
				"omitted":	false,
				"sender":	true
			}
		}, {
			"streams":	[{
					"socket":	5,
					"start":	12.000071,
					"end":	13.000073,
					"seconds":	1.0000020265579224,
					"bytes":	12502016,
					"bits_per_second":	100015925.3119342,
					"retransmits":	0,
					"snd_cwnd":	82228,
					"rtt":	886,
					"rttvar":	289,
					"pmtu":	1400,
					"omitted":	false,
					"sender":	true
				}],
			"sum":	{
				"start":	12.000071,