{
	"start":	{
		"connected":	[{
				"socket":	5,
				"local_host":	"10.60.0.1",
				"local_port":	53041,
				"remote_host":	"172.16.10.3",
				"remote_port":	5201
			}],
		"version":	"iperf 3.7",
		"system_info":	"Linux ueransim1 5.4.0-169-generic #187-Ubuntu SMP Thu Nov 23 14:52:28 UTC 2023 x86_64",
		"timestamp":	{
			"time":	"Mon, 23 Jun 2025 22:32:54 GMT",
			"timesecs":	1750717974
		},
		"connecting_to":	{
			"host":	"172.16.10.3",
			"port":	5201
		},
		"cookie":	"v7kzktozca7tudpclvyhlvzhiritvz3g7yoc",
		"tcp_mss_default":	1348,
		"target_bitrate":	1000000000,
		"sock_bufsize":	0,
		"sndbuf_actual":	16384,
		"rcvbuf_actual":	131072,
		"test_start":	{
			"protocol":	"TCP",
			"num_streams":	1,
			"blksize":	512,
			"omit":	0,
			"duration":	30,
			"bytes":	0,
			"blocks":	0,
			"reverse":	0,
			"tos":	0
		}
	},
	"intervals":	[{
			"streams":	[{
					"socket":	5,
					"start":	0,
					"end":	1.000025,
					"seconds":	1.0000250339508057,
					"bytes":	115089920,
					"bits_per_second":	920696311.33383512,
					"retransmits":	2,
					"snd_cwnd":	785884,
					"rtt":	6408,
					"rttvar":	62,
					"pmtu":	1400,
					"omitted":	false,
					"sender":	true
				}],
			"sum":	{
				"start":	0,
				"end":	1.000025,
				"seconds":	1.0000250339508057,
				"bytes":	115089920,
				"bits_per_second":	920696311.33383512,
				"retransmits":	2,
				"omitted":	false,
				"sender":	true
			}
		}, {
			"streams":	[{
					"socket":	5,
					"start":	1.000025,
					"end":	2.000023,
					"seconds":	0.99999797344207764,
					"bytes":	117172224,
					"bits_per_second":	937379691.65424037,
					"retransmits":	1,
					"snd_cwnd":	664564,
					"rtt":	5290,
					"rttvar":	59,
					"pmtu":	1400,
					"omitted":	false,
					"sender":	true
				}],
			"sum":	{
				"start":	1.000025,
				"end":	2.000023,
				"seconds":	0.99999797344207764,
				"bytes":	117172224,
				"bits_per_second":	937379691.65424037,
				"retransmits":	1,
				"omitted":	false,
				"sender":	true
			}
		}, {
			"streams":	[{
					"socket":	5,
					"start":	2.000023,
					"end":	3.000003,
					"seconds":	0.99997997283935547,
					"bytes":	117168128,
					"bits_per_second":	937363796.73533964,
					"retransmits":	0,
					"snd_cwnd":	779144,
					"rtt":	6393,
					"rttvar":	137,
					"pmtu":	1400,
					"omitted":	false,
					"sender":	true
				}],
			"sum":	{
				"start":	2.000023,
				"end":	3.000003,
				"seconds":	0.99997997283935547,
				"bytes":	117168128,
				"bits_per_second":	937363796.73533964,
				"retransmits":	0,
				"omitted":	false,
				"sender":	true
			}
		}, {
			"streams":	[{
					"socket":	5,
					"start":	3.000003,
					"end":	4.00001,
					"seconds":	1.0000070333480835,
					"bytes":	117042176,
					"bits_per_second":	936330822.45940435,
					"retransmits":	1,
					"snd_cwnd":	642996,
					"rtt":	5251,
					"rttvar":	156,
					"pmtu":	1400,
					"omitted":	false,
					"sender":	true
				}],
			"sum":	{
				"start":	3.000003,
				"end":	4.00001,
				"seconds":	1.0000070333480835,
				"bytes":	117042176,
				"bits_per_second":	936330822.45940435,
				"retransmits":	1,
				"omitted":	false,
				"sender":	true
			}
		}, {
			"streams":	[{
					"socket":	5,
					"start":	4.00001,
					"end":	5.000014,
					"seconds":	1.0000040531158447,
					"bytes":	117168640,
					"bits_per_second":	937345320.83082819,
					"retransmits":	0,
					"snd_cwnd":	762968,
					"rtt":	3812,
					"rttvar":	140,
					"pmtu":	1400,
					"omitted":	false,
					"sender":	true
				}],
			"sum":	{
				"start":	4.00001,
				"end":	5.000014,
				"seconds":	1.0000040531158447,
				"bytes":	117168640,
				"bits_per_second":	937345320.83082819,
				"retransmits":	0,
				"omitted":	false,
				"sender":	true
			}
		}, {
			"streams":	[{
					"socket":	5,
					"start":	5.000014,
					"end":	6.000004,
					"seconds":	0.99998998641967773,
					"bytes":	101697024,
					"bits_per_second":	813584338.89212644,
					"retransmits":	0,
					"snd_cwnd":	762968,
					"rtt":	1787,
					"rttvar":	211,
					"pmtu":	1400,
					"omitted":	false,
					"sender":	true
				}],
			"sum":	{
				"start":	5.000014,
				"end":	6.000004,
				"seconds":	0.99998998641967773,
				"bytes":	101697024,
				"bits_per_second":	813584338.89212644,
				"retransmits":	0,
				"omitted":	false,
				"sender":	true
			}
		}, {
			"streams":	[{
					"socket":	5,
					"start":	6.000004,
					"end":	7.000043,
					"seconds":	1.0000389814376831,
					"bytes":	101744640,
					"bits_per_second":	813925392.01805234,
					"retransmits":	0,
					"snd_cwnd":	762968,
					"rtt":	1997,
					"rttvar":	145,
					"pmtu":	1400,
					"omitted":	false,
					"sender":	true
				}],
			"sum":	{
				"start":	6.000004,
				"end":	7.000043,
				"seconds":	1.0000389814376831,
				"bytes":	101744640,
				"bits_per_second":	813925392.01805234,
				"retransmits":	0,
				"omitted":	false,
				"sender":	true
			}
		}, {
			"streams":	[{
					"socket":	5,
					"start":	7.000043,
					"end":	8.000009,
					"seconds":	0.999966025352478,
					"bytes":	101697536,
					"bits_per_second":	813607930.04264426,
					"retransmits":	0,
					"snd_cwnd":	762968,
					"rtt":	1804,
					"rttvar":	238,
					"pmtu":	1400,
					"omitted":	false,
					"sender":	true
				}],
			"sum":	{
				"start":	7.000043,
				"end":	8.000009,
				"seconds":	0.999966025352478,
				"bytes":	101697536,
				"bits_per_second":	813607930.04264426,
				"retransmits":	0,
				"omitted":	false,
				"sender":	true
			}
		}, {
			"streams":	[{
					"socket":	5,
					"start":	8.000009,
					"end":	9.000003,
					"seconds":	0.99999397993087769,
					"bytes":	101745664,
					"bits_per_second":	813970212.1569407,
					"retransmits":	0,
					"snd_cwnd":	762968,
					"rtt":	1346,
					"rttvar":	136,
					"pmtu":	1400,
					"omitted":	false,
					"sender":	true
				}],
			"sum":	{
				"start":	8.000009,
				"end":	9.000003,
				"seconds":	0.99999397993087769,
				"bytes":	101745664,
				"bits_per_second":	813970212.1569407,
				"retransmits":	0,
				"omitted":	false,
				"sender":	true
			}
		}, {
			"streams":	[{
					"socket":	5,
					"start":	9.000003,
					"end":	10.000005,
					"seconds":	1.0000020265579224,
					"bytes":	101722112,
					"bits_per_second":	813775246.83732653,
					"retransmits":	0,
					"snd_cwnd":	762968,
					"rtt":	1502,
					"rttvar":	126,
					"pmtu":	1400,
					"omitted":	false,
					"sender":	true
				}],
			"sum":	{
				"start":	9.000003,
				"end":	10.000005,
				"seconds":	1.0000020265579224,
				"bytes":	101722112,
				"bits_per_second":	813775246.83732653,
				"retransmits":	0,
				"omitted":	false,
				"sender":	true
			}
		}, {
			"streams":	[{
					"socket":	5,
					"start":	10.000005,
					"end":	11.000058,
					"seconds":	1.00005304813385,
					"bytes":	101569024,
					"bits_per_second":	812509089.909044,
					"retransmits":	0,
					"snd_cwnd":	762968,
					"rtt":	1114,
					"rttvar":	176,
					"pmtu":	1400,
					"omitted":	false,
					"sender":	true
				}],
			"sum":	{
				"start":	10.000005,
				"end":	11.000058,
				"seconds":	1.00005304813385,
				"bytes":	101569024,
				"bits_per_second":	812509089.909044,
				"retransmits":	0,
				"omitted":	false,
				"sender":	true
			}
		}, {
			"streams":	[{
					"socket":	5,
					"start":	11.000058,
					"end":	12.000058,
					"seconds":	1,
					"bytes":	101693440,
					"bits_per_second":	813547520,
					"retransmits":	0,
					"snd_cwnd":	762968,
					"rtt":	908,
					"rttvar":	101,
					"pmtu":	1400,
					"omitted":	false,
					"sender":	true
				}],
			"sum":	{
				"start":	11.000058,
				"end":	12.000058,
				"seconds":	1,
				"bytes":	101693440,
				"bits_per_second":	813547520,
				"retransmits":	0,
				"omitted":	false,
				"sender":	true
			}
		}, {
			"streams":	[{
					"socket":	5,
					"start":	12.000058,
					"end":	13.000003,
					"seconds":	0.99994498491287231,
					"bytes":	101693952,
					"bits_per_second":	813596376.07551658,
					"retransmits":	0,
					"snd_cwnd":	762968,
					"rtt":	1366,
					"rttvar":	154,
					"pmtu":	1400,
					"omitted":	false,