{
	"start":	{
		"connected":	[{
				"socket":	5,
				"local_host":	"10.60.0.1",
				"local_port":	46481,
				"remote_host":	"172.16.10.3",
				"remote_port":	5201
			}],
		"version":	"iperf 3.7",
		"system_info":	"Linux ueransim1 5.4.0-169-generic #187-Ubuntu SMP Thu Nov 23 14:52:28 UTC 2023 x86_64",
		"timestamp":	{
			"time":	"Mon, 23 Jun 2025 22:22:14 GMT",
			"timesecs":	1750717334
		},
		"connecting_to":	{
			"host":	"172.16.10.3",
			"port":	5201
		},
		"cookie":	"mai3adajcfhavkop3g7hqazpuav4g5iameol",
		"tcp_mss_default":	1348,
		"target_bitrate":	100000000,
		"sock_bufsize":	0,
		"sndbuf_actual":	16384,
		"rcvbuf_actual":	131072,
		"test_start":	{
			"protocol":	"TCP",
			"num_streams":	1,
			"blksize":	1518,
			"omit":	0,
			"duration":	30,
			"bytes":	0,
			"blocks":	0,
			"reverse":	0,
			"tos":	0
		}
	},
	"intervals":	[{
			"streams":	[{
					"socket":	5,
					"start":	0,
					"end":	1.000085,
					"seconds":	1.0000849962234497,
					"bytes":	12490104,
					"bits_per_second":	99912339.828438565,
					"retransmits":	0,
					"snd_cwnd":	29656,
					"rtt":	1108,
					"rttvar":	107,
					"pmtu":	1400,
					"omitted":	false,
					"sender":	true
				}],
			"sum":	{
				"start":	0,
				"end":	1.000085,
				"seconds":	1.0000849962234497,
				"bytes":	12490104,
				"bits_per_second":	99912339.828438565,
				"retransmits":	0,
				"omitted":	false,
				"sender":	true
			}
		}, {
			"streams":	[{
					"socket":	5,
					"start":	1.000085,
					"end":	2.00009,
					"seconds":	1.0000050067901611,
					"bytes":	12500730,
					"bits_per_second":	100005339.29425116,
					"retransmits":	0,
					"snd_cwnd":	29656,
					"rtt":	1046,
					"rttvar":	47,
					"pmtu":	1400,
					"omitted":	false,
					"sender":	true
				}],
			"sum":	{
				"start":	1.000085,
				"end":	2.00009,
				"seconds":	1.0000050067901611,
				"bytes":	12500730,
				"bits_per_second":	100005339.29425116,
				"retransmits":	0,
				"omitted":	false,
				"sender":	true
			}
		}, {
			"streams":	[{
					"socket":	5,
					"start":	2.00009,
					"end":	3.000091,
					"seconds":	1.0000009536743164,
					"bytes":	12499212,
					"bits_per_second":	99993600.638671264,
					"retransmits":	0,
					"snd_cwnd":	36396,
					"rtt":	996,
					"rttvar":	22,
					"pmtu":	1400,
					"omitted":	false,
					"sender":	true
				}],
			"sum":	{
				"start":	2.00009,
				"end":	3.000091,
				"seconds":	1.0000009536743164,
				"bytes":	12499212,
				"bits_per_second":	99993600.638671264,
				"retransmits":	0,
				"omitted":	false,
				"sender":	true
			}
		}, {
			"streams":	[{
					"socket":	5,
					"start":	3.000091,
					"end":	4.000064,
					"seconds":	0.99997299909591675,
					"bytes":	12500730,
					"bits_per_second":	100008540.32100472,
					"retransmits":	0,
					"snd_cwnd":	36396,
					"rtt":	1023,
					"rttvar":	36,
					"pmtu":	1400,
					"omitted":	false,
					"sender":	true
				}],
			"sum":	{
				"start":	3.000091,
				"end":	4.000064,
				"seconds":	0.99997299909591675,
				"bytes":	12500730,
				"bits_per_second":	100008540.32100472,
				"retransmits":	0,
				"omitted":	false,
				"sender":	true
			}
		}, {
			"streams":	[{
					"socket":	5,
					"start":	4.000064,
					"end":	5.000109,
					"seconds":	1.0000449419021606,
					"bytes":	12500730,
					"bits_per_second":	100001345.7493034,
					"retransmits":	0,
					"snd_cwnd":	36396,
					"rtt":	1100,
					"rttvar":	60,
					"pmtu":	1400,
					"omitted":	false,
					"sender":	true
				}],
			"sum":	{
				"start":	4.000064,
				"end":	5.000109,
				"seconds":	1.0000449419021606,
				"bytes":	12500730,
				"bits_per_second":	100001345.7493034,
				"retransmits":	0,
				"omitted":	false,
				"sender":	true
			}
		}, {
			"streams":	[{
					"socket":	5,
					"start":	5.000109,
					"end":	6.000114,
					"seconds":	1.0000050067901611,
					"bytes":	12499212,
					"bits_per_second":	99993195.355053321,
					"retransmits":	0,
					"snd_cwnd":	36396,
					"rtt":	1007,
					"rttvar":	43,
					"pmtu":	1400,
					"omitted":	false,
					"sender":	true
				}],
			"sum":	{
				"start":	5.000109,
				"end":	6.000114,
				"seconds":	1.0000050067901611,
				"bytes":	12499212,
				"bits_per_second":	99993195.355053321,
				"retransmits":	0,
				"omitted":	false,
				"sender":	true
			}
		}, {
			"streams":	[{
					"socket":	5,
					"start":	6.000114,
					"end":	7.00011,
					"seconds":	0.9999960064888,
					"bytes":	12499212,
					"bits_per_second":	99994095.327539623,
					"retransmits":	0,
					"snd_cwnd":	36396,
					"rtt":	947,
					"rttvar":	53,
					"pmtu":	1400,
					"omitted":	false,
					"sender":	true
				}],
			"sum":	{
				"start":	6.000114,
				"end":	7.00011,
				"seconds":	0.9999960064888,
				"bytes":	12499212,
				"bits_per_second":	99994095.327539623,
				"retransmits":	0,
				"omitted":	false,
				"sender":	true
			}
		}, {
			"streams":	[{
					"socket":	5,
					"start":	7.00011,
					"end":	8.000107,
					"seconds":	0.99999701976776123,
					"bytes":	12500730,
					"bits_per_second":	100006138.04151666,
					"retransmits":	0,
					"snd_cwnd":	36396,
					"rtt":	954,
					"rttvar":	158,
					"pmtu":	1400,
					"omitted":	false,
					"sender":	true
				}],
			"sum":	{
				"start":	7.00011,
				"end":	8.000107,
				"seconds":	0.99999701976776123,
				"bytes":	12500730,
				"bits_per_second":	100006138.04151666,
				"retransmits":	0,
				"omitted":	false,
				"sender":	true
			}
		}, {
			"streams":	[{
					"socket":	5,
					"start":	8.000107,
					"end":	9.000109,
					"seconds":	1.0000020265579224,
					"bytes":	12500730,
					"bits_per_second":	100005637.33278339,
					"retransmits":	0,
					"snd_cwnd":	36396,
					"rtt":	913,
					"rttvar":	172,
					"pmtu":	1400,
					"omitted":	false,
					"sender":	true
				}],
			"sum":	{
				"start":	8.000107,
				"end":	9.000109,
				"seconds":	1.0000020265579224,
				"bytes":	12500730,
				"bits_per_second":	100005637.33278339,
				"retransmits":	0,
				"omitted":	false,
				"sender":	true
			}
		}, {
			"streams":	[{
					"socket":	5,
					"start":	9.000109,
					"end":	10.00011,
					"seconds":	1.0000009536743164,
					"bytes":	12499212,
					"bits_per_second":	99993600.638671264,
					"retransmits":	0,
					"snd_cwnd":	36396,
					"rtt":	916,
					"rttvar":	92,
					"pmtu":	1400,
					"omitted":	false,
					"sender":	true
				}],
			"sum":	{
				"start":	9.000109,
				"end":	10.00011,
				"seconds":	1.0000009536743164,
				"bytes":	12499212,
				"bits_per_second":	99993600.638671264,
				"retransmits":	0,
				"omitted":	false,
				"sender":	true
			}
		}, {
			"streams":	[{
					"socket":	5,
					"start":	10.00011,
					"end":	11.000088,
					"seconds":	0.99997800588607788,
					"bytes":	12499212,
					"bits_per_second":	99995895.321113437,
					"retransmits":	0,
					"snd_cwnd":	36396,
					"rtt":	894,
					"rttvar":	229,
					"pmtu":	1400,
					"omitted":	false,
					"sender":	true
				}],
			"sum":	{
				"start":	10.00011,
				"end":	11.000088,
				"seconds":	0.99997800588607788,
				"bytes":	12499212,
				"bits_per_second":	99995895.321113437,
				"retransmits":	0,
				"omitted":	false,
				"sender":	true
			}
		}, {
			"streams":	[{
					"socket":	5,
					"start":	11.000088,
					"end":	12.000116,
					"seconds":	1.0000280141830444,
					"bytes":	12500730,
					"bits_per_second":	100003038.49657455,
					"retransmits":	0,
					"snd_cwnd":	36396,
					"rtt":	986,
					"rttvar":	51,
					"pmtu":	1400,
					"omitted":	false,
					"sender":	true
				}],
			"sum":	{
				"start":	11.000088,
				"end":	12.000116,
				"seconds":	1.0000280141830444,
				"bytes":	12500730,
				"bits_per_second":	100003038.49657455,
				"retransmits":	0,
				"omitted":	false,
				"sender":	true
			}
		}, {
			"streams":	[{
					"socket":	5,
					"start":	12.000116,
					"end":	13.000114,
					"seconds":	0.99999797344207764,
					"bytes":	12500730,
					"bits_per_second":	100006042.66803806,
					"retransmits":	0,
					"snd_cwnd":	36396,
					"rtt":	1057,
					"rttvar":	38,
					"pmtu":	1400,
					"omitted":	false,