{
	"start":	{
		"connected":	[{
				"socket":	5,
				"local_host":	"10.60.0.1",
				"local_port":	34773,
				"remote_host":	"172.16.10.3",
				"remote_port":	5201
			}],
		"version":	"iperf 3.7",
		"system_info":	"Linux ueransim1 5.4.0-169-generic #187-Ubuntu SMP Thu Nov 23 14:52:28 UTC 2023 x86_64",
		"timestamp":	{
			"time":	"Mon, 23 Jun 2025 22:24:54 GMT",
			"timesecs":	1750717494
		},
		"connecting_to":	{
			"host":	"172.16.10.3",
			"port":	5201
		},
		"cookie":	"nzdqtf3eimnhszn7363mkilv4ue4ggmp62k6",
		"tcp_mss_default":	1348,
		"target_bitrate":	500000000,
		"sock_bufsize":	0,
		"sndbuf_actual":	16384,
		"rcvbuf_actual":	131072,
		"test_start":	{
			"protocol":	"TCP",
			"num_streams":	1,
			"blksize":	128,
			"omit":	0,
			"duration":	30,
			"bytes":	0,
			"blocks":	0,
			"reverse":	0,
			"tos":	0
		}
	},
	"intervals":	[{
			"streams":	[{
					"socket":	5,
					"start":	0,
					"end":	1.000029,
					"seconds":	1.0000289678573608,
					"bytes":	39127552,
					"bits_per_second":	313011348.73189759,
					"retransmits":	0,
					"snd_cwnd":	103796,
					"rtt":	561,
					"rttvar":	63,
					"pmtu":	1400,
					"omitted":	false,
					"sender":	true
				}],
			"sum":	{
				"start":	0,
				"end":	1.000029,
				"seconds":	1.0000289678573608,
				"bytes":	39127552,
				"bits_per_second":	313011348.73189759,
				"retransmits":	0,
				"omitted":	false,
				"sender":	true
			}
		}, {
			"streams":	[{
					"socket":	5,
					"start":	1.000029,
					"end":	2.000002,
					"seconds":	0.99997299909591675,
					"bytes":	39656192,
					"bits_per_second":	317258102.25558865,
					"retransmits":	0,
					"snd_cwnd":	110536,
					"rtt":	706,
					"rttvar":	125,
					"pmtu":	1400,
					"omitted":	false,
					"sender":	true
				}],
			"sum":	{
				"start":	1.000029,
				"end":	2.000002,
				"seconds":	0.99997299909591675,
				"bytes":	39656192,
				"bits_per_second":	317258102.25558865,
				"retransmits":	0,
				"omitted":	false,
				"sender":	true
			}
		}, {
			"streams":	[{
					"socket":	5,
					"start":	2.000002,
					"end":	3.000003,
					"seconds":	1.0000009536743164,
					"bytes":	39702528,
					"bits_per_second":	317619921.09403884,
					"retransmits":	0,
					"snd_cwnd":	110536,
					"rtt":	613,
					"rttvar":	59,
					"pmtu":	1400,
					"omitted":	false,
					"sender":	true
				}],
			"sum":	{
				"start":	2.000002,
				"end":	3.000003,
				"seconds":	1.0000009536743164,
				"bytes":	39702528,
				"bits_per_second":	317619921.09403884,
				"retransmits":	0,
				"omitted":	false,
				"sender":	true
			}
		}, {
			"streams":	[{
					"socket":	5,
					"start":	3.000003,
					"end":	4.000002,
					"seconds":	0.99999898672103882,
					"bytes":	39652352,
					"bits_per_second":	317219137.431478,
					"retransmits":	0,
					"snd_cwnd":	110536,
					"rtt":	1019,
					"rttvar":	75,
					"pmtu":	1400,
					"omitted":	false,
					"sender":	true
				}],
			"sum":	{
				"start":	3.000003,
				"end":	4.000002,
				"seconds":	0.99999898672103882,
				"bytes":	39652352,
				"bits_per_second":	317219137.431478,
				"retransmits":	0,
				"omitted":	false,
				"sender":	true
			}
		}, {
			"streams":	[{
					"socket":	5,
					"start":	4.000002,
					"end":	5.000057,
					"seconds":	1.0000549554824829,
					"bytes":	39818368,
					"bits_per_second":	318529439.06099141,
					"retransmits":	0,
					"snd_cwnd":	110536,
					"rtt":	701,
					"rttvar":	170,
					"pmtu":	1400,
					"omitted":	false,
					"sender":	true
				}],
			"sum":	{
				"start":	4.000002,
				"end":	5.000057,
				"seconds":	1.0000549554824829,
				"bytes":	39818368,
				"bits_per_second":	318529439.06099141,
				"retransmits":	0,
				"omitted":	false,
				"sender":	true
			}
		}, {
			"streams":	[{
					"socket":	5,
					"start":	5.000057,
					"end":	6.000056,
					"seconds":	0.99999898672103882,
					"bytes":	39790976,
					"bits_per_second":	318328130.55519742,
					"retransmits":	0,
					"snd_cwnd":	118624,
					"rtt":	837,
					"rttvar":	66,
					"pmtu":	1400,
					"omitted":	false,
					"sender":	true
				}],
			"sum":	{
				"start":	5.000057,
				"end":	6.000056,
				"seconds":	0.99999898672103882,
				"bytes":	39790976,
				"bits_per_second":	318328130.55519742,
				"retransmits":	0,
				"omitted":	false,
				"sender":	true
			}
		}, {
			"streams":	[{
					"socket":	5,
					"start":	6.000056,
					"end":	7.000003,
					"seconds":	0.99994701147079468,
					"bytes":	39702016,
					"bits_per_second":	317632958.90331942,
					"retransmits":	0,
					"snd_cwnd":	118624,
					"rtt":	972,
					"rttvar":	144,
					"pmtu":	1400,
					"omitted":	false,
					"sender":	true
				}],
			"sum":	{
				"start":	6.000056,
				"end":	7.000003,
				"seconds":	0.99994701147079468,
				"bytes":	39702016,
				"bits_per_second":	317632958.90331942,
				"retransmits":	0,
				"omitted":	false,
				"sender":	true
			}
		}, {
			"streams":	[{
					"socket":	5,
					"start":	7.000003,
					"end":	8.00001,
					"seconds":	1.0000070333480835,
					"bytes":	39733376,
					"bits_per_second":	317864772.3464126,
					"retransmits":	0,
					"snd_cwnd":	118624,
					"rtt":	1131,
					"rttvar":	124,
					"pmtu":	1400,
					"omitted":	false,
					"sender":	true
				}],
			"sum":	{
				"start":	7.000003,
				"end":	8.00001,
				"seconds":	1.0000070333480835,
				"bytes":	39733376,
				"bits_per_second":	317864772.3464126,
				"retransmits":	0,
				"omitted":	false,
				"sender":	true
			}
		}, {
			"streams":	[{
					"socket":	5,
					"start":	8.00001,
					"end":	9.000003,
					"seconds":	0.99999302625656128,
					"bytes":	39701760,
					"bits_per_second":	317616294.97455311,
					"retransmits":	0,
					"snd_cwnd":	118624,
					"rtt":	527,
					"rttvar":	76,
					"pmtu":	1400,
					"omitted":	false,
					"sender":	true
				}],
			"sum":	{
				"start":	8.00001,
				"end":	9.000003,
				"seconds":	0.99999302625656128,
				"bytes":	39701760,
				"bits_per_second":	317616294.97455311,
				"retransmits":	0,
				"omitted":	false,
				"sender":	true
			}
		}, {
			"streams":	[{
					"socket":	5,
					"start":	9.000003,
					"end":	10.000003,
					"seconds":	1,
					"bytes":	39652480,
					"bits_per_second":	317219840,
					"retransmits":	0,
					"snd_cwnd":	118624,
					"rtt":	530,
					"rttvar":	63,
					"pmtu":	1400,
					"omitted":	false,
					"sender":	true
				}],
			"sum":	{
				"start":	9.000003,
				"end":	10.000003,
				"seconds":	1,
				"bytes":	39652480,
				"bits_per_second":	317219840,
				"retransmits":	0,
				"omitted":	false,
				"sender":	true
			}
		}, {
			"streams":	[{
					"socket":	5,
					"start":	10.000003,
					"end":	11.000003,
					"seconds":	1,
					"bytes":	39446272,
					"bits_per_second":	315570176,
					"retransmits":	0,
					"snd_cwnd":	118624,
					"rtt":	693,
					"rttvar":	72,
					"pmtu":	1400,
					"omitted":	false,
					"sender":	true
				}],
			"sum":	{
				"start":	10.000003,
				"end":	11.000003,
				"seconds":	1,
				"bytes":	39446272,
				"bits_per_second":	315570176,
				"retransmits":	0,
				"omitted":	false,
				"sender":	true
			}
		}, {
			"streams":	[{
					"socket":	5,
					"start":	11.000003,
					"end":	12.000077,
					"seconds":	1.000074028968811,
					"bytes":	39714688,
					"bits_per_second":	317693985.44186026,
					"retransmits":	0,
					"snd_cwnd":	118624,
					"rtt":	777,
					"rttvar":	67,
					"pmtu":	1400,
					"omitted":	false,
					"sender":	true
				}],
			"sum":	{
				"start":	11.000003,
				"end":	12.000077,
				"seconds":	1.000074028968811,
				"bytes":	39714688,
				"bits_per_second":	317693985.44186026,
				"retransmits":	0,
				"omitted":	false,
				"sender":	true
			}
		}, {
			"streams":	[{
					"socket":	5,
					"start":	12.000077,
					"end":	13.000003,
					"seconds":	0.999925971031189,
					"bytes":	39857408,
					"bits_per_second":	318882870.5700798,
					"retransmits":	0,
					"snd_cwnd":	202200,
					"rtt":	1007,
					"rttvar":	84,
					"pmtu":	1400,
					"omitted":	false,
					"sender":	true
				}],
			"sum":	{
				"start":	12.000077,
				"end":	13.000003,