{
	"start":	{
		"connected":	[{
				"socket":	5,
				"local_host":	"10.60.0.1",
				"local_port":	56659,
				"remote_host":	"172.16.10.3",
				"remote_port":	5201
			}],
		"version":	"iperf 3.7",
		"system_info":	"Linux ueransim1 5.4.0-169-generic #187-Ubuntu SMP Thu Nov 23 14:52:28 UTC 2023 x86_64",
		"timestamp":	{
			"time":	"Mon, 23 Jun 2025 22:17:25 GMT",
			"timesecs":	1750717045
		},
		"connecting_to":	{
			"host":	"172.16.10.3",
			"port":	5201
		},
		"cookie":	"xl7mrnynqvzvg7uvvmoe7xb3crgwehhkwvdg",
		"tcp_mss_default":	1348,
		"target_bitrate":	100000000,
		"sock_bufsize":	0,
		"sndbuf_actual":	16384,
		"rcvbuf_actual":	131072,
		"test_start":	{
			"protocol":	"TCP",
			"num_streams":	1,
			"blksize":	64,
			"omit":	0,
			"duration":	30,
			"bytes":	0,
			"blocks":	0,
			"reverse":	0,
			"tos":	0
		}
	},
	"intervals":	[{
			"streams":	[{
					"socket":	5,
					"start":	0,
					"end":	1.0001,
					"seconds":	1.0001000165939331,
					"bytes":	12491840,
					"bits_per_second":	99924725.869268849,
					"retransmits":	0,
					"snd_cwnd":	28308,
					"rtt":	512,
					"rttvar":	121,
					"pmtu":	1400,
					"omitted":	false,
					"sender":	true
				}],
			"sum":	{
				"start":	0,
				"end":	1.0001,
				"seconds":	1.0001000165939331,
				"bytes":	12491840,
				"bits_per_second":	99924725.869268849,
				"retransmits":	0,
				"omitted":	false,
				"sender":	true
			}
		}, {
			"streams":	[{
					"socket":	5,
					"start":	1.0001,
					"end":	2.000057,
					"seconds":	0.99995702505111694,
					"bytes":	12505280,
					"bits_per_second":	100046539.49492072,
					"retransmits":	0,
					"snd_cwnd":	28308,
					"rtt":	443,
					"rttvar":	57,
					"pmtu":	1400,
					"omitted":	false,
					"sender":	true
				}],
			"sum":	{
				"start":	1.0001,
				"end":	2.000057,
				"seconds":	0.99995702505111694,
				"bytes":	12505280,
				"bits_per_second":	100046539.49492072,
				"retransmits":	0,
				"omitted":	false,
				"sender":	true
			}
		}, {
			"streams":	[{
					"socket":	5,
					"start":	2.000057,
					"end":	3.000056,
					"seconds":	0.99999898672103882,
					"bytes":	12500096,
					"bits_per_second":	100000869.32877699,
					"retransmits":	0,
					"snd_cwnd":	35048,
					"rtt":	462,
					"rttvar":	139,
					"pmtu":	1400,
					"omitted":	false,
					"sender":	true
				}],
			"sum":	{
				"start":	2.000057,
				"end":	3.000056,
				"seconds":	0.99999898672103882,
				"bytes":	12500096,
				"bits_per_second":	100000869.32877699,
				"retransmits":	0,
				"omitted":	false,
				"sender":	true
			}
		}, {
			"streams":	[{
					"socket":	5,
					"start":	3.000056,
					"end":	4.000099,
					"seconds":	1.0000430345535278,
					"bytes":	12493376,
					"bits_per_second":	99942707.010225445,
					"retransmits":	0,
					"snd_cwnd":	59312,
					"rtt":	491,
					"rttvar":	136,
					"pmtu":	1400,
					"omitted":	false,
					"sender":	true
				}],
			"sum":	{
				"start":	3.000056,
				"end":	4.000099,
				"seconds":	1.0000430345535278,
				"bytes":	12493376,
				"bits_per_second":	99942707.010225445,
				"retransmits":	0,
				"omitted":	false,
				"sender":	true
			}
		}, {
			"streams":	[{
					"socket":	5,
					"start":	4.000099,
					"end":	5.000099,
					"seconds":	1,
					"bytes":	12498368,
					"bits_per_second":	99986944,
					"retransmits":	0,
					"snd_cwnd":	59312,
					"rtt":	441,
					"rttvar":	105,
					"pmtu":	1400,
					"omitted":	false,
					"sender":	true
				}],
			"sum":	{
				"start":	4.000099,
				"end":	5.000099,
				"seconds":	1,
				"bytes":	12498368,
				"bits_per_second":	99986944,
				"retransmits":	0,
				"omitted":	false,
				"sender":	true
			}
		}, {
			"streams":	[{
					"socket":	5,
					"start":	5.000099,
					"end":	6.000088,
					"seconds":	0.99998897314071655,
					"bytes":	12500352,
					"bits_per_second":	100003918.72913963,
					"retransmits":	0,
					"snd_cwnd":	59312,
					"rtt":	459,
					"rttvar":	127,
					"pmtu":	1400,
					"omitted":	false,
					"sender":	true
				}],
			"sum":	{
				"start":	5.000099,
				"end":	6.000088,
				"seconds":	0.99998897314071655,
				"bytes":	12500352,
				"bits_per_second":	100003918.72913963,
				"retransmits":	0,
				"omitted":	false,
				"sender":	true
			}
		}, {
			"streams":	[{
					"socket":	5,
					"start":	6.000088,
					"end":	7.000082,
					"seconds":	0.99999397993087769,
					"bytes":	12502720,
					"bits_per_second":	100022362.14153387,
					"retransmits":	0,
					"snd_cwnd":	59312,
					"rtt":	520,
					"rttvar":	129,
					"pmtu":	1400,
					"omitted":	false,
					"sender":	true
				}],
			"sum":	{
				"start":	6.000088,
				"end":	7.000082,
				"seconds":	0.99999397993087769,
				"bytes":	12502720,
				"bits_per_second":	100022362.14153387,
				"retransmits":	0,
				"omitted":	false,
				"sender":	true
			}
		}, {
			"streams":	[{
					"socket":	5,
					"start":	7.000082,
					"end":	8.000099,
					"seconds":	1.0000170469284058,
					"bytes":	12497408,
					"bits_per_second":	99977559.689697787,
					"retransmits":	0,
					"snd_cwnd":	59312,
					"rtt":	496,
					"rttvar":	167,
					"pmtu":	1400,
					"omitted":	false,
					"sender":	true
				}],
			"sum":	{
				"start":	7.000082,
				"end":	8.000099,
				"seconds":	1.0000170469284058,
				"bytes":	12497408,
				"bits_per_second":	99977559.689697787,
				"retransmits":	0,
				"omitted":	false,
				"sender":	true
			}
		}, {
			"streams":	[{
					"socket":	5,
					"start":	8.000099,
					"end":	9.000078,
					"seconds":	0.99997901916503906,
					"bytes":	12506496,
					"bits_per_second":	100054067.21787147,
					"retransmits":	0,
					"snd_cwnd":	59312,
					"rtt":	562,
					"rttvar":	149,
					"pmtu":	1400,
					"omitted":	false,
					"sender":	true
				}],
			"sum":	{
				"start":	8.000099,
				"end":	9.000078,
				"seconds":	0.99997901916503906,
				"bytes":	12506496,
				"bits_per_second":	100054067.21787147,
				"retransmits":	0,
				"omitted":	false,
				"sender":	true
			}
		}, {
			"streams":	[{
					"socket":	5,
					"start":	9.000078,
					"end":	10.0001,
					"seconds":	1.0000220537185669,
					"bytes":	12496640,
					"bits_per_second":	99970915.26956977,
					"retransmits":	0,
					"snd_cwnd":	59312,
					"rtt":	469,
					"rttvar":	112,
					"pmtu":	1400,
					"omitted":	false,
					"sender":	true
				}],
			"sum":	{
				"start":	9.000078,
				"end":	10.0001,
				"seconds":	1.0000220537185669,
				"bytes":	12496640,
				"bits_per_second":	99970915.26956977,
				"retransmits":	0,
				"omitted":	false,
				"sender":	true
			}
		}, {
			"streams":	[{
					"socket":	5,
					"start":	10.0001,
					"end":	11.000064,
					"seconds":	0.99996399879455566,
					"bytes":	12499776,
					"bits_per_second":	100001808.1856413,
					"retransmits":	0,
					"snd_cwnd":	59312,
					"rtt":	484,
					"rttvar":	116,
					"pmtu":	1400,
					"omitted":	false,
					"sender":	true
				}],
			"sum":	{
				"start":	10.0001,
				"end":	11.000064,
				"seconds":	0.99996399879455566,
				"bytes":	12499776,
				"bits_per_second":	100001808.1856413,
				"retransmits":	0,
				"omitted":	false,
				"sender":	true
			}
		}, {
			"streams":	[{
					"socket":	5,
					"start":	11.000064,
					"end":	12.000059,
					"seconds":	0.99999499320983887,
					"bytes":	12504896,
					"bits_per_second":	100039668.87762986,
					"retransmits":	0,
					"snd_cwnd":	59312,
					"rtt":	507,
					"rttvar":	126,
					"pmtu":	1400,
					"omitted":	false,
					"sender":	true
				}],
			"sum":	{
				"start":	11.000064,
				"end":	12.000059,
				"seconds":	0.99999499320983887,
				"bytes":	12504896,
				"bits_per_second":	100039668.87762986,
				"retransmits":	0,
				"omitted":	false,
				"sender":	true
			}
		}, {
			"streams":	[{
					"socket":	5,
					"start":	12.000059,
					"end":	13.000056,
					"seconds":	0.99999701976776123,
					"bytes":	12499776,
					"bits_per_second":	99998506.01877147,
					"retransmits":	0,
					"snd_cwnd":	59312,
					"rtt":	447,
					"rttvar":	93,
					"pmtu":	1400,
					"omitted":	false,
					"sender":	true
				}],