{
	"start":	{
		"connected":	[{
				"socket":	5,
				"local_host":	"10.60.0.1",
				"local_port":	33717,
				"remote_host":	"172.16.10.3",
				"remote_port":	5201
			}],
		"version":	"iperf 3.7",
		"system_info":	"Linux ueransim1 5.4.0-169-generic #187-Ubuntu SMP Thu Nov 23 14:52:28 UTC 2023 x86_64",
		"timestamp":	{
			"time":	"Mon, 23 Jun 2025 22:16:21 GMT",
			"timesecs":	1750716981
		},
		"connecting_to":	{
			"host":	"172.16.10.3",
			"port":	5201
		},
		"cookie":	"4rspsv6c75t4jns6y6swnshvh3eohugn3nyg",
		"tcp_mss_default":	1348,
		"target_bitrate":	100000000,
		"sock_bufsize":	0,
		"sndbuf_actual":	16384,
		"rcvbuf_actual":	131072,
		"test_start":	{
			"protocol":	"TCP",
			"num_streams":	1,
			"blksize":	64,
			"omit":	0,
			"duration":	30,
			"bytes":	0,
			"blocks":	0,
			"reverse":	0,
			"tos":	0
		}
	},
	"intervals":	[{
			"streams":	[{
					"socket":	5,
					"start":	0,
					"end":	1.000083,
					"seconds":	1.0000829696655273,
					"bytes":	12492736,
					"bits_per_second":	99933596.542919889,
					"retransmits":	0,
					"snd_cwnd":	43136,
					"rtt":	424,
					"rttvar":	73,
					"pmtu":	1400,
					"omitted":	false,
					"sender":	true
				}],
			"sum":	{
				"start":	0,
				"end":	1.000083,
				"seconds":	1.0000829696655273,
				"bytes":	12492736,
				"bits_per_second":	99933596.542919889,
				"retransmits":	0,
				"omitted":	false,
				"sender":	true
			}
		}, {
			"streams":	[{
					"socket":	5,
					"start":	1.000083,
					"end":	2.000077,
					"seconds":	0.99999397993087769,
					"bytes":	12503296,
					"bits_per_second":	100026970.16927451,
					"retransmits":	0,
					"snd_cwnd":	43136,
					"rtt":	424,
					"rttvar":	69,
					"pmtu":	1400,
					"omitted":	false,
					"sender":	true
				}],
			"sum":	{
				"start":	1.000083,
				"end":	2.000077,
				"seconds":	0.99999397993087769,
				"bytes":	12503296,
				"bits_per_second":	100026970.16927451,
				"retransmits":	0,
				"omitted":	false,
				"sender":	true
			}
		}, {
			"streams":	[{
					"socket":	5,
					"start":	2.000077,
					"end":	3.000005,
					"seconds":	0.99992799758911133,
					"bytes":	12503488,
					"bits_per_second":	100035106.76886086,
					"retransmits":	0,
					"snd_cwnd":	68748,
					"rtt":	536,
					"rttvar":	201,
					"pmtu":	1400,
					"omitted":	false,
					"sender":	true
				}],
			"sum":	{
				"start":	2.000077,
				"end":	3.000005,
				"seconds":	0.99992799758911133,
				"bytes":	12503488,
				"bits_per_second":	100035106.76886086,
				"retransmits":	0,
				"omitted":	false,
				"sender":	true
			}
		}, {
			"streams":	[{
					"socket":	5,
					"start":	3.000005,
					"end":	4.000058,
					"seconds":	1.00005304813385,
					"bytes":	12497536,
					"bits_per_second":	99974984.513639852,
					"retransmits":	0,
					"snd_cwnd":	72792,
					"rtt":	505,
					"rttvar":	130,
					"pmtu":	1400,
					"omitted":	false,
					"sender":	true
				}],
			"sum":	{
				"start":	3.000005,
				"end":	4.000058,
				"seconds":	1.00005304813385,
				"bytes":	12497536,
				"bits_per_second":	99974984.513639852,
				"retransmits":	0,
				"omitted":	false,
				"sender":	true
			}
		}, {
			"streams":	[{
					"socket":	5,
					"start":	4.000058,
					"end":	5.000076,
					"seconds":	1.0000180006027222,
					"bytes":	12497664,
					"bits_per_second":	99979512.308518574,
					"retransmits":	0,
					"snd_cwnd":	87620,
					"rtt":	444,
					"rttvar":	105,
					"pmtu":	1400,
					"omitted":	false,
					"sender":	true
				}],
			"sum":	{
				"start":	4.000058,
				"end":	5.000076,
				"seconds":	1.0000180006027222,
				"bytes":	12497664,
				"bits_per_second":	99979512.308518574,
				"retransmits":	0,
				"omitted":	false,
				"sender":	true
			}
		}, {
			"streams":	[{
					"socket":	5,
					"start":	5.000076,
					"end":	6.000082,
					"seconds":	1.0000059604644775,
					"bytes":	12495552,
					"bits_per_second":	99963820.169200838,
					"retransmits":	0,
					"snd_cwnd":	87620,
					"rtt":	448,
					"rttvar":	93,
					"pmtu":	1400,
					"omitted":	false,
					"sender":	true
				}],
			"sum":	{
				"start":	5.000076,
				"end":	6.000082,
				"seconds":	1.0000059604644775,
				"bytes":	12495552,
				"bits_per_second":	99963820.169200838,
				"retransmits":	0,
				"omitted":	false,
				"sender":	true
			}
		}, {
			"streams":	[{
					"socket":	5,
					"start":	6.000082,
					"end":	7.000081,
					"seconds":	0.99999898672103882,
					"bytes":	12505856,
					"bits_per_second":	100046949.37546894,
					"retransmits":	0,
					"snd_cwnd":	87620,
					"rtt":	545,
					"rttvar":	151,
					"pmtu":	1400,
					"omitted":	false,
					"sender":	true
				}],
			"sum":	{
				"start":	6.000082,
				"end":	7.000081,
				"seconds":	0.99999898672103882,
				"bytes":	12505856,
				"bits_per_second":	100046949.37546894,
				"retransmits":	0,
				"omitted":	false,
				"sender":	true
			}
		}, {
			"streams":	[{
					"socket":	5,
					"start":	7.000081,
					"end":	8.000082,
					"seconds":	1.0000009536743164,
					"bytes":	12493760,
					"bits_per_second":	99949984.680266678,
					"retransmits":	0,
					"snd_cwnd":	87620,
					"rtt":	498,
					"rttvar":	109,
					"pmtu":	1400,
					"omitted":	false,
					"sender":	true
				}],
			"sum":	{
				"start":	7.000081,
				"end":	8.000082,
				"seconds":	1.0000009536743164,
				"bytes":	12493760,
				"bits_per_second":	99949984.680266678,
				"retransmits":	0,
				"omitted":	false,
				"sender":	true
			}
		}, {
			"streams":	[{
					"socket":	5,
					"start":	8.000082,
					"end":	9.000082,
					"seconds":	1,
					"bytes":	12505344,
					"bits_per_second":	100042752,
					"retransmits":	0,
					"snd_cwnd":	87620,
					"rtt":	571,
					"rttvar":	192,
					"pmtu":	1400,
					"omitted":	false,
					"sender":	true
				}],
			"sum":	{
				"start":	8.000082,
				"end":	9.000082,
				"seconds":	1,
				"bytes":	12505344,
				"bits_per_second":	100042752,
				"retransmits":	0,
				"omitted":	false,
				"sender":	true
			}
		}, {
			"streams":	[{
					"socket":	5,
					"start":	9.000082,
					"end":	10.000004,
					"seconds":	0.999921977519989,
					"bytes":	12500416,
					"bits_per_second":	100011131.11647841,
					"retransmits":	0,
					"snd_cwnd":	87620,
					"rtt":	584,
					"rttvar":	187,
					"pmtu":	1400,
					"omitted":	false,
					"sender":	true
				}],
			"sum":	{
				"start":	9.000082,
				"end":	10.000004,
				"seconds":	0.999921977519989,
				"bytes":	12500416,
				"bits_per_second":	100011131.11647841,
				"retransmits":	0,
				"omitted":	false,
				"sender":	true
			}
		}, {
			"streams":	[{
					"socket":	5,
					"start":	10.000004,
					"end":	11.000058,
					"seconds":	1.0000540018081665,
					"bytes":	12501568,
					"bits_per_second":	100007143.43342502,
					"retransmits":	0,
					"snd_cwnd":	87620,
					"rtt":	488,
					"rttvar":	87,
					"pmtu":	1400,
					"omitted":	false,
					"sender":	true
				}],
			"sum":	{
				"start":	10.000004,
				"end":	11.000058,
				"seconds":	1.0000540018081665,
				"bytes":	12501568,
				"bits_per_second":	100007143.43342502,
				"retransmits":	0,
				"omitted":	false,
				"sender":	true
			}
		}, {
			"streams":	[{
					"socket":	5,
					"start":	11.000058,
					"end":	12.000009,
					"seconds":	0.99995100498199463,
					"bytes":	12500416,
					"bits_per_second":	100008227.90492688,
					"retransmits":	0,
					"snd_cwnd":	87620,
					"rtt":	464,
					"rttvar":	81,
					"pmtu":	1400,
					"omitted":	false,
					"sender":	true
				}],
			"sum":	{
				"start":	11.000058,
				"end":	12.000009,
				"seconds":	0.99995100498199463,
				"bytes":	12500416,
				"bits_per_second":	100008227.90492688,
				"retransmits":	0,
				"omitted":	false,
				"sender":	true
			}
		}, {
			"streams":	[{
					"socket":	5,
					"start":	12.000009,
					"end":	13.000057,
					"seconds":	1.000048041343689,
					"bytes":	12500608,
					"bits_per_second":	100000059.86275521,
					"retransmits":	0,
					"snd_cwnd":	87620,
					"rtt":	569,
					"rttvar":	156,
					"pmtu":	1400,
					"omitted":	false,
					"sender":	true
				}],