{
	"start":	{
		"connected":	[{
				"socket":	5,
				"local_host":	"10.60.0.1",
				"local_port":	38233,
				"remote_host":	"172.16.10.3",
				"remote_port":	5201
			}],
		"version":	"iperf 3.7",
		"system_info":	"Linux ueransim1 5.4.0-169-generic #187-Ubuntu SMP Thu Nov 23 14:52:28 UTC 2023 x86_64",
		"timestamp":	{
			"time":	"Mon, 23 Jun 2025 22:33:26 GMT",
			"timesecs":	1750718006
		},
		"connecting_to":	{
			"host":	"172.16.10.3",
			"port":	5201
		},
		"cookie":	"r3rumbtxhuv632c5uihx2fhl5bo3ukyq4oka",
		"tcp_mss_default":	1348,
		"target_bitrate":	1000000000,
		"sock_bufsize":	0,
		"sndbuf_actual":	16384,
		"rcvbuf_actual":	131072,
		"test_start":	{
			"protocol":	"TCP",
			"num_streams":	1,
			"blksize":	512,
			"omit":	0,
			"duration":	30,
			"bytes":	0,
			"blocks":	0,
			"reverse":	0,
			"tos":	0
		}
	},
	"intervals":	[{
			"streams":	[{
					"socket":	5,
					"start":	0,
					"end":	1.000002,
					"seconds":	1.0000020265579224,
					"bytes":	95429120,
					"bits_per_second":	763431412.862022,
					"retransmits":	0,
					"snd_cwnd":	372048,
					"rtt":	509,
					"rttvar":	50,
					"pmtu":	1400,
					"omitted":	false,
					"sender":	true
				}],
			"sum":	{
				"start":	0,
				"end":	1.000002,
				"seconds":	1.0000020265579224,
				"bytes":	95429120,
				"bits_per_second":	763431412.862022,
				"retransmits":	0,
				"omitted":	false,
				"sender":	true
			}
		}, {
			"streams":	[{
					"socket":	5,
					"start":	1.000002,
					"end":	2.000021,
					"seconds":	1.0000189542770386,
					"bytes":	98888192,
					"bits_per_second":	791090541.45071471,
					"retransmits":	0,
					"snd_cwnd":	372048,
					"rtt":	664,
					"rttvar":	78,
					"pmtu":	1400,
					"omitted":	false,
					"sender":	true
				}],
			"sum":	{
				"start":	1.000002,
				"end":	2.000021,
				"seconds":	1.0000189542770386,
				"bytes":	98888192,
				"bits_per_second":	791090541.45071471,
				"retransmits":	0,
				"omitted":	false,
				"sender":	true
			}
		}, {
			"streams":	[{
					"socket":	5,
					"start":	2.000021,
					"end":	3.000007,
					"seconds":	0.99998599290847778,
					"bytes":	98979840,
					"bits_per_second":	791849811.51278174,
					"retransmits":	0,
					"snd_cwnd":	372048,
					"rtt":	457,
					"rttvar":	42,
					"pmtu":	1400,
					"omitted":	false,
					"sender":	true
				}],
			"sum":	{
				"start":	2.000021,
				"end":	3.000007,
				"seconds":	0.99998599290847778,
				"bytes":	98979840,
				"bits_per_second":	791849811.51278174,
				"retransmits":	0,
				"omitted":	false,
				"sender":	true
			}
		}, {
			"streams":	[{
					"socket":	5,
					"start":	3.000007,
					"end":	4.000008,
					"seconds":	1.0000009536743164,
					"bytes":	99220992,
					"bits_per_second":	793767179.00462818,
					"retransmits":	0,
					"snd_cwnd":	372048,
					"rtt":	643,
					"rttvar":	53,
					"pmtu":	1400,
					"omitted":	false,
					"sender":	true
				}],
			"sum":	{
				"start":	3.000007,
				"end":	4.000008,
				"seconds":	1.0000009536743164,
				"bytes":	99220992,
				"bits_per_second":	793767179.00462818,
				"retransmits":	0,
				"omitted":	false,
				"sender":	true
			}
		}, {
			"streams":	[{
					"socket":	5,
					"start":	4.000008,
					"end":	5.00006,
					"seconds":	1.0000519752502441,
					"bytes":	99088384,
					"bits_per_second":	792665872.99289119,
					"retransmits":	0,
					"snd_cwnd":	372048,
					"rtt":	485,
					"rttvar":	61,
					"pmtu":	1400,
					"omitted":	false,
					"sender":	true
				}],
			"sum":	{
				"start":	4.000008,
				"end":	5.00006,
				"seconds":	1.0000519752502441,
				"bytes":	99088384,
				"bits_per_second":	792665872.99289119,
				"retransmits":	0,
				"omitted":	false,
				"sender":	true
			}
		}, {
			"streams":	[{
					"socket":	5,
					"start":	5.00006,
					"end":	6.000002,
					"seconds":	0.99994200468063354,
					"bytes":	99060224,
					"bits_per_second":	792527754.90025222,
					"retransmits":	0,
					"snd_cwnd":	372048,
					"rtt":	707,
					"rttvar":	76,
					"pmtu":	1400,
					"omitted":	false,
					"sender":	true
				}],
			"sum":	{
				"start":	5.00006,
				"end":	6.000002,
				"seconds":	0.99994200468063354,
				"bytes":	99060224,
				"bits_per_second":	792527754.90025222,
				"retransmits":	0,
				"omitted":	false,
				"sender":	true
			}
		}, {
			"streams":	[{
					"socket":	5,
					"start":	6.000002,
					"end":	7.000008,
					"seconds":	1.0000059604644775,
					"bytes":	98983936,
					"bits_per_second":	791866768.1062578,
					"retransmits":	0,
					"snd_cwnd":	372048,
					"rtt":	473,
					"rttvar":	36,
					"pmtu":	1400,
					"omitted":	false,
					"sender":	true
				}],
			"sum":	{
				"start":	6.000002,
				"end":	7.000008,
				"seconds":	1.0000059604644775,
				"bytes":	98983936,
				"bits_per_second":	791866768.1062578,
				"retransmits":	0,
				"omitted":	false,
				"sender":	true
			}
		}, {
			"streams":	[{
					"socket":	5,
					"start":	7.000008,
					"end":	8.000027,
					"seconds":	1.0000189542770386,
					"bytes":	99682304,
					"bits_per_second":	797443317.03844631,
					"retransmits":	0,
					"snd_cwnd":	372048,
					"rtt":	467,
					"rttvar":	44,
					"pmtu":	1400,
					"omitted":	false,
					"sender":	true
				}],
			"sum":	{
				"start":	7.000008,
				"end":	8.000027,
				"seconds":	1.0000189542770386,
				"bytes":	99682304,
				"bits_per_second":	797443317.03844631,
				"retransmits":	0,
				"omitted":	false,
				"sender":	true
			}
		}, {
			"streams":	[{
					"socket":	5,
					"start":	8.000027,
					"end":	9.000034,
					"seconds":	1.0000070333480835,
					"bytes":	102292992,
					"bits_per_second":	818338180.34272766,
					"retransmits":	0,
					"snd_cwnd":	372048,
					"rtt":	472,
					"rttvar":	54,
					"pmtu":	1400,
					"omitted":	false,
					"sender":	true
				}],
			"sum":	{
				"start":	8.000027,
				"end":	9.000034,
				"seconds":	1.0000070333480835,
				"bytes":	102292992,
				"bits_per_second":	818338180.34272766,
				"retransmits":	0,
				"omitted":	false,
				"sender":	true
			}
		}, {
			"streams":	[{
					"socket":	5,
					"start":	9.000034,
					"end":	10.000012,
					"seconds":	0.99997800588607788,
					"bytes":	102375424,
					"bits_per_second":	819021405.65010047,
					"retransmits":	0,
					"snd_cwnd":	372048,
					"rtt":	444,
					"rttvar":	45,
					"pmtu":	1400,
					"omitted":	false,
					"sender":	true
				}],
			"sum":	{
				"start":	9.000034,
				"end":	10.000012,
				"seconds":	0.99997800588607788,
				"bytes":	102375424,
				"bits_per_second":	819021405.65010047,
				"retransmits":	0,
				"omitted":	false,
				"sender":	true
			}
		}, {
			"streams":	[{
					"socket":	5,
					"start":	10.000012,
					"end":	11.000008,
					"seconds":	0.9999960064888,
					"bytes":	102346752,
					"bits_per_second":	818777285.79626107,
					"retransmits":	0,
					"snd_cwnd":	372048,
					"rtt":	476,
					"rttvar":	46,
					"pmtu":	1400,
					"omitted":	false,
					"sender":	true
				}],
			"sum":	{
				"start":	10.000012,
				"end":	11.000008,
				"seconds":	0.9999960064888,
				"bytes":	102346752,
				"bits_per_second":	818777285.79626107,
				"retransmits":	0,
				"omitted":	false,
				"sender":	true
			}
		}, {
			"streams":	[{
					"socket":	5,
					"start":	11.000008,
					"end":	12.000015,
					"seconds":	1.0000070333480835,
					"bytes":	102279168,
					"bits_per_second":	818227589.12055421,
					"retransmits":	0,
					"snd_cwnd":	372048,
					"rtt":	480,
					"rttvar":	49,
					"pmtu":	1400,
					"omitted":	false,
					"sender":	true
				}],
			"sum":	{
				"start":	11.000008,
				"end":	12.000015,
				"seconds":	1.0000070333480835,
				"bytes":	102279168,
				"bits_per_second":	818227589.12055421,
				"retransmits":	0,
				"omitted":	false,
				"sender":	true
			}
		}, {
			"streams":	[{
					"socket":	5,
					"start":	12.000015,
					"end":	13.000054,
					"seconds":	1.0000389814376831,
					"bytes":	101929472,
					"bits_per_second":	815403990.38016248,
					"retransmits":	0,
					"snd_cwnd":	372048,
					"rtt":	468,
					"rttvar":	44,
					"pmtu":	1400,