{
	"start":	{
		"connected":	[{
				"socket":	5,
				"local_host":	"10.60.0.1",
				"local_port":	42219,
				"remote_host":	"172.16.10.3",
				"remote_port":	5201
			}],
		"version":	"iperf 3.7",
		"system_info":	"Linux ueransim1 5.4.0-169-generic #187-Ubuntu SMP Thu Nov 23 14:52:28 UTC 2023 x86_64",
		"timestamp":	{
			"time":	"Tue, 24 Jun 2025 10:12:45 GMT",
			"timesecs":	1750759965
		},
		"connecting_to":	{
			"host":	"172.16.10.3",
			"port":	5201
		},
		"cookie":	"djgxhwajrxztyztghvsdt7kp37jfh6wyxteo",
		"tcp_mss_default":	1348,
		"target_bitrate":	100000000,
		"sock_bufsize":	0,
		"sndbuf_actual":	16384,
		"rcvbuf_actual":	131072,
		"test_start":	{
			"protocol":	"TCP",
			"num_streams":	1,
			"blksize":	128,
			"omit":	0,
			"duration":	30,
			"bytes":	0,
			"blocks":	0,
			"reverse":	0,
			"tos":	0
		}
	},
	"intervals":	[{
			"streams":	[{
					"socket":	5,
					"start":	0,
					"end":	1.000086,
					"seconds":	1.0000859498977661,
					"bytes":	12491648,
					"bits_per_second":	99924595.491233215,
					"retransmits":	0,
					"snd_cwnd":	32352,
					"rtt":	295,
					"rttvar":	35,
					"pmtu":	1400,
					"omitted":	false,
					"sender":	true
				}],
			"sum":	{
				"start":	0,
				"end":	1.000086,
				"seconds":	1.0000859498977661,
				"bytes":	12491648,
				"bits_per_second":	99924595.491233215,
				"retransmits":	0,
				"omitted":	false,
				"sender":	true
			}
		}, {
			"streams":	[{
					"socket":	5,
					"start":	1.000086,
					"end":	2.000088,
					"seconds":	1.0000020265579224,
					"bytes":	12500224,
					"bits_per_second":	100001589.34098688,
					"retransmits":	0,
					"snd_cwnd":	32352,
					"rtt":	351,
					"rttvar":	47,
					"pmtu":	1400,
					"omitted":	false,
					"sender":	true
				}],
			"sum":	{
				"start":	1.000086,
				"end":	2.000088,
				"seconds":	1.0000020265579224,
				"bytes":	12500224,
				"bits_per_second":	100001589.34098688,
				"retransmits":	0,
				"omitted":	false,
				"sender":	true
			}
		}, {
			"streams":	[{
					"socket":	5,
					"start":	2.000088,
					"end":	3.000085,
					"seconds":	0.99999701976776123,
					"bytes":	12499712,
					"bits_per_second":	99997994.017245576,
					"retransmits":	0,
					"snd_cwnd":	32352,
					"rtt":	417,
					"rttvar":	119,
					"pmtu":	1400,
					"omitted":	false,
					"sender":	true
				}],
			"sum":	{
				"start":	2.000088,
				"end":	3.000085,
				"seconds":	0.99999701976776123,
				"bytes":	12499712,
				"bits_per_second":	99997994.017245576,
				"retransmits":	0,
				"omitted":	false,
				"sender":	true
			}
		}, {
			"streams":	[{
					"socket":	5,
					"start":	3.000085,
					"end":	4.000086,
					"seconds":	1.0000009536743164,
					"bytes":	12499968,
					"bits_per_second":	99999648.632903442,
					"retransmits":	0,
					"snd_cwnd":	36396,
					"rtt":	368,
					"rttvar":	71,
					"pmtu":	1400,
					"omitted":	false,
					"sender":	true
				}],
			"sum":	{
				"start":	3.000085,
				"end":	4.000086,
				"seconds":	1.0000009536743164,
				"bytes":	12499968,
				"bits_per_second":	99999648.632903442,
				"retransmits":	0,
				"omitted":	false,
				"sender":	true
			}
		}, {
			"streams":	[{
					"socket":	5,
					"start":	4.000086,
					"end":	5.000087,
					"seconds":	1.0000009536743164,
					"bytes":	12500224,
					"bits_per_second":	100001696.63095033,
					"retransmits":	0,
					"snd_cwnd":	37744,
					"rtt":	457,
					"rttvar":	100,
					"pmtu":	1400,
					"omitted":	false,
					"sender":	true
				}],
			"sum":	{
				"start":	4.000086,
				"end":	5.000087,
				"seconds":	1.0000009536743164,
				"bytes":	12500224,
				"bits_per_second":	100001696.63095033,
				"retransmits":	0,
				"omitted":	false,
				"sender":	true
			}
		}, {
			"streams":	[{
					"socket":	5,
					"start":	5.000087,
					"end":	6.000087,
					"seconds":	1,
					"bytes":	12499968,
					"bits_per_second":	99999744,
					"retransmits":	0,
					"snd_cwnd":	37744,
					"rtt":	442,
					"rttvar":	86,
					"pmtu":	1400,
					"omitted":	false,
					"sender":	true
				}],
			"sum":	{
				"start":	5.000087,
				"end":	6.000087,
				"seconds":	1,
				"bytes":	12499968,
				"bits_per_second":	99999744,
				"retransmits":	0,
				"omitted":	false,
				"sender":	true
			}
		}, {
			"streams":	[{
					"socket":	5,
					"start":	6.000087,
					"end":	7.000087,
					"seconds":	1,
					"bytes":	12499968,
					"bits_per_second":	99999744,
					"retransmits":	0,
					"snd_cwnd":	37744,
					"rtt":	348,
					"rttvar":	63,
					"pmtu":	1400,
					"omitted":	false,
					"sender":	true
				}],
			"sum":	{
				"start":	6.000087,
				"end":	7.000087,
				"seconds":	1,
				"bytes":	12499968,
				"bits_per_second":	99999744,
				"retransmits":	0,
				"omitted":	false,
				"sender":	true
			}
		}, {
			"streams":	[{
					"socket":	5,
					"start":	7.000087,
					"end":	8.000088,
					"seconds":	1.0000009536743164,
					"bytes":	12500736,
					"bits_per_second":	100005792.62704408,
					"retransmits":	0,
					"snd_cwnd":	37744,
					"rtt":	474,
					"rttvar":	101,
					"pmtu":	1400,
					"omitted":	false,
					"sender":	true
				}],
			"sum":	{
				"start":	7.000087,
				"end":	8.000088,
				"seconds":	1.0000009536743164,
				"bytes":	12500736,
				"bits_per_second":	100005792.62704408,
				"retransmits":	0,
				"omitted":	false,
				"sender":	true
			}
		}, {
			"streams":	[{
					"socket":	5,
					"start":	8.000088,
					"end":	9.000088,
					"seconds":	1,
					"bytes":	12499200,
					"bits_per_second":	99993600,
					"retransmits":	0,
					"snd_cwnd":	37744,
					"rtt":	368,
					"rttvar":	87,
					"pmtu":	1400,
					"omitted":	false,
					"sender":	true
				}],
			"sum":	{
				"start":	8.000088,
				"end":	9.000088,
				"seconds":	1,
				"bytes":	12499200,
				"bits_per_second":	99993600,
				"retransmits":	0,
				"omitted":	false,
				"sender":	true
			}
		}, {
			"streams":	[{
					"socket":	5,
					"start":	9.000088,
					"end":	10.000069,
					"seconds":	0.99998098611831665,
					"bytes":	12500864,
					"bits_per_second":	100008813.55574824,
					"retransmits":	0,
					"snd_cwnd":	37744,
					"rtt":	352,
					"rttvar":	67,
					"pmtu":	1400,
					"omitted":	false,
					"sender":	true
				}],
			"sum":	{
				"start":	9.000088,
				"end":	10.000069,
				"seconds":	0.99998098611831665,
				"bytes":	12500864,
				"bits_per_second":	100008813.55574824,
				"retransmits":	0,
				"omitted":	false,
				"sender":	true
			}
		}, {
			"streams":	[{
					"socket":	5,
					"start":	10.000069,
					"end":	11.000088,
					"seconds":	1.0000189542770386,
					"bytes":	12499712,
					"bits_per_second":	99995800.651891753,
					"retransmits":	0,
					"snd_cwnd":	40440,
					"rtt":	399,
					"rttvar":	80,
					"pmtu":	1400,
					"omitted":	false,
					"sender":	true
				}],
			"sum":	{
				"start":	10.000069,
				"end":	11.000088,
				"seconds":	1.0000189542770386,
				"bytes":	12499712,
				"bits_per_second":	99995800.651891753,
				"retransmits":	0,
				"omitted":	false,
				"sender":	true
			}
		}, {
			"streams":	[{
					"socket":	5,
					"start":	11.000088,
					"end":	12.000088,
					"seconds":	1,
					"bytes":	12499328,
					"bits_per_second":	99994624,
					"retransmits":	0,
					"snd_cwnd":	44484,
					"rtt":	357,
					"rttvar":	94,
					"pmtu":	1400,
					"omitted":	false,
					"sender":	true
				}],
			"sum":	{
				"start":	11.000088,
				"end":	12.000088,
				"seconds":	1,
				"bytes":	12499328,
				"bits_per_second":	99994624,
				"retransmits":	0,
				"omitted":	false,
				"sender":	true
			}
		}, {
			"streams":	[{
					"socket":	5,
					"start":	12.000088,
					"end":	13.000087,
					"seconds":	0.99999898672103882,
					"bytes":	12500096,
					"bits_per_second":	100000869.32877699,
					"retransmits":	0,
					"snd_cwnd":	48528,
					"rtt":	338,
					"rttvar":	93,
					"pmtu":	1400,
					"omitted":	false,
					"sender":	true
				}],
			"sum":	{
				"start":	12.000088,
				"end":	13.000087,
				"seconds":	0.99999898672103882,
				"bytes":	12500096,
				"bits_per_second":	100000869.32877699,
				"retransmits":	0,