{
	"start":	{
		"connected":	[{
				"socket":	5,
				"local_host":	"10.60.0.1",
				"local_port":	44127,
				"remote_host":	"172.16.10.3",
				"remote_port":	5201
			}],
		"version":	"iperf 3.7",
		"system_info":	"Linux ueransim1 5.4.0-169-generic #187-Ubuntu SMP Thu Nov 23 14:52:28 UTC 2023 x86_64",
		"timestamp":	{
			"time":	"Tue, 24 Jun 2025 10:25:01 GMT",
			"timesecs":	1750760701
		},
		"connecting_to":	{
			"host":	"172.16.10.3",
			"port":	5201
		},
		"cookie":	"vlogviqjkybocrtltgeu77vemyamuszrqtww",
		"tcp_mss_default":	1348,
		"target_bitrate":	1000000000,
		"sock_bufsize":	0,
		"sndbuf_actual":	16384,
		"rcvbuf_actual":	131072,
		"test_start":	{
			"protocol":	"TCP",
			"num_streams":	1,
			"blksize":	128,
			"omit":	0,
			"duration":	30,
			"bytes":	0,
			"blocks":	0,
			"reverse":	0,
			"tos":	0
		}
	},
	"intervals":	[{
			"streams":	[{
					"socket":	5,
					"start":	0,
					"end":	1.000006,
					"seconds":	1.0000059604644775,
					"bytes":	36995328,
					"bits_per_second":	295960859.93580759,
					"retransmits":	0,
					"snd_cwnd":	55268,
					"rtt":	375,
					"rttvar":	26,
					"pmtu":	1400,
					"omitted":	false,
					"sender":	true
				}],
			"sum":	{
				"start":	0,
				"end":	1.000006,
				"seconds":	1.0000059604644775,
				"bytes":	36995328,
				"bits_per_second":	295960859.93580759,
				"retransmits":	0,
				"omitted":	false,
				"sender":	true
			}
		}, {
			"streams":	[{
					"socket":	5,
					"start":	1.000006,
					"end":	2.000023,
					"seconds":	1.0000170469284058,
					"bytes":	39268736,
					"bits_per_second":	314144532.80064029,
					"retransmits":	0,
					"snd_cwnd":	59312,
					"rtt":	352,
					"rttvar":	28,
					"pmtu":	1400,
					"omitted":	false,
					"sender":	true
				}],
			"sum":	{
				"start":	1.000006,
				"end":	2.000023,
				"seconds":	1.0000170469284058,
				"bytes":	39268736,
				"bits_per_second":	314144532.80064029,
				"retransmits":	0,
				"omitted":	false,
				"sender":	true
			}
		}, {
			"streams":	[{
					"socket":	5,
					"start":	2.000023,
					"end":	3.000003,
					"seconds":	0.99997997283935547,
					"bytes":	39292288,
					"bits_per_second":	314344599.4297905,
					"retransmits":	0,
					"snd_cwnd":	59312,
					"rtt":	356,
					"rttvar":	44,
					"pmtu":	1400,
					"omitted":	false,
					"sender":	true
				}],
			"sum":	{
				"start":	2.000023,
				"end":	3.000003,
				"seconds":	0.99997997283935547,
				"bytes":	39292288,
				"bits_per_second":	314344599.4297905,
				"retransmits":	0,
				"omitted":	false,
				"sender":	true
			}
		}, {
			"streams":	[{
					"socket":	5,
					"start":	3.000003,
					"end":	4.000057,
					"seconds":	1.0000540018081665,
					"bytes":	39308800,
					"bits_per_second":	314453418.94679272,
					"retransmits":	0,
					"snd_cwnd":	72792,
					"rtt":	551,
					"rttvar":	43,
					"pmtu":	1400,
					"omitted":	false,
					"sender":	true
				}],
			"sum":	{
				"start":	3.000003,
				"end":	4.000057,
				"seconds":	1.0000540018081665,
				"bytes":	39308800,
				"bits_per_second":	314453418.94679272,
				"retransmits":	0,
				"omitted":	false,
				"sender":	true
			}
		}, {
			"streams":	[{
					"socket":	5,
					"start":	4.000057,
					"end":	5.000004,
					"seconds":	0.99994701147079468,
					"bytes":	39349888,
					"bits_per_second":	314815785.62545091,
					"retransmits":	0,
					"snd_cwnd":	72792,
					"rtt":	370,
					"rttvar":	41,
					"pmtu":	1400,
					"omitted":	false,
					"sender":	true
				}],
			"sum":	{
				"start":	4.000057,
				"end":	5.000004,
				"seconds":	0.99994701147079468,
				"bytes":	39349888,
				"bits_per_second":	314815785.62545091,
				"retransmits":	0,
				"omitted":	false,
				"sender":	true
			}
		}, {
			"streams":	[{
					"socket":	5,
					"start":	5.000004,
					"end":	6.000004,
					"seconds":	1,
					"bytes":	39385728,
					"bits_per_second":	315085824,
					"retransmits":	0,
					"snd_cwnd":	115928,
					"rtt":	385,
					"rttvar":	45,
					"pmtu":	1400,
					"omitted":	false,
					"sender":	true
				}],
			"sum":	{
				"start":	5.000004,
				"end":	6.000004,
				"seconds":	1,
				"bytes":	39385728,
				"bits_per_second":	315085824,
				"retransmits":	0,
				"omitted":	false,
				"sender":	true
			}
		}, {
			"streams":	[{
					"socket":	5,
					"start":	6.000004,
					"end":	7.000022,
					"seconds":	1.0000180006027222,
					"bytes":	39288704,
					"bits_per_second":	314303974.33902395,
					"retransmits":	0,
					"snd_cwnd":	115928,
					"rtt":	393,
					"rttvar":	47,
					"pmtu":	1400,
					"omitted":	false,
					"sender":	true
				}],
			"sum":	{
				"start":	6.000004,
				"end":	7.000022,
				"seconds":	1.0000180006027222,
				"bytes":	39288704,
				"bits_per_second":	314303974.33902395,
				"retransmits":	0,
				"omitted":	false,
				"sender":	true
			}
		}, {
			"streams":	[{
					"socket":	5,
					"start":	7.000022,
					"end":	8.000006,
					"seconds":	0.9999840259552002,
					"bytes":	39269760,
					"bits_per_second":	314163098.45540917,
					"retransmits":	0,
					"snd_cwnd":	115928,
					"rtt":	655,
					"rttvar":	16,
					"pmtu":	1400,
					"omitted":	false,
					"sender":	true
				}],
			"sum":	{
				"start":	7.000022,
				"end":	8.000006,
				"seconds":	0.9999840259552002,
				"bytes":	39269760,
				"bits_per_second":	314163098.45540917,
				"retransmits":	0,
				"omitted":	false,
				"sender":	true
			}
		}, {
			"streams":	[{
					"socket":	5,
					"start":	8.000006,
					"end":	9.000004,
					"seconds":	0.99999797344207764,
					"bytes":	39321216,
					"bits_per_second":	314570365.49506634,
					"retransmits":	0,
					"snd_cwnd":	115928,
					"rtt":	369,
					"rttvar":	51,
					"pmtu":	1400,
					"omitted":	false,
					"sender":	true
				}],
			"sum":	{
				"start":	8.000006,
				"end":	9.000004,
				"seconds":	0.99999797344207764,
				"bytes":	39321216,
				"bits_per_second":	314570365.49506634,
				"retransmits":	0,
				"omitted":	false,
				"sender":	true
			}
		}, {
			"streams":	[{
					"socket":	5,
					"start":	9.000004,
					"end":	10.000003,
					"seconds":	0.99999898672103882,
					"bytes":	39256192,
					"bits_per_second":	314049854.22011006,
					"retransmits":	0,
					"snd_cwnd":	115928,
					"rtt":	395,
					"rttvar":	56,
					"pmtu":	1400,
					"omitted":	false,
					"sender":	true
				}],
			"sum":	{
				"start":	9.000004,
				"end":	10.000003,
				"seconds":	0.99999898672103882,
				"bytes":	39256192,
				"bits_per_second":	314049854.22011006,
				"retransmits":	0,
				"omitted":	false,
				"sender":	true
			}
		}, {
			"streams":	[{
					"socket":	5,
					"start":	10.000003,
					"end":	11.000004,
					"seconds":	1.0000009536743164,
					"bytes":	39312000,
					"bits_per_second":	314495700.07352823,
					"retransmits":	0,
					"snd_cwnd":	115928,
					"rtt":	349,
					"rttvar":	42,
					"pmtu":	1400,
					"omitted":	false,
					"sender":	true
				}],
			"sum":	{
				"start":	10.000003,
				"end":	11.000004,
				"seconds":	1.0000009536743164,
				"bytes":	39312000,
				"bits_per_second":	314495700.07352823,
				"retransmits":	0,
				"omitted":	false,
				"sender":	true
			}
		}, {
			"streams":	[{
					"socket":	5,
					"start":	11.000004,
					"end":	12.000004,
					"seconds":	1,
					"bytes":	39311360,
					"bits_per_second":	314490880,
					"retransmits":	0,
					"snd_cwnd":	115928,
					"rtt":	371,
					"rttvar":	30,
					"pmtu":	1400,
					"omitted":	false,
					"sender":	true
				}],
			"sum":	{
				"start":	11.000004,
				"end":	12.000004,
				"seconds":	1,
				"bytes":	39311360,
				"bits_per_second":	314490880,
				"retransmits":	0,
				"omitted":	false,
				"sender":	true
			}
		}, {
			"streams":	[{
					"socket":	5,
					"start":	12.000004,
					"end":	13.000056,
					"seconds":	1.0000519752502441,
					"bytes":	39282816,
					"bits_per_second":	314246194.97537786,
					"retransmits":	0,
					"snd_cwnd":	115928,
					"rtt":	406,
					"rttvar":	43,
					"pmtu":	1400,
					"omitted":	false,
					"sender":	true
				}],
			"sum":	{
				"start":	12.000004,
				"end":	13.000056,