{
	"start":	{
		"connected":	[{
				"socket":	5,
				"local_host":	"10.60.0.1",
				"local_port":	58793,
				"remote_host":	"172.16.10.3",
				"remote_port":	5201
			}],
		"version":	"iperf 3.7",
		"system_info":	"Linux ueransim1 5.4.0-169-generic #187-Ubuntu SMP Thu Nov 23 14:52:28 UTC 2023 x86_64",
		"timestamp":	{
			"time":	"Tue, 24 Jun 2025 10:10:37 GMT",
			"timesecs":	1750759837
		},
		"connecting_to":	{
			"host":	"172.16.10.3",
			"port":	5201
		},
		"cookie":	"6shespv2oit5v4uwzdl4cf2jladjh4h5gia3",
		"tcp_mss_default":	1348,
		"target_bitrate":	100000000,
		"sock_bufsize":	0,
		"sndbuf_actual":	16384,
		"rcvbuf_actual":	131072,
		"test_start":	{
			"protocol":	"TCP",
			"num_streams":	1,
			"blksize":	64,
			"omit":	0,
			"duration":	30,
			"bytes":	0,
			"blocks":	0,
			"reverse":	0,
			"tos":	0
		}
	},
	"intervals":	[{
			"streams":	[{
					"socket":	5,
					"start":	0,
					"end":	1.000063,
					"seconds":	1.0000629425048828,
					"bytes":	12488576,
					"bits_per_second":	99902319.897742033,
					"retransmits":	0,
					"snd_cwnd":	22916,
					"rtt":	364,
					"rttvar":	103,
					"pmtu":	1400,
					"omitted":	false,
					"sender":	true
				}],
			"sum":	{
				"start":	0,
				"end":	1.000063,
				"seconds":	1.0000629425048828,
				"bytes":	12488576,
				"bits_per_second":	99902319.897742033,
				"retransmits":	0,
				"omitted":	false,
				"sender":	true
			}
		}, {
			"streams":	[{
					"socket":	5,
					"start":	1.000063,
					"end":	2.000102,
					"seconds":	1.0000389814376831,
					"bytes":	12502656,
					"bits_per_second":	100017349.17993571,
					"retransmits":	0,
					"snd_cwnd":	24264,
					"rtt":	312,
					"rttvar":	42,
					"pmtu":	1400,
					"omitted":	false,
					"sender":	true
				}],
			"sum":	{
				"start":	1.000063,
				"end":	2.000102,
				"seconds":	1.0000389814376831,
				"bytes":	12502656,
				"bits_per_second":	100017349.17993571,
				"retransmits":	0,
				"omitted":	false,
				"sender":	true
			}
		}, {
			"streams":	[{
					"socket":	5,
					"start":	2.000102,
					"end":	3.000005,
					"seconds":	0.99990302324295044,
					"bytes":	12508352,
					"bits_per_second":	100076521.09647274,
					"retransmits":	0,
					"snd_cwnd":	24264,
					"rtt":	314,
					"rttvar":	43,
					"pmtu":	1400,
					"omitted":	false,
					"sender":	true
				}],
			"sum":	{
				"start":	2.000102,
				"end":	3.000005,
				"seconds":	0.99990302324295044,
				"bytes":	12508352,
				"bits_per_second":	100076521.09647274,
				"retransmits":	0,
				"omitted":	false,
				"sender":	true
			}
		}, {
			"streams":	[{
					"socket":	5,
					"start":	3.000005,
					"end":	4.000096,
					"seconds":	1.0000909566879272,
					"bytes":	12496960,
					"bits_per_second":	99966587.370309412,
					"retransmits":	0,
					"snd_cwnd":	24264,
					"rtt":	313,
					"rttvar":	49,
					"pmtu":	1400,
					"omitted":	false,
					"sender":	true
				}],
			"sum":	{
				"start":	3.000005,
				"end":	4.000096,
				"seconds":	1.0000909566879272,
				"bytes":	12496960,
				"bits_per_second":	99966587.370309412,
				"retransmits":	0,
				"omitted":	false,
				"sender":	true
			}
		}, {
			"streams":	[{
					"socket":	5,
					"start":	4.000096,
					"end":	5.000056,
					"seconds":	0.99996000528335571,
					"bytes":	12501824,
					"bits_per_second":	100018592.21525481,
					"retransmits":	0,
					"snd_cwnd":	32352,
					"rtt":	345,
					"rttvar":	59,
					"pmtu":	1400,
					"omitted":	false,
					"sender":	true
				}],
			"sum":	{
				"start":	4.000096,
				"end":	5.000056,
				"seconds":	0.99996000528335571,
				"bytes":	12501824,
				"bits_per_second":	100018592.21525481,
				"retransmits":	0,
				"omitted":	false,
				"sender":	true
			}
		}, {
			"streams":	[{
					"socket":	5,
					"start":	5.000056,
					"end":	6.000056,
					"seconds":	1,
					"bytes":	12500864,
					"bits_per_second":	100006912,
					"retransmits":	0,
					"snd_cwnd":	56616,
					"rtt":	303,
					"rttvar":	39,
					"pmtu":	1400,
					"omitted":	false,
					"sender":	true
				}],
			"sum":	{
				"start":	5.000056,
				"end":	6.000056,
				"seconds":	1,
				"bytes":	12500864,
				"bits_per_second":	100006912,
				"retransmits":	0,
				"omitted":	false,
				"sender":	true
			}
		}, {
			"streams":	[{
					"socket":	5,
					"start":	6.000056,
					"end":	7.000079,
					"seconds":	1.0000230073928833,
					"bytes":	12496960,
					"bits_per_second":	99973379.873171389,
					"retransmits":	0,
					"snd_cwnd":	78184,
					"rtt":	302,
					"rttvar":	57,
					"pmtu":	1400,
					"omitted":	false,
					"sender":	true
				}],
			"sum":	{
				"start":	6.000056,
				"end":	7.000079,
				"seconds":	1.0000230073928833,
				"bytes":	12496960,
				"bits_per_second":	99973379.873171389,
				"retransmits":	0,
				"omitted":	false,
				"sender":	true
			}
		}, {
			"streams":	[{
					"socket":	5,
					"start":	7.000079,
					"end":	8.000056,
					"seconds":	0.9999769926071167,
					"bytes":	12501504,
					"bits_per_second":	100014333.06905489,
					"retransmits":	0,
					"snd_cwnd":	86272,
					"rtt":	327,
					"rttvar":	75,
					"pmtu":	1400,
					"omitted":	false,
					"sender":	true
				}],
			"sum":	{
				"start":	7.000079,
				"end":	8.000056,
				"seconds":	0.9999769926071167,
				"bytes":	12501504,
				"bits_per_second":	100014333.06905489,
				"retransmits":	0,
				"omitted":	false,
				"sender":	true
			}
		}, {
			"streams":	[{
					"socket":	5,
					"start":	8.000056,
					"end":	9.000086,
					"seconds":	1.0000300407409668,
					"bytes":	12495808,
					"bits_per_second":	99963461.023561254,
					"retransmits":	0,
					"snd_cwnd":	86272,
					"rtt":	380,
					"rttvar":	128,
					"pmtu":	1400,
					"omitted":	false,
					"sender":	true
				}],
			"sum":	{
				"start":	8.000056,
				"end":	9.000086,
				"seconds":	1.0000300407409668,
				"bytes":	12495808,
				"bits_per_second":	99963461.023561254,
				"retransmits":	0,
				"omitted":	false,
				"sender":	true
			}
		}, {
			"streams":	[{
					"socket":	5,
					"start":	9.000086,
					"end":	10.000003,
					"seconds":	0.99991697072982788,
					"bytes":	12506496,
					"bits_per_second":	100060275.93168382,
					"retransmits":	0,
					"snd_cwnd":	86272,
					"rtt":	322,
					"rttvar":	43,
					"pmtu":	1400,
					"omitted":	false,
					"sender":	true
				}],
			"sum":	{
				"start":	9.000086,
				"end":	10.000003,
				"seconds":	0.99991697072982788,
				"bytes":	12506496,
				"bits_per_second":	100060275.93168382,
				"retransmits":	0,
				"omitted":	false,
				"sender":	true
			}
		}, {
			"streams":	[{
					"socket":	5,
					"start":	10.000003,
					"end":	11.000086,
					"seconds":	1.0000829696655273,
					"bytes":	12493312,
					"bits_per_second":	99938204.1606274,
					"retransmits":	0,
					"snd_cwnd":	86272,
					"rtt":	292,
					"rttvar":	25,
					"pmtu":	1400,
					"omitted":	false,
					"sender":	true
				}],
			"sum":	{
				"start":	10.000003,
				"end":	11.000086,
				"seconds":	1.0000829696655273,
				"bytes":	12493312,
				"bits_per_second":	99938204.1606274,
				"retransmits":	0,
				"omitted":	false,
				"sender":	true
			}
		}, {
			"streams":	[{
					"socket":	5,
					"start":	11.000086,
					"end":	12.000003,
					"seconds":	0.99991697072982788,
					"bytes":	12503168,
					"bits_per_second":	100033649.72092898,
					"retransmits":	0,
					"snd_cwnd":	86272,
					"rtt":	364,
					"rttvar":	95,
					"pmtu":	1400,
					"omitted":	false,
					"sender":	true
				}],
			"sum":	{
				"start":	11.000086,
				"end":	12.000003,
				"seconds":	0.99991697072982788,
				"bytes":	12503168,
				"bits_per_second":	100033649.72092898,
				"retransmits":	0,
				"omitted":	false,
				"sender":	true
			}
		}, {
			"streams":	[{
					"socket":	5,
					"start":	12.000003,
					"end":	13.000099,
					"seconds":	1.0000959634780884,
					"bytes":	12493504,
					"bits_per_second":	99938441.5595532,
					"retransmits":	0,
					"snd_cwnd":	86272,
					"rtt":	378,
					"rttvar":	132,
					"pmtu":	1400,
					"omitted":	false,
					"sender":	true
				}],