{
	"start":	{
		"connected":	[{
				"socket":	5,
				"local_host":	"10.60.0.1",
				"local_port":	41437,
				"remote_host":	"172.16.10.3",
				"remote_port":	5201
			}],
		"version":	"iperf 3.7",
		"system_info":	"Linux ueransim1 5.4.0-169-generic #187-Ubuntu SMP Thu Nov 23 14:52:28 UTC 2023 x86_64",
		"timestamp":	{
			"time":	"Tue, 24 Jun 2025 10:12:13 GMT",
			"timesecs":	1750759933
		},
		"connecting_to":	{
			"host":	"172.16.10.3",
			"port":	5201
		},
		"cookie":	"ho2uzui3gw5pvi4w5aewnfucxgo4wu4yjcyj",
		"tcp_mss_default":	1348,
		"target_bitrate":	100000000,
		"sock_bufsize":	0,
		"sndbuf_actual":	16384,
		"rcvbuf_actual":	131072,
		"test_start":	{
			"protocol":	"TCP",
			"num_streams":	1,
			"blksize":	128,
			"omit":	0,
			"duration":	30,
			"bytes":	0,
			"blocks":	0,
			"reverse":	0,
			"tos":	0
		}
	},
	"intervals":	[{
			"streams":	[{
					"socket":	5,
					"start":	0,
					"end":	1.000057,
					"seconds":	1.0000569820404053,
					"bytes":	12491776,
					"bits_per_second":	99928513.869385049,
					"retransmits":	0,
					"snd_cwnd":	26960,
					"rtt":	352,
					"rttvar":	45,
					"pmtu":	1400,
					"omitted":	false,
					"sender":	true
				}],
			"sum":	{
				"start":	0,
				"end":	1.000057,
				"seconds":	1.0000569820404053,
				"bytes":	12491776,
				"bits_per_second":	99928513.869385049,
				"retransmits":	0,
				"omitted":	false,
				"sender":	true
			}
		}, {
			"streams":	[{
					"socket":	5,
					"start":	1.000057,
					"end":	2.000057,
					"seconds":	1,
					"bytes":	12500224,
					"bits_per_second":	100001792,
					"retransmits":	0,
					"snd_cwnd":	28308,
					"rtt":	283,
					"rttvar":	33,
					"pmtu":	1400,
					"omitted":	false,
					"sender":	true
				}],
			"sum":	{
				"start":	1.000057,
				"end":	2.000057,
				"seconds":	1,
				"bytes":	12500224,
				"bits_per_second":	100001792,
				"retransmits":	0,
				"omitted":	false,
				"sender":	true
			}
		}, {
			"streams":	[{
					"socket":	5,
					"start":	2.000057,
					"end":	3.000056,
					"seconds":	0.99999898672103882,
					"bytes":	12500608,
					"bits_per_second":	100004965.33292739,
					"retransmits":	0,
					"snd_cwnd":	28308,
					"rtt":	313,
					"rttvar":	58,
					"pmtu":	1400,
					"omitted":	false,
					"sender":	true
				}],
			"sum":	{
				"start":	2.000057,
				"end":	3.000056,
				"seconds":	0.99999898672103882,
				"bytes":	12500608,
				"bits_per_second":	100004965.33292739,
				"retransmits":	0,
				"omitted":	false,
				"sender":	true
			}
		}, {
			"streams":	[{
					"socket":	5,
					"start":	3.000056,
					"end":	4.000057,
					"seconds":	1.0000009536743164,
					"bytes":	12497152,
					"bits_per_second":	99977120.6543878,
					"retransmits":	0,
					"snd_cwnd":	29656,
					"rtt":	330,
					"rttvar":	58,
					"pmtu":	1400,
					"omitted":	false,
					"sender":	true
				}],
			"sum":	{
				"start":	3.000056,
				"end":	4.000057,
				"seconds":	1.0000009536743164,
				"bytes":	12497152,
				"bits_per_second":	99977120.6543878,
				"retransmits":	0,
				"omitted":	false,
				"sender":	true
			}
		}, {
			"streams":	[{
					"socket":	5,
					"start":	4.000057,
					"end":	5.000104,
					"seconds":	1.000046968460083,
					"bytes":	12502016,
					"bits_per_second":	100011430.61711322,
					"retransmits":	0,
					"snd_cwnd":	29656,
					"rtt":	309,
					"rttvar":	43,
					"pmtu":	1400,
					"omitted":	false,
					"sender":	true
				}],
			"sum":	{
				"start":	4.000057,
				"end":	5.000104,
				"seconds":	1.000046968460083,
				"bytes":	12502016,
				"bits_per_second":	100011430.61711322,
				"retransmits":	0,
				"omitted":	false,
				"sender":	true
			}
		}, {
			"streams":	[{
					"socket":	5,
					"start":	5.000104,
					"end":	6.000089,
					"seconds":	0.9999849796295166,
					"bytes":	12500096,
					"bits_per_second":	100002270.07114565,
					"retransmits":	0,
					"snd_cwnd":	29656,
					"rtt":	323,
					"rttvar":	49,
					"pmtu":	1400,
					"omitted":	false,
					"sender":	true
				}],
			"sum":	{
				"start":	5.000104,
				"end":	6.000089,
				"seconds":	0.9999849796295166,
				"bytes":	12500096,
				"bits_per_second":	100002270.07114565,
				"retransmits":	0,
				"omitted":	false,
				"sender":	true
			}
		}, {
			"streams":	[{
					"socket":	5,
					"start":	6.000089,
					"end":	7.000085,
					"seconds":	0.9999960064888,
					"bytes":	12499968,
					"bits_per_second":	100000143.35169247,
					"retransmits":	0,
					"snd_cwnd":	31004,
					"rtt":	291,
					"rttvar":	18,
					"pmtu":	1400,
					"omitted":	false,
					"sender":	true
				}],
			"sum":	{
				"start":	6.000089,
				"end":	7.000085,
				"seconds":	0.9999960064888,
				"bytes":	12499968,
				"bits_per_second":	100000143.35169247,
				"retransmits":	0,
				"omitted":	false,
				"sender":	true
			}
		}, {
			"streams":	[{
					"socket":	5,
					"start":	7.000085,
					"end":	8.000057,
					"seconds":	0.99997198581695557,
					"bytes":	12500352,
					"bits_per_second":	100005617.57567623,
					"retransmits":	0,
					"snd_cwnd":	31004,
					"rtt":	334,
					"rttvar":	72,
					"pmtu":	1400,
					"omitted":	false,
					"sender":	true
				}],
			"sum":	{
				"start":	7.000085,
				"end":	8.000057,
				"seconds":	0.99997198581695557,
				"bytes":	12500352,
				"bits_per_second":	100005617.57567623,
				"retransmits":	0,
				"omitted":	false,
				"sender":	true
			}
		}, {
			"streams":	[{
					"socket":	5,
					"start":	8.000057,
					"end":	9.000087,
					"seconds":	1.0000300407409668,
					"bytes":	12497920,
					"bits_per_second":	99980356.516008139,
					"retransmits":	0,
					"snd_cwnd":	31004,
					"rtt":	272,
					"rttvar":	24,
					"pmtu":	1400,
					"omitted":	false,
					"sender":	true
				}],
			"sum":	{
				"start":	8.000057,
				"end":	9.000087,
				"seconds":	1.0000300407409668,
				"bytes":	12497920,
				"bits_per_second":	99980356.516008139,
				"retransmits":	0,
				"omitted":	false,
				"sender":	true
			}
		}, {
			"streams":	[{
					"socket":	5,
					"start":	9.000087,
					"end":	10.000086,
					"seconds":	0.99999898672103882,
					"bytes":	12501504,
					"bits_per_second":	100012133.34019057,
					"retransmits":	0,
					"snd_cwnd":	31004,
					"rtt":	397,
					"rttvar":	56,
					"pmtu":	1400,
					"omitted":	false,
					"sender":	true
				}],
			"sum":	{
				"start":	9.000087,
				"end":	10.000086,
				"seconds":	0.99999898672103882,
				"bytes":	12501504,
				"bits_per_second":	100012133.34019057,
				"retransmits":	0,
				"omitted":	false,
				"sender":	true
			}
		}, {
			"streams":	[{
					"socket":	5,
					"start":	10.000086,
					"end":	11.000057,
					"seconds":	0.99997097253799438,
					"bytes":	12500352,
					"bits_per_second":	100005718.91220607,
					"retransmits":	0,
					"snd_cwnd":	31004,
					"rtt":	404,
					"rttvar":	56,
					"pmtu":	1400,
					"omitted":	false,
					"sender":	true
				}],
			"sum":	{
				"start":	10.000086,
				"end":	11.000057,
				"seconds":	0.99997097253799438,
				"bytes":	12500352,
				"bits_per_second":	100005718.91220607,
				"retransmits":	0,
				"omitted":	false,
				"sender":	true
			}
		}, {
			"streams":	[{
					"socket":	5,
					"start":	11.000057,
					"end":	12.000057,
					"seconds":	1,
					"bytes":	12500992,
					"bits_per_second":	100007936,
					"retransmits":	0,
					"snd_cwnd":	32352,
					"rtt":	328,
					"rttvar":	62,
					"pmtu":	1400,
					"omitted":	false,
					"sender":	true
				}],
			"sum":	{
				"start":	11.000057,
				"end":	12.000057,
				"seconds":	1,
				"bytes":	12500992,
				"bits_per_second":	100007936,
				"retransmits":	0,
				"omitted":	false,
				"sender":	true
			}
		}, {
			"streams":	[{
					"socket":	5,
					"start":	12.000057,
					"end":	13.000057,
					"seconds":	1,
					"bytes":	12500608,
					"bits_per_second":	100004864,
					"retransmits":	0,
					"snd_cwnd":	35048,
					"rtt":	424,
					"rttvar":	87,
					"pmtu":	1400,
					"omitted":	false,
					"sender":	true
				}],
			"sum":	{
				"start":	12.000057,
				"end":	13.000057,
				"seconds":	1,
				"bytes":	12500608,