{
	"start":	{
		"connected":	[{
				"socket":	5,
				"local_host":	"10.60.0.1",
				"local_port":	43145,
				"remote_host":	"172.16.10.3",
				"remote_port":	5201
			}],
		"version":	"iperf 3.7",
		"system_info":	"Linux ueransim1 5.4.0-169-generic #187-Ubuntu SMP Thu Nov 23 14:52:28 UTC 2023 x86_64",
		"timestamp":	{
			"time":	"Tue, 24 Jun 2025 10:17:33 GMT",
			"timesecs":	1750760253
		},
		"connecting_to":	{
			"host":	"172.16.10.3",
			"port":	5201
		},
		"cookie":	"2kcibie2oiifpccyfgmactei3e3khnjuq5ac",
		"tcp_mss_default":	1348,
		"target_bitrate":	500000000,
		"sock_bufsize":	0,
		"sndbuf_actual":	16384,
		"rcvbuf_actual":	131072,
		"test_start":	{
			"protocol":	"TCP",
			"num_streams":	1,
			"blksize":	64,
			"omit":	0,
			"duration":	30,
			"bytes":	0,
			"blocks":	0,
			"reverse":	0,
			"tos":	0
		}
	},
	"intervals":	[{
			"streams":	[{
					"socket":	5,
					"start":	0,
					"end":	1.000008,
					"seconds":	1.0000079870224,
					"bytes":	20772096,
					"bits_per_second":	166175440.75303239,
					"retransmits":	0,
					"snd_cwnd":	39092,
					"rtt":	1035,
					"rttvar":	83,
					"pmtu":	1400,
					"omitted":	false,
					"sender":	true
				}],
			"sum":	{
				"start":	0,
				"end":	1.000008,
				"seconds":	1.0000079870224,
				"bytes":	20772096,
				"bits_per_second":	166175440.75303239,
				"retransmits":	0,
				"omitted":	false,
				"sender":	true
			}
		}, {
			"streams":	[{
					"socket":	5,
					"start":	1.000008,
					"end":	2.000056,
					"seconds":	1.000048041343689,
					"bytes":	20969856,
					"bits_per_second":	167750789.02669027,
					"retransmits":	0,
					"snd_cwnd":	40440,
					"rtt":	769,
					"rttvar":	31,
					"pmtu":	1400,
					"omitted":	false,
					"sender":	true
				}],
			"sum":	{
				"start":	1.000008,
				"end":	2.000056,
				"seconds":	1.000048041343689,
				"bytes":	20969856,
				"bits_per_second":	167750789.02669027,
				"retransmits":	0,
				"omitted":	false,
				"sender":	true
			}
		}, {
			"streams":	[{
					"socket":	5,
					"start":	2.000056,
					"end":	3.000004,
					"seconds":	0.99994802474975586,
					"bytes":	20949504,
					"bits_per_second":	167604743.29847506,
					"retransmits":	0,
					"snd_cwnd":	40440,
					"rtt":	640,
					"rttvar":	61,
					"pmtu":	1400,
					"omitted":	false,
					"sender":	true
				}],
			"sum":	{
				"start":	2.000056,
				"end":	3.000004,
				"seconds":	0.99994802474975586,
				"bytes":	20949504,
				"bits_per_second":	167604743.29847506,
				"retransmits":	0,
				"omitted":	false,
				"sender":	true
			}
		}, {
			"streams":	[{
					"socket":	5,
					"start":	3.000004,
					"end":	4.000004,
					"seconds":	1,
					"bytes":	20944896,
					"bits_per_second":	167559168,
					"retransmits":	0,
					"snd_cwnd":	40440,
					"rtt":	835,
					"rttvar":	100,
					"pmtu":	1400,
					"omitted":	false,
					"sender":	true
				}],
			"sum":	{
				"start":	3.000004,
				"end":	4.000004,
				"seconds":	1,
				"bytes":	20944896,
				"bits_per_second":	167559168,
				"retransmits":	0,
				"omitted":	false,
				"sender":	true
			}
		}, {
			"streams":	[{
					"socket":	5,
					"start":	4.000004,
					"end":	5.000003,
					"seconds":	0.99999898672103882,
					"bytes":	20957504,
					"bits_per_second":	167660201.88655519,
					"retransmits":	0,
					"snd_cwnd":	40440,
					"rtt":	609,
					"rttvar":	64,
					"pmtu":	1400,
					"omitted":	false,
					"sender":	true
				}],
			"sum":	{
				"start":	4.000004,
				"end":	5.000003,
				"seconds":	0.99999898672103882,
				"bytes":	20957504,
				"bits_per_second":	167660201.88655519,
				"retransmits":	0,
				"omitted":	false,
				"sender":	true
			}
		}, {
			"streams":	[{
					"socket":	5,
					"start":	5.000003,
					"end":	6.000004,
					"seconds":	1.0000009536743164,
					"bytes":	20970368,
					"bits_per_second":	167762784.00894165,
					"retransmits":	0,
					"snd_cwnd":	40440,
					"rtt":	484,
					"rttvar":	76,
					"pmtu":	1400,
					"omitted":	false,
					"sender":	true
				}],
			"sum":	{
				"start":	5.000003,
				"end":	6.000004,
				"seconds":	1.0000009536743164,
				"bytes":	20970368,
				"bits_per_second":	167762784.00894165,
				"retransmits":	0,
				"omitted":	false,
				"sender":	true
			}
		}, {
			"streams":	[{
					"socket":	5,
					"start":	6.000004,
					"end":	7.000003,
					"seconds":	0.99999898672103882,
					"bytes":	20962304,
					"bits_per_second":	167698601.92546514,
					"retransmits":	0,
					"snd_cwnd":	40440,
					"rtt":	582,
					"rttvar":	113,
					"pmtu":	1400,
					"omitted":	false,
					"sender":	true
				}],
			"sum":	{
				"start":	6.000004,
				"end":	7.000003,
				"seconds":	0.99999898672103882,
				"bytes":	20962304,
				"bits_per_second":	167698601.92546514,
				"retransmits":	0,
				"omitted":	false,
				"sender":	true
			}
		}, {
			"streams":	[{
					"socket":	5,
					"start":	7.000003,
					"end":	8.000003,
					"seconds":	1,
					"bytes":	20954304,
					"bits_per_second":	167634432,
					"retransmits":	0,
					"snd_cwnd":	40440,
					"rtt":	740,
					"rttvar":	193,
					"pmtu":	1400,
					"omitted":	false,
					"sender":	true
				}],
			"sum":	{
				"start":	7.000003,
				"end":	8.000003,
				"seconds":	1,
				"bytes":	20954304,
				"bits_per_second":	167634432,
				"retransmits":	0,
				"omitted":	false,
				"sender":	true
			}
		}, {
			"streams":	[{
					"socket":	5,
					"start":	8.000003,
					"end":	9.000004,
					"seconds":	1.0000009536743164,
					"bytes":	20949632,
					"bits_per_second":	167596896.16714463,
					"retransmits":	0,
					"snd_cwnd":	40440,
					"rtt":	699,
					"rttvar":	61,
					"pmtu":	1400,
					"omitted":	false,
					"sender":	true
				}],
			"sum":	{
				"start":	8.000003,
				"end":	9.000004,
				"seconds":	1.0000009536743164,
				"bytes":	20949632,
				"bits_per_second":	167596896.16714463,
				"retransmits":	0,
				"omitted":	false,
				"sender":	true
			}
		}, {
			"streams":	[{
					"socket":	5,
					"start":	9.000004,
					"end":	10.000003,
					"seconds":	0.99999898672103882,
					"bytes":	20964032,
					"bits_per_second":	167712425.93947273,
					"retransmits":	0,
					"snd_cwnd":	40440,
					"rtt":	517,
					"rttvar":	50,
					"pmtu":	1400,
					"omitted":	false,
					"sender":	true
				}],
			"sum":	{
				"start":	9.000004,
				"end":	10.000003,
				"seconds":	0.99999898672103882,
				"bytes":	20964032,
				"bits_per_second":	167712425.93947273,
				"retransmits":	0,
				"omitted":	false,
				"sender":	true
			}
		}, {
			"streams":	[{
					"socket":	5,
					"start":	10.000003,
					"end":	11.000004,
					"seconds":	1.0000009536743164,
					"bytes":	20970240,
					"bits_per_second":	167761760.00991821,
					"retransmits":	0,
					"snd_cwnd":	40440,
					"rtt":	442,
					"rttvar":	118,
					"pmtu":	1400,
					"omitted":	false,
					"sender":	true
				}],
			"sum":	{
				"start":	10.000003,
				"end":	11.000004,
				"seconds":	1.0000009536743164,
				"bytes":	20970240,
				"bits_per_second":	167761760.00991821,
				"retransmits":	0,
				"omitted":	false,
				"sender":	true
			}
		}, {
			"streams":	[{
					"socket":	5,
					"start":	11.000004,
					"end":	12.000005,
					"seconds":	1.0000009536743164,
					"bytes":	20934912,
					"bits_per_second":	167479136.27944919,
					"retransmits":	0,
					"snd_cwnd":	40440,
					"rtt":	588,
					"rttvar":	53,
					"pmtu":	1400,
					"omitted":	false,
					"sender":	true
				}],
			"sum":	{
				"start":	11.000004,
				"end":	12.000005,
				"seconds":	1.0000009536743164,
				"bytes":	20934912,
				"bits_per_second":	167479136.27944919,
				"retransmits":	0,
				"omitted":	false,
				"sender":	true
			}
		}, {
			"streams":	[{
					"socket":	5,
					"start":	12.000005,
					"end":	13.000004,
					"seconds":	0.99999898672103882,
					"bytes":	21004288,
					"bits_per_second":	168034474.26579753,
					"retransmits":	0,
					"snd_cwnd":	62008,
					"rtt":	757,
					"rttvar":	25,
					"pmtu":	1400,
					"omitted":	false,
					"sender":	true
				}],
			"sum":	{
				"start":	12.000005,
				"end":	13.000004,