{
	"start":	{
		"connected":	[{
				"socket":	5,
				"local_host":	"10.60.0.1",
				"local_port":	33169,
				"remote_host":	"172.16.10.3",
				"remote_port":	5201
			}],
		"version":	"iperf 3.7",
		"system_info":	"Linux ueransim1 5.4.0-169-generic #187-Ubuntu SMP Thu Nov 23 14:52:28 UTC 2023 x86_64",
		"timestamp":	{
			"time":	"Tue, 24 Jun 2025 10:17:01 GMT",
			"timesecs":	1750760221
		},
		"connecting_to":	{
			"host":	"172.16.10.3",
			"port":	5201
		},
		"cookie":	"ksrhoiwghnki6fvxsy467f4r3pee3e4rz4by",
		"tcp_mss_default":	1348,
		"target_bitrate":	500000000,
		"sock_bufsize":	0,
		"sndbuf_actual":	16384,
		"rcvbuf_actual":	131072,
		"test_start":	{
			"protocol":	"TCP",
			"num_streams":	1,
			"blksize":	64,
			"omit":	0,
			"duration":	30,
			"bytes":	0,
			"blocks":	0,
			"reverse":	0,
			"tos":	0
		}
	},
	"intervals":	[{
			"streams":	[{
					"socket":	5,
					"start":	0,
					"end":	1.000002,
					"seconds":	1.0000020265579224,
					"bytes":	20718912,
					"bits_per_second":	165750960.09607866,
					"retransmits":	0,
					"snd_cwnd":	36396,
					"rtt":	478,
					"rttvar":	25,
					"pmtu":	1400,
					"omitted":	false,
					"sender":	true
				}],
			"sum":	{
				"start":	0,
				"end":	1.000002,
				"seconds":	1.0000020265579224,
				"bytes":	20718912,
				"bits_per_second":	165750960.09607866,
				"retransmits":	0,
				"omitted":	false,
				"sender":	true
			}
		}, {
			"streams":	[{
					"socket":	5,
					"start":	1.000002,
					"end":	2.000056,
					"seconds":	1.0000540018081665,
					"bytes":	20802432,
					"bits_per_second":	166410469.53374735,
					"retransmits":	0,
					"snd_cwnd":	37744,
					"rtt":	608,
					"rttvar":	23,
					"pmtu":	1400,
					"omitted":	false,
					"sender":	true
				}],
			"sum":	{
				"start":	1.000002,
				"end":	2.000056,
				"seconds":	1.0000540018081665,
				"bytes":	20802432,
				"bits_per_second":	166410469.53374735,
				"retransmits":	0,
				"omitted":	false,
				"sender":	true
			}
		}, {
			"streams":	[{
					"socket":	5,
					"start":	2.000056,
					"end":	3.000078,
					"seconds":	1.0000220537185669,
					"bytes":	20833216,
					"bits_per_second":	166662052.48199877,
					"retransmits":	0,
					"snd_cwnd":	37744,
					"rtt":	514,
					"rttvar":	106,
					"pmtu":	1400,
					"omitted":	false,
					"sender":	true
				}],
			"sum":	{
				"start":	2.000056,
				"end":	3.000078,
				"seconds":	1.0000220537185669,
				"bytes":	20833216,
				"bits_per_second":	166662052.48199877,
				"retransmits":	0,
				"omitted":	false,
				"sender":	true
			}
		}, {
			"streams":	[{
					"socket":	5,
					"start":	3.000078,
					"end":	4.000002,
					"seconds":	0.99992400407791138,
					"bytes":	20815296,
					"bits_per_second":	166535023.98270762,
					"retransmits":	0,
					"snd_cwnd":	37744,
					"rtt":	897,
					"rttvar":	174,
					"pmtu":	1400,
					"omitted":	false,
					"sender":	true
				}],
			"sum":	{
				"start":	3.000078,
				"end":	4.000002,
				"seconds":	0.99992400407791138,
				"bytes":	20815296,
				"bits_per_second":	166535023.98270762,
				"retransmits":	0,
				"omitted":	false,
				"sender":	true
			}
		}, {
			"streams":	[{
					"socket":	5,
					"start":	4.000002,
					"end":	5.000003,
					"seconds":	1.0000009536743164,
					"bytes":	20822784,
					"bits_per_second":	166582113.13491714,
					"retransmits":	0,
					"snd_cwnd":	37744,
					"rtt":	771,
					"rttvar":	36,
					"pmtu":	1400,
					"omitted":	false,
					"sender":	true
				}],
			"sum":	{
				"start":	4.000002,
				"end":	5.000003,
				"seconds":	1.0000009536743164,
				"bytes":	20822784,
				"bits_per_second":	166582113.13491714,
				"retransmits":	0,
				"omitted":	false,
				"sender":	true
			}
		}, {
			"streams":	[{
					"socket":	5,
					"start":	5.000003,
					"end":	6.000003,
					"seconds":	1,
					"bytes":	20860864,
					"bits_per_second":	166886912,
					"retransmits":	0,
					"snd_cwnd":	56616,
					"rtt":	629,
					"rttvar":	92,
					"pmtu":	1400,
					"omitted":	false,
					"sender":	true
				}],
			"sum":	{
				"start":	5.000003,
				"end":	6.000003,
				"seconds":	1,
				"bytes":	20860864,
				"bits_per_second":	166886912,
				"retransmits":	0,
				"omitted":	false,
				"sender":	true
			}
		}, {
			"streams":	[{
					"socket":	5,
					"start":	6.000003,
					"end":	7.000003,
					"seconds":	1,
					"bytes":	20810432,
					"bits_per_second":	166483456,
					"retransmits":	0,
					"snd_cwnd":	56616,
					"rtt":	564,
					"rttvar":	94,
					"pmtu":	1400,
					"omitted":	false,
					"sender":	true
				}],
			"sum":	{
				"start":	6.000003,
				"end":	7.000003,
				"seconds":	1,
				"bytes":	20810432,
				"bits_per_second":	166483456,
				"retransmits":	0,
				"omitted":	false,
				"sender":	true
			}
		}, {
			"streams":	[{
					"socket":	5,
					"start":	7.000003,
					"end":	8.000003,
					"seconds":	1,
					"bytes":	20828288,
					"bits_per_second":	166626304,
					"retransmits":	0,
					"snd_cwnd":	56616,
					"rtt":	578,
					"rttvar":	137,
					"pmtu":	1400,
					"omitted":	false,
					"sender":	true
				}],
			"sum":	{
				"start":	7.000003,
				"end":	8.000003,
				"seconds":	1,
				"bytes":	20828288,
				"bits_per_second":	166626304,
				"retransmits":	0,
				"omitted":	false,
				"sender":	true
			}
		}, {
			"streams":	[{
					"socket":	5,
					"start":	8.000003,
					"end":	9.000003,
					"seconds":	1,
					"bytes":	20833344,
					"bits_per_second":	166666752,
					"retransmits":	0,
					"snd_cwnd":	56616,
					"rtt":	562,
					"rttvar":	156,
					"pmtu":	1400,
					"omitted":	false,
					"sender":	true
				}],
			"sum":	{
				"start":	8.000003,
				"end":	9.000003,
				"seconds":	1,
				"bytes":	20833344,
				"bits_per_second":	166666752,
				"retransmits":	0,
				"omitted":	false,
				"sender":	true
			}
		}, {
			"streams":	[{
					"socket":	5,
					"start":	9.000003,
					"end":	10.000003,
					"seconds":	1,
					"bytes":	20522624,
					"bits_per_second":	164180992,
					"retransmits":	0,
					"snd_cwnd":	56616,
					"rtt":	638,
					"rttvar":	108,
					"pmtu":	1400,
					"omitted":	false,
					"sender":	true
				}],
			"sum":	{
				"start":	9.000003,
				"end":	10.000003,
				"seconds":	1,
				"bytes":	20522624,
				"bits_per_second":	164180992,
				"retransmits":	0,
				"omitted":	false,
				"sender":	true
			}
		}, {
			"streams":	[{
					"socket":	5,
					"start":	10.000003,
					"end":	11.000003,
					"seconds":	1,
					"bytes":	18651264,
					"bits_per_second":	149210112,
					"retransmits":	0,
					"snd_cwnd":	56616,
					"rtt":	566,
					"rttvar":	87,
					"pmtu":	1400,
					"omitted":	false,
					"sender":	true
				}],
			"sum":	{
				"start":	10.000003,
				"end":	11.000003,
				"seconds":	1,
				"bytes":	18651264,
				"bits_per_second":	149210112,
				"retransmits":	0,
				"omitted":	false,
				"sender":	true
			}
		}, {
			"streams":	[{
					"socket":	5,
					"start":	11.000003,
					"end":	12.000003,
					"seconds":	1,
					"bytes":	19638144,
					"bits_per_second":	157105152,
					"retransmits":	0,
					"snd_cwnd":	56616,
					"rtt":	790,
					"rttvar":	204,
					"pmtu":	1400,
					"omitted":	false,
					"sender":	true
				}],
			"sum":	{
				"start":	11.000003,
				"end":	12.000003,
				"seconds":	1,
				"bytes":	19638144,
				"bits_per_second":	157105152,
				"retransmits":	0,
				"omitted":	false,
				"sender":	true
			}
		}, {
			"streams":	[{
					"socket":	5,
					"start":	12.000003,
					"end":	13.000003,
					"seconds":	1,
					"bytes":	19641600,
					"bits_per_second":	157132800,
					"retransmits":	0,
					"snd_cwnd":	56616,
					"rtt":	780,
					"rttvar":	58,
					"pmtu":	1400,
					"omitted":	false,
					"sender":	true
				}],
			"sum":	{
				"start":	12.000003,
				"end":	13.000003,
				"seconds":	1,
				"bytes":	19641600,
				"bits_per_second":	157132800,
				"retransmits":	0,
				"omitted":	false,
				"sender":	true
			}
		}, {
			"streams":	[{
					"socket":	5,
					"start":	13.000003,
					"end":	14.000063,
					"seconds":	1.000059962272644,
					"bytes":	19659392,