{
	"start":	{
		"connected":	[{
				"socket":	5,
				"local_host":	"10.60.0.1",
				"local_port":	52985,
				"remote_host":	"172.16.10.3",
				"remote_port":	5201
			}],
		"version":	"iperf 3.7",
		"system_info":	"Linux ueransim1 5.4.0-169-generic #187-Ubuntu SMP Thu Nov 23 14:52:28 UTC 2023 x86_64",
		"timestamp":	{
			"time":	"Tue, 24 Jun 2025 10:21:17 GMT",
			"timesecs":	1750760477
		},
		"connecting_to":	{
			"host":	"172.16.10.3",
			"port":	5201
		},
		"cookie":	"upzeafz4fw7jnmtv6ontfdvsppmfedo6crtn",
		"tcp_mss_default":	1348,
		"target_bitrate":	500000000,
		"sock_bufsize":	0,
		"sndbuf_actual":	16384,
		"rcvbuf_actual":	131072,
		"test_start":	{
			"protocol":	"TCP",
			"num_streams":	1,
			"blksize":	512,
			"omit":	0,
			"duration":	30,
			"bytes":	0,
			"blocks":	0,
			"reverse":	0,
			"tos":	0
		}
	},
	"intervals":	[{
			"streams":	[{
					"socket":	5,
					"start":	0,
					"end":	1.000085,
					"seconds":	1.0000849962234497,
					"bytes":	62461440,
					"bits_per_second":	499649051.71755379,
					"retransmits":	0,
					"snd_cwnd":	82228,
					"rtt":	347,
					"rttvar":	13,
					"pmtu":	1400,
					"omitted":	false,
					"sender":	true
				}],
			"sum":	{
				"start":	0,
				"end":	1.000085,
				"seconds":	1.0000849962234497,
				"bytes":	62461440,
				"bits_per_second":	499649051.71755379,
				"retransmits":	0,
				"omitted":	false,
				"sender":	true
			}
		}, {
			"streams":	[{
					"socket":	5,
					"start":	1.000085,
					"end":	2.000086,
					"seconds":	1.0000009536743164,
					"bytes":	62507008,
					"bits_per_second":	500055587.10982978,
					"retransmits":	0,
					"snd_cwnd":	94360,
					"rtt":	518,
					"rttvar":	30,
					"pmtu":	1400,
					"omitted":	false,
					"sender":	true
				}],
			"sum":	{
				"start":	1.000085,
				"end":	2.000086,
				"seconds":	1.0000009536743164,
				"bytes":	62507008,
				"bits_per_second":	500055587.10982978,
				"retransmits":	0,
				"omitted":	false,
				"sender":	true
			}
		}, {
			"streams":	[{
					"socket":	5,
					"start":	2.000086,
					"end":	3.00001,
					"seconds":	0.99992400407791138,
					"bytes":	62531584,
					"bits_per_second":	500290692.05245489,
					"retransmits":	0,
					"snd_cwnd":	106492,
					"rtt":	350,
					"rttvar":	17,
					"pmtu":	1400,
					"omitted":	false,
					"sender":	true
				}],
			"sum":	{
				"start":	2.000086,
				"end":	3.00001,
				"seconds":	0.99992400407791138,
				"bytes":	62531584,
				"bits_per_second":	500290692.05245489,
				"retransmits":	0,
				"omitted":	false,
				"sender":	true
			}
		}, {
			"streams":	[{
					"socket":	5,
					"start":	3.00001,
					"end":	4.000088,
					"seconds":	1.0000779628753662,
					"bytes":	62462976,
					"bits_per_second":	499664852.69136477,
					"retransmits":	0,
					"snd_cwnd":	111884,
					"rtt":	339,
					"rttvar":	14,
					"pmtu":	1400,
					"omitted":	false,
					"sender":	true
				}],
			"sum":	{
				"start":	3.00001,
				"end":	4.000088,
				"seconds":	1.0000779628753662,
				"bytes":	62462976,
				"bits_per_second":	499664852.69136477,
				"retransmits":	0,
				"omitted":	false,
				"sender":	true
			}
		}, {
			"streams":	[{
					"socket":	5,
					"start":	4.000088,
					"end":	5.000086,
					"seconds":	0.99999797344207764,
					"bytes":	62502400,
					"bits_per_second":	500020213.31992465,
					"retransmits":	0,
					"snd_cwnd":	111884,
					"rtt":	431,
					"rttvar":	25,
					"pmtu":	1400,
					"omitted":	false,
					"sender":	true
				}],
			"sum":	{
				"start":	4.000088,
				"end":	5.000086,
				"seconds":	0.99999797344207764,
				"bytes":	62502400,
				"bits_per_second":	500020213.31992465,
				"retransmits":	0,
				"omitted":	false,
				"sender":	true
			}
		}, {
			"streams":	[{
					"socket":	5,
					"start":	5.000086,
					"end":	6.000009,
					"seconds":	0.9999229907989502,
					"bytes":	62502400,
					"bits_per_second":	500057709.04465234,
					"retransmits":	0,
					"snd_cwnd":	118624,
					"rtt":	301,
					"rttvar":	24,
					"pmtu":	1400,
					"omitted":	false,
					"sender":	true
				}],
			"sum":	{
				"start":	5.000086,
				"end":	6.000009,
				"seconds":	0.9999229907989502,
				"bytes":	62502400,
				"bits_per_second":	500057709.04465234,
				"retransmits":	0,
				"omitted":	false,
				"sender":	true
			}
		}, {
			"streams":	[{
					"socket":	5,
					"start":	6.000009,
					"end":	7.000085,
					"seconds":	1.0000760555267334,
					"bytes":	62497792,
					"bits_per_second":	499944312.47197759,
					"retransmits":	0,
					"snd_cwnd":	118624,
					"rtt":	381,
					"rttvar":	44,
					"pmtu":	1400,
					"omitted":	false,
					"sender":	true
				}],
			"sum":	{
				"start":	6.000009,
				"end":	7.000085,
				"seconds":	1.0000760555267334,
				"bytes":	62497792,
				"bits_per_second":	499944312.47197759,
				"retransmits":	0,
				"omitted":	false,
				"sender":	true
			}
		}, {
			"streams":	[{
					"socket":	5,
					"start":	7.000085,
					"end":	8.000086,
					"seconds":	1.0000009536743164,
					"bytes":	62497792,
					"bits_per_second":	499981859.18014222,
					"retransmits":	0,
					"snd_cwnd":	134800,
					"rtt":	356,
					"rttvar":	23,
					"pmtu":	1400,
					"omitted":	false,
					"sender":	true
				}],
			"sum":	{
				"start":	7.000085,
				"end":	8.000086,
				"seconds":	1.0000009536743164,
				"bytes":	62497792,
				"bits_per_second":	499981859.18014222,
				"retransmits":	0,
				"omitted":	false,
				"sender":	true
			}
		}, {
			"streams":	[{
					"socket":	5,
					"start":	8.000086,
					"end":	9.000086,
					"seconds":	1,
					"bytes":	62499328,
					"bits_per_second":	499994624,
					"retransmits":	0,
					"snd_cwnd":	134800,
					"rtt":	470,
					"rttvar":	26,
					"pmtu":	1400,
					"omitted":	false,
					"sender":	true
				}],
			"sum":	{
				"start":	8.000086,
				"end":	9.000086,
				"seconds":	1,
				"bytes":	62499328,
				"bits_per_second":	499994624,
				"retransmits":	0,
				"omitted":	false,
				"sender":	true
			}
		}, {
			"streams":	[{
					"socket":	5,
					"start":	9.000086,
					"end":	10.000087,
					"seconds":	1.0000009536743164,
					"bytes":	62484992,
					"bits_per_second":	499879459.27779841,
					"retransmits":	0,
					"snd_cwnd":	134800,
					"rtt":	366,
					"rttvar":	23,
					"pmtu":	1400,
					"omitted":	false,
					"sender":	true
				}],
			"sum":	{
				"start":	9.000086,
				"end":	10.000087,
				"seconds":	1.0000009536743164,
				"bytes":	62484992,
				"bits_per_second":	499879459.27779841,
				"retransmits":	0,
				"omitted":	false,
				"sender":	true
			}
		}, {
			"streams":	[{
					"socket":	5,
					"start":	10.000087,
					"end":	11.000086,
					"seconds":	0.99999898672103882,
					"bytes":	62515200,
					"bits_per_second":	500122106.76320881,
					"retransmits":	0,
					"snd_cwnd":	134800,
					"rtt":	351,
					"rttvar":	13,
					"pmtu":	1400,
					"omitted":	false,
					"sender":	true
				}],
			"sum":	{
				"start":	10.000087,
				"end":	11.000086,
				"seconds":	0.99999898672103882,
				"bytes":	62515200,
				"bits_per_second":	500122106.76320881,
				"retransmits":	0,
				"omitted":	false,
				"sender":	true
			}
		}, {
			"streams":	[{
					"socket":	5,
					"start":	11.000086,
					"end":	12.000056,
					"seconds":	0.999970018863678,
					"bytes":	62502400,
					"bits_per_second":	500034191.5932638,
					"retransmits":	0,
					"snd_cwnd":	134800,
					"rtt":	502,
					"rttvar":	61,
					"pmtu":	1400,
					"omitted":	false,
					"sender":	true
				}],
			"sum":	{
				"start":	11.000086,
				"end":	12.000056,
				"seconds":	0.999970018863678,
				"bytes":	62502400,
				"bits_per_second":	500034191.5932638,
				"retransmits":	0,
				"omitted":	false,
				"sender":	true
			}
		}, {
			"streams":	[{
					"socket":	5,
					"start":	12.000056,
					"end":	13.000057,
					"seconds":	1.0000009536743164,
					"bytes":	62497792,
					"bits_per_second":	499981859.18014222,
					"retransmits":	0,
					"snd_cwnd":	134800,
					"rtt":	524,
					"rttvar":	61,
					"pmtu":	1400,
					"omitted":	false,
					"sender":	true
				}],