{
	"start":	{
		"connected":	[{
				"socket":	5,
				"local_host":	"10.60.0.1",
				"local_port":	33819,
				"remote_host":	"172.16.10.3",
				"remote_port":	5201
			}],
		"version":	"iperf 3.7",
		"system_info":	"Linux ueransim1 5.4.0-169-generic #187-Ubuntu SMP Thu Nov 23 14:52:28 UTC 2023 x86_64",
		"timestamp":	{
			"time":	"Tue, 24 Jun 2025 10:28:13 GMT",
			"timesecs":	1750760893
		},
		"connecting_to":	{
			"host":	"172.16.10.3",
			"port":	5201
		},
		"cookie":	"u7e3wlodqdbhixp3fn3hhqsw7lpa5nq6istu",
		"tcp_mss_default":	1348,
		"target_bitrate":	1000000000,
		"sock_bufsize":	0,
		"sndbuf_actual":	16384,
		"rcvbuf_actual":	131072,
		"test_start":	{
			"protocol":	"TCP",
			"num_streams":	1,
			"blksize":	1518,
			"omit":	0,
			"duration":	30,
			"bytes":	0,
			"blocks":	0,
			"reverse":	0,
			"tos":	0
		}
	},
	"intervals":	[{
			"streams":	[{
					"socket":	5,
					"start":	0,
					"end":	1.000022,
					"seconds":	1.0000220537185669,
					"bytes":	118224876,
					"bits_per_second":	945778150.07485151,
					"retransmits":	4,
					"snd_cwnd":	644344,
					"rtt":	5313,
					"rttvar":	125,
					"pmtu":	1400,
					"omitted":	false,
					"sender":	true
				}],
			"sum":	{
				"start":	0,
				"end":	1.000022,
				"seconds":	1.0000220537185669,
				"bytes":	118224876,
				"bits_per_second":	945778150.07485151,
				"retransmits":	4,
				"omitted":	false,
				"sender":	true
			}
		}, {
			"streams":	[{
					"socket":	5,
					"start":	1.000022,
					"end":	2.000028,
					"seconds":	1.0000059604644775,
					"bytes":	117156204,
					"bits_per_second":	937244045.59015942,
					"retransmits":	0,
					"snd_cwnd":	762968,
					"rtt":	6249,
					"rttvar":	127,
					"pmtu":	1400,
					"omitted":	false,
					"sender":	true
				}],
			"sum":	{
				"start":	1.000022,
				"end":	2.000028,
				"seconds":	1.0000059604644775,
				"bytes":	117156204,
				"bits_per_second":	937244045.59015942,
				"retransmits":	0,
				"omitted":	false,
				"sender":	true
			}
		}, {
			"streams":	[{
					"socket":	5,
					"start":	2.000028,
					"end":	3.000004,
					"seconds":	0.99997597932815552,
					"bytes":	117188082,
					"bits_per_second":	937527176.03264081,
					"retransmits":	1,
					"snd_cwnd":	609296,
					"rtt":	4961,
					"rttvar":	89,
					"pmtu":	1400,
					"omitted":	false,
					"sender":	true
				}],
			"sum":	{
				"start":	2.000028,
				"end":	3.000004,
				"seconds":	0.99997597932815552,
				"bytes":	117188082,
				"bits_per_second":	937527176.03264081,
				"retransmits":	1,
				"omitted":	false,
				"sender":	true
			}
		}, {
			"streams":	[{
					"socket":	5,
					"start":	3.000004,
					"end":	4.00001,
					"seconds":	1.0000059604644775,
					"bytes":	117171384,
					"bits_per_second":	937365484.866325,
					"retransmits":	0,
					"snd_cwnd":	733312,
					"rtt":	6008,
					"rttvar":	71,
					"pmtu":	1400,
					"omitted":	false,
					"sender":	true
				}],
			"sum":	{
				"start":	3.000004,
				"end":	4.00001,
				"seconds":	1.0000059604644775,
				"bytes":	117171384,
				"bits_per_second":	937365484.866325,
				"retransmits":	0,
				"omitted":	false,
				"sender":	true
			}
		}, {
			"streams":	[{
					"socket":	5,
					"start":	4.00001,
					"end":	5.000005,
					"seconds":	0.99999499320983887,
					"bytes":	117177456,
					"bits_per_second":	937424341.48696971,
					"retransmits":	1,
					"snd_cwnd":	603904,
					"rtt":	4902,
					"rttvar":	51,
					"pmtu":	1400,
					"omitted":	false,
					"sender":	true
				}],
			"sum":	{
				"start":	4.00001,
				"end":	5.000005,
				"seconds":	0.99999499320983887,
				"bytes":	117177456,
				"bits_per_second":	937424341.48696971,
				"retransmits":	1,
				"omitted":	false,
				"sender":	true
			}
		}, {
			"streams":	[{
					"socket":	5,
					"start":	5.000005,
					"end":	6.000018,
					"seconds":	1.000012993812561,
					"bytes":	117169866,
					"bits_per_second":	937346748.292048,
					"retransmits":	0,
					"snd_cwnd":	729268,
					"rtt":	5947,
					"rttvar":	69,
					"pmtu":	1400,
					"omitted":	false,
					"sender":	true
				}],
			"sum":	{
				"start":	5.000005,
				"end":	6.000018,
				"seconds":	1.000012993812561,
				"bytes":	117169866,
				"bits_per_second":	937346748.292048,
				"retransmits":	0,
				"omitted":	false,
				"sender":	true
			}
		}, {
			"streams":	[{
					"socket":	5,
					"start":	6.000018,
					"end":	7.000034,
					"seconds":	1.0000159740447998,
					"bytes":	117134952,
					"bits_per_second":	937064647.28734386,
					"retransmits":	1,
					"snd_cwnd":	585032,
					"rtt":	5734,
					"rttvar":	52,
					"pmtu":	1400,
					"omitted":	false,
					"sender":	true
				}],
			"sum":	{
				"start":	6.000018,
				"end":	7.000034,
				"seconds":	1.0000159740447998,
				"bytes":	117134952,
				"bits_per_second":	937064647.28734386,
				"retransmits":	1,
				"omitted":	false,
				"sender":	true
			}
		}, {
			"streams":	[{
					"socket":	5,
					"start":	7.000034,
					"end":	8.000003,
					"seconds":	0.9999690055847168,
					"bytes":	117203262,
					"bits_per_second":	937655158.07336175,
					"retransmits":	0,
					"snd_cwnd":	713092,
					"rtt":	5857,
					"rttvar":	155,
					"pmtu":	1400,
					"omitted":	false,
					"sender":	true
				}],
			"sum":	{
				"start":	7.000034,
				"end":	8.000003,
				"seconds":	0.9999690055847168,
				"bytes":	117203262,
				"bits_per_second":	937655158.07336175,
				"retransmits":	0,
				"omitted":	false,
				"sender":	true
			}
		}, {
			"streams":	[{
					"socket":	5,
					"start":	8.000003,
					"end":	9.000032,
					"seconds":	1.0000289678573608,
					"bytes":	116318268,
					"bits_per_second":	930519188.85286582,
					"retransmits":	0,
					"snd_cwnd":	815540,
					"rtt":	6703,
					"rttvar":	91,
					"pmtu":	1400,
					"omitted":	false,
					"sender":	true
				}],
			"sum":	{
				"start":	8.000003,
				"end":	9.000032,
				"seconds":	1.0000289678573608,
				"bytes":	116318268,
				"bits_per_second":	930519188.85286582,
				"retransmits":	0,
				"omitted":	false,
				"sender":	true
			}
		}, {
			"streams":	[{
					"socket":	5,
					"start":	9.000032,
					"end":	10.000025,
					"seconds":	0.99999302625656128,
					"bytes":	117166830,
					"bits_per_second":	937341176.77688134,
					"retransmits":	1,
					"snd_cwnd":	694220,
					"rtt":	5652,
					"rttvar":	123,
					"pmtu":	1400,
					"omitted":	false,
					"sender":	true
				}],
			"sum":	{
				"start":	9.000032,
				"end":	10.000025,
				"seconds":	0.99999302625656128,
				"bytes":	117166830,
				"bits_per_second":	937341176.77688134,
				"retransmits":	1,
				"omitted":	false,
				"sender":	true
			}
		}, {
			"streams":	[{
					"socket":	5,
					"start":	10.000025,
					"end":	11.000009,
					"seconds":	0.9999840259552002,
					"bytes":	117182010,
					"bits_per_second":	937471055.20463431,
					"retransmits":	0,
					"snd_cwnd":	804756,
					"rtt":	6625,
					"rttvar":	90,
					"pmtu":	1400,
					"omitted":	false,
					"sender":	true
				}],
			"sum":	{
				"start":	10.000025,
				"end":	11.000009,
				"seconds":	0.9999840259552002,
				"bytes":	117182010,
				"bits_per_second":	937471055.20463431,
				"retransmits":	0,
				"omitted":	false,
				"sender":	true
			}
		}, {
			"streams":	[{
					"socket":	5,
					"start":	11.000009,
					"end":	12.000006,
					"seconds":	0.99999701976776123,
					"bytes":	116882964,
					"bits_per_second":	935066498.71532488,
					"retransmits":	1,
					"snd_cwnd":	668608,
					"rtt":	5497,
					"rttvar":	177,
					"pmtu":	1400,
					"omitted":	false,
					"sender":	true
				}],
			"sum":	{
				"start":	11.000009,
				"end":	12.000006,
				"seconds":	0.99999701976776123,
				"bytes":	116882964,
				"bits_per_second":	935066498.71532488,
				"retransmits":	1,
				"omitted":	false,
				"sender":	true
			}
		}, {
			"streams":	[{
					"socket":	5,
					"start":	12.000006,
					"end":	13.000038,
					"seconds":	1.0000319480895996,
					"bytes":	117177456,
					"bits_per_second":	937389700.18986857,
					"retransmits":	0,
					"snd_cwnd":	780492,
					"rtt":	6545,