{
	"start":	{
		"connected":	[{
				"socket":	5,
				"local_host":	"10.60.0.1",
				"local_port":	52695,
				"remote_host":	"172.16.10.3",
				"remote_port":	5201
			}],
		"version":	"iperf 3.7",
		"system_info":	"Linux ueransim1 5.4.0-169-generic #187-Ubuntu SMP Thu Nov 23 14:52:28 UTC 2023 x86_64",
		"timestamp":	{
			"time":	"Tue, 24 Jun 2025 10:13:17 GMT",
			"timesecs":	1750759997
		},
		"connecting_to":	{
			"host":	"172.16.10.3",
			"port":	5201
		},
		"cookie":	"4i5mmssr6yidtw63h5rkdm45yvh5mbxo6ogh",
		"tcp_mss_default":	1348,
		"target_bitrate":	100000000,
		"sock_bufsize":	0,
		"sndbuf_actual":	16384,
		"rcvbuf_actual":	131072,
		"test_start":	{
			"protocol":	"TCP",
			"num_streams":	1,
			"blksize":	128,
			"omit":	0,
			"duration":	30,
			"bytes":	0,
			"blocks":	0,
			"reverse":	0,
			"tos":	0
		}
	},
	"intervals":	[{
			"streams":	[{
					"socket":	5,
					"start":	0,
					"end":	1.000056,
					"seconds":	1.0000560283660889,
					"bytes":	12491776,
					"bits_per_second":	99928609.163303047,
					"retransmits":	0,
					"snd_cwnd":	33700,
					"rtt":	313,
					"rttvar":	54,
					"pmtu":	1400,
					"omitted":	false,
					"sender":	true
				}],
			"sum":	{
				"start":	0,
				"end":	1.000056,
				"seconds":	1.0000560283660889,
				"bytes":	12491776,
				"bits_per_second":	99928609.163303047,
				"retransmits":	0,
				"omitted":	false,
				"sender":	true
			}
		}, {
			"streams":	[{
					"socket":	5,
					"start":	1.000056,
					"end":	2.000081,
					"seconds":	1.0000250339508057,
					"bytes":	12504448,
					"bits_per_second":	100033079.77680193,
					"retransmits":	0,
					"snd_cwnd":	33700,
					"rtt":	295,
					"rttvar":	30,
					"pmtu":	1400,
					"omitted":	false,
					"sender":	true
				}],
			"sum":	{
				"start":	1.000056,
				"end":	2.000081,
				"seconds":	1.0000250339508057,
				"bytes":	12504448,
				"bits_per_second":	100033079.77680193,
				"retransmits":	0,
				"omitted":	false,
				"sender":	true
			}
		}, {
			"streams":	[{
					"socket":	5,
					"start":	2.000081,
					"end":	3.000088,
					"seconds":	1.0000070333480835,
					"bytes":	12496128,
					"bits_per_second":	99968320.888001874,
					"retransmits":	0,
					"snd_cwnd":	36396,
					"rtt":	286,
					"rttvar":	19,
					"pmtu":	1400,
					"omitted":	false,
					"sender":	true
				}],
			"sum":	{
				"start":	2.000081,
				"end":	3.000088,
				"seconds":	1.0000070333480835,
				"bytes":	12496128,
				"bits_per_second":	99968320.888001874,
				"retransmits":	0,
				"omitted":	false,
				"sender":	true
			}
		}, {
			"streams":	[{
					"socket":	5,
					"start":	3.000088,
					"end":	4.000089,
					"seconds":	1.0000009536743164,
					"bytes":	12499712,
					"bits_per_second":	99997600.634856567,
					"retransmits":	0,
					"snd_cwnd":	49876,
					"rtt":	317,
					"rttvar":	29,
					"pmtu":	1400,
					"omitted":	false,
					"sender":	true
				}],
			"sum":	{
				"start":	3.000088,
				"end":	4.000089,
				"seconds":	1.0000009536743164,
				"bytes":	12499712,
				"bits_per_second":	99997600.634856567,
				"retransmits":	0,
				"omitted":	false,
				"sender":	true
			}
		}, {
			"streams":	[{
					"socket":	5,
					"start":	4.000089,
					"end":	5.000087,
					"seconds":	0.99999797344207764,
					"bytes":	12499840,
					"bits_per_second":	99998922.653608933,
					"retransmits":	0,
					"snd_cwnd":	49876,
					"rtt":	341,
					"rttvar":	40,
					"pmtu":	1400,
					"omitted":	false,
					"sender":	true
				}],
			"sum":	{
				"start":	4.000089,
				"end":	5.000087,
				"seconds":	0.99999797344207764,
				"bytes":	12499840,
				"bits_per_second":	99998922.653608933,
				"retransmits":	0,
				"omitted":	false,
				"sender":	true
			}
		}, {
			"streams":	[{
					"socket":	5,
					"start":	5.000087,
					"end":	6.000087,
					"seconds":	1,
					"bytes":	12499968,
					"bits_per_second":	99999744,
					"retransmits":	0,
					"snd_cwnd":	49876,
					"rtt":	301,
					"rttvar":	25,
					"pmtu":	1400,
					"omitted":	false,
					"sender":	true
				}],
			"sum":	{
				"start":	5.000087,
				"end":	6.000087,
				"seconds":	1,
				"bytes":	12499968,
				"bits_per_second":	99999744,
				"retransmits":	0,
				"omitted":	false,
				"sender":	true
			}
		}, {
			"streams":	[{
					"socket":	5,
					"start":	6.000087,
					"end":	7.000085,
					"seconds":	0.99999797344207764,
					"bytes":	12499840,
					"bits_per_second":	99998922.653608933,
					"retransmits":	0,
					"snd_cwnd":	49876,
					"rtt":	330,
					"rttvar":	79,
					"pmtu":	1400,
					"omitted":	false,
					"sender":	true
				}],
			"sum":	{
				"start":	6.000087,
				"end":	7.000085,
				"seconds":	0.99999797344207764,
				"bytes":	12499840,
				"bits_per_second":	99998922.653608933,
				"retransmits":	0,
				"omitted":	false,
				"sender":	true
			}
		}, {
			"streams":	[{
					"socket":	5,
					"start":	7.000085,
					"end":	8.000086,
					"seconds":	1.0000009536743164,
					"bytes":	12498304,
					"bits_per_second":	99986336.645598754,
					"retransmits":	0,
					"snd_cwnd":	49876,
					"rtt":	306,
					"rttvar":	35,
					"pmtu":	1400,
					"omitted":	false,
					"sender":	true
				}],
			"sum":	{
				"start":	7.000085,
				"end":	8.000086,
				"seconds":	1.0000009536743164,
				"bytes":	12498304,
				"bits_per_second":	99986336.645598754,
				"retransmits":	0,
				"omitted":	false,
				"sender":	true
			}
		}, {
			"streams":	[{
					"socket":	5,
					"start":	8.000086,
					"end":	9.000091,
					"seconds":	1.0000050067901611,
					"bytes":	12501760,
					"bits_per_second":	100013579.25299542,
					"retransmits":	0,
					"snd_cwnd":	49876,
					"rtt":	313,
					"rttvar":	24,
					"pmtu":	1400,
					"omitted":	false,
					"sender":	true
				}],
			"sum":	{
				"start":	8.000086,
				"end":	9.000091,
				"seconds":	1.0000050067901611,
				"bytes":	12501760,
				"bits_per_second":	100013579.25299542,
				"retransmits":	0,
				"omitted":	false,
				"sender":	true
			}
		}, {
			"streams":	[{
					"socket":	5,
					"start":	9.000091,
					"end":	10.000087,
					"seconds":	0.9999960064888,
					"bytes":	12500096,
					"bits_per_second":	100001167.35578184,
					"retransmits":	0,
					"snd_cwnd":	49876,
					"rtt":	335,
					"rttvar":	72,
					"pmtu":	1400,
					"omitted":	false,
					"sender":	true
				}],
			"sum":	{
				"start":	9.000091,
				"end":	10.000087,
				"seconds":	0.9999960064888,
				"bytes":	12500096,
				"bits_per_second":	100001167.35578184,
				"retransmits":	0,
				"omitted":	false,
				"sender":	true
			}
		}, {
			"streams":	[{
					"socket":	5,
					"start":	10.000087,
					"end":	11.000087,
					"seconds":	1,
					"bytes":	12500096,
					"bits_per_second":	100000768,
					"retransmits":	0,
					"snd_cwnd":	49876,
					"rtt":	342,
					"rttvar":	77,
					"pmtu":	1400,
					"omitted":	false,
					"sender":	true
				}],
			"sum":	{
				"start":	10.000087,
				"end":	11.000087,
				"seconds":	1,
				"bytes":	12500096,
				"bits_per_second":	100000768,
				"retransmits":	0,
				"omitted":	false,
				"sender":	true
			}
		}, {
			"streams":	[{
					"socket":	5,
					"start":	11.000087,
					"end":	12.000087,
					"seconds":	1,
					"bytes":	12499712,
					"bits_per_second":	99997696,
					"retransmits":	0,
					"snd_cwnd":	49876,
					"rtt":	359,
					"rttvar":	51,
					"pmtu":	1400,
					"omitted":	false,
					"sender":	true
				}],
			"sum":	{
				"start":	11.000087,
				"end":	12.000087,
				"seconds":	1,
				"bytes":	12499712,
				"bits_per_second":	99997696,
				"retransmits":	0,
				"omitted":	false,
				"sender":	true
			}
		}, {
			"streams":	[{
					"socket":	5,
					"start":	12.000087,
					"end":	13.000086,
					"seconds":	0.99999898672103882,
					"bytes":	12498560,
					"bits_per_second":	99988581.316325814,
					"retransmits":	0,
					"snd_cwnd":	49876,
					"rtt":	315,
					"rttvar":	56,
					"pmtu":	1400,
					"omitted":	false,
					"sender":	true
				}],
			"sum":	{
				"start":	12.000087,
				"end":	13.000086,
				"seconds":	0.99999898672103882,
				"bytes":	12498560,