{
	"start":	{
		"connected":	[{
				"socket":	5,
				"local_host":	"10.60.0.1",
				"local_port":	48249,
				"remote_host":	"172.16.10.3",
				"remote_port":	5201
			}],
		"version":	"iperf 3.7",
		"system_info":	"Linux ueransim1 5.4.0-169-generic #187-Ubuntu SMP Thu Nov 23 14:52:28 UTC 2023 x86_64",
		"timestamp":	{
			"time":	"Tue, 24 Jun 2025 10:13:49 GMT",
			"timesecs":	1750760029
		},
		"connecting_to":	{
			"host":	"172.16.10.3",
			"port":	5201
		},
		"cookie":	"oaivfqgnaqb7ut4fptbdjbw5xtr2o7uv3ieb",
		"tcp_mss_default":	1348,
		"target_bitrate":	100000000,
		"sock_bufsize":	0,
		"sndbuf_actual":	16384,
		"rcvbuf_actual":	131072,
		"test_start":	{
			"protocol":	"TCP",
			"num_streams":	1,
			"blksize":	512,
			"omit":	0,
			"duration":	30,
			"bytes":	0,
			"blocks":	0,
			"reverse":	0,
			"tos":	0
		}
	},
	"intervals":	[{
			"streams":	[{
					"socket":	5,
					"start":	0,
					"end":	1.000082,
					"seconds":	1.0000820159912109,
					"bytes":	12490240,
					"bits_per_second":	99913725.476769447,
					"retransmits":	0,
					"snd_cwnd":	33700,
					"rtt":	630,
					"rttvar":	113,
					"pmtu":	1400,
					"omitted":	false,
					"sender":	true
				}],
			"sum":	{
				"start":	0,
				"end":	1.000082,
				"seconds":	1.0000820159912109,
				"bytes":	12490240,
				"bits_per_second":	99913725.476769447,
				"retransmits":	0,
				"omitted":	false,
				"sender":	true
			}
		}, {
			"streams":	[{
					"socket":	5,
					"start":	1.000082,
					"end":	2.000099,
					"seconds":	1.0000170469284058,
					"bytes":	12500992,
					"bits_per_second":	100006231.20093659,
					"retransmits":	0,
					"snd_cwnd":	37744,
					"rtt":	788,
					"rttvar":	212,
					"pmtu":	1400,
					"omitted":	false,
					"sender":	true
				}],
			"sum":	{
				"start":	1.000082,
				"end":	2.000099,
				"seconds":	1.0000170469284058,
				"bytes":	12500992,
				"bits_per_second":	100006231.20093659,
				"retransmits":	0,
				"omitted":	false,
				"sender":	true
			}
		}, {
			"streams":	[{
					"socket":	5,
					"start":	2.000099,
					"end":	3.00009,
					"seconds":	0.99999099969863892,
					"bytes":	12498944,
					"bits_per_second":	99992451.962201491,
					"retransmits":	0,
					"snd_cwnd":	37744,
					"rtt":	619,
					"rttvar":	83,
					"pmtu":	1400,
					"omitted":	false,
					"sender":	true
				}],
			"sum":	{
				"start":	2.000099,
				"end":	3.00009,
				"seconds":	0.99999099969863892,
				"bytes":	12498944,
				"bits_per_second":	99992451.962201491,
				"retransmits":	0,
				"omitted":	false,
				"sender":	true
			}
		}, {
			"streams":	[{
					"socket":	5,
					"start":	3.00009,
					"end":	4.000103,
					"seconds":	1.000012993812561,
					"bytes":	12502016,
					"bits_per_second":	100014828.4260661,
					"retransmits":	0,
					"snd_cwnd":	40440,
					"rtt":	696,
					"rttvar":	91,
					"pmtu":	1400,
					"omitted":	false,
					"sender":	true
				}],
			"sum":	{
				"start":	3.00009,
				"end":	4.000103,
				"seconds":	1.000012993812561,
				"bytes":	12502016,
				"bits_per_second":	100014828.4260661,
				"retransmits":	0,
				"omitted":	false,
				"sender":	true
			}
		}, {
			"streams":	[{
					"socket":	5,
					"start":	4.000103,
					"end":	5.000112,
					"seconds":	1.0000089406967163,
					"bytes":	12497920,
					"bits_per_second":	99982466.087093771,
					"retransmits":	0,
					"snd_cwnd":	43136,
					"rtt":	615,
					"rttvar":	90,
					"pmtu":	1400,
					"omitted":	false,
					"sender":	true
				}],
			"sum":	{
				"start":	4.000103,
				"end":	5.000112,
				"seconds":	1.0000089406967163,
				"bytes":	12497920,
				"bits_per_second":	99982466.087093771,
				"retransmits":	0,
				"omitted":	false,
				"sender":	true
			}
		}, {
			"streams":	[{
					"socket":	5,
					"start":	5.000112,
					"end":	6.000084,
					"seconds":	0.99997198581695557,
					"bytes":	12499968,
					"bits_per_second":	100002545.48961425,
					"retransmits":	0,
					"snd_cwnd":	45832,
					"rtt":	492,
					"rttvar":	75,
					"pmtu":	1400,
					"omitted":	false,
					"sender":	true
				}],
			"sum":	{
				"start":	5.000112,
				"end":	6.000084,
				"seconds":	0.99997198581695557,
				"bytes":	12499968,
				"bits_per_second":	100002545.48961425,
				"retransmits":	0,
				"omitted":	false,
				"sender":	true
			}
		}, {
			"streams":	[{
					"socket":	5,
					"start":	6.000084,
					"end":	7.000086,
					"seconds":	1.0000020265579224,
					"bytes":	12499968,
					"bits_per_second":	99999541.345137253,
					"retransmits":	0,
					"snd_cwnd":	63356,
					"rtt":	664,
					"rttvar":	132,
					"pmtu":	1400,
					"omitted":	false,
					"sender":	true
				}],
			"sum":	{
				"start":	6.000084,
				"end":	7.000086,
				"seconds":	1.0000020265579224,
				"bytes":	12499968,
				"bits_per_second":	99999541.345137253,
				"retransmits":	0,
				"omitted":	false,
				"sender":	true
			}
		}, {
			"streams":	[{
					"socket":	5,
					"start":	7.000086,
					"end":	8.000085,
					"seconds":	0.99999898672103882,
					"bytes":	12499968,
					"bits_per_second":	99999845.327739388,
					"retransmits":	0,
					"snd_cwnd":	63356,
					"rtt":	635,
					"rttvar":	94,
					"pmtu":	1400,
					"omitted":	false,
					"sender":	true
				}],
			"sum":	{
				"start":	7.000086,
				"end":	8.000085,
				"seconds":	0.99999898672103882,
				"bytes":	12499968,
				"bits_per_second":	99999845.327739388,
				"retransmits":	0,
				"omitted":	false,
				"sender":	true
			}
		}, {
			"streams":	[{
					"socket":	5,
					"start":	8.000085,
					"end":	9.000095,
					"seconds":	1.0000100135803223,
					"bytes":	12499968,
					"bits_per_second":	99998742.6545583,
					"retransmits":	0,
					"snd_cwnd":	63356,
					"rtt":	653,
					"rttvar":	195,
					"pmtu":	1400,
					"omitted":	false,
					"sender":	true
				}],
			"sum":	{
				"start":	8.000085,
				"end":	9.000095,
				"seconds":	1.0000100135803223,
				"bytes":	12499968,
				"bits_per_second":	99998742.6545583,
				"retransmits":	0,
				"omitted":	false,
				"sender":	true
			}
		}, {
			"streams":	[{
					"socket":	5,
					"start":	9.000095,
					"end":	10.000088,
					"seconds":	0.99999302625656128,
					"bytes":	12500992,
					"bits_per_second":	100008633.43455122,
					"retransmits":	0,
					"snd_cwnd":	63356,
					"rtt":	437,
					"rttvar":	58,
					"pmtu":	1400,
					"omitted":	false,
					"sender":	true
				}],
			"sum":	{
				"start":	9.000095,
				"end":	10.000088,
				"seconds":	0.99999302625656128,
				"bytes":	12500992,
				"bits_per_second":	100008633.43455122,
				"retransmits":	0,
				"omitted":	false,
				"sender":	true
			}
		}, {
			"streams":	[{
					"socket":	5,
					"start":	10.000088,
					"end":	11.000085,
					"seconds":	0.99999701976776123,
					"bytes":	12498944,
					"bits_per_second":	99991849.998934984,
					"retransmits":	0,
					"snd_cwnd":	63356,
					"rtt":	524,
					"rttvar":	61,
					"pmtu":	1400,
					"omitted":	false,
					"sender":	true
				}],
			"sum":	{
				"start":	10.000088,
				"end":	11.000085,
				"seconds":	0.99999701976776123,
				"bytes":	12498944,
				"bits_per_second":	99991849.998934984,
				"retransmits":	0,
				"omitted":	false,
				"sender":	true
			}
		}, {
			"streams":	[{
					"socket":	5,
					"start":	11.000085,
					"end":	12.000084,
					"seconds":	0.99999898672103882,
					"bytes":	12500480,
					"bits_per_second":	100003941.33188979,
					"retransmits":	0,
					"snd_cwnd":	63356,
					"rtt":	510,
					"rttvar":	99,
					"pmtu":	1400,
					"omitted":	false,
					"sender":	true
				}],
			"sum":	{
				"start":	11.000085,
				"end":	12.000084,
				"seconds":	0.99999898672103882,
				"bytes":	12500480,
				"bits_per_second":	100003941.33188979,
				"retransmits":	0,
				"omitted":	false,
				"sender":	true
			}
		}, {
			"streams":	[{
					"socket":	5,
					"start":	12.000084,
					"end":	13.000084,
					"seconds":	1,
					"bytes":	12499968,
					"bits_per_second":	99999744,
					"retransmits":	0,
					"snd_cwnd":	63356,
					"rtt":	541,
					"rttvar":	128,
					"pmtu":	1400,
					"omitted":	false,
					"sender":	true
				}],