{
	"start":	{
		"connected":	[{
				"socket":	5,
				"local_host":	"10.60.0.1",
				"local_port":	34715,
				"remote_host":	"172.16.10.3",
				"remote_port":	5201
			}],
		"version":	"iperf 3.7",
		"system_info":	"Linux ueransim1 5.4.0-169-generic #187-Ubuntu SMP Thu Nov 23 14:52:28 UTC 2023 x86_64",
		"timestamp":	{
			"time":	"Tue, 24 Jun 2025 10:14:21 GMT",
			"timesecs":	1750760061
		},
		"connecting_to":	{
			"host":	"172.16.10.3",
			"port":	5201
		},
		"cookie":	"uvppmloo5otgl6kb5em4koqfkhbtdfirxrew",
		"tcp_mss_default":	1348,
		"target_bitrate":	100000000,
		"sock_bufsize":	0,
		"sndbuf_actual":	16384,
		"rcvbuf_actual":	131072,
		"test_start":	{
			"protocol":	"TCP",
			"num_streams":	1,
			"blksize":	512,
			"omit":	0,
			"duration":	30,
			"bytes":	0,
			"blocks":	0,
			"reverse":	0,
			"tos":	0
		}
	},
	"intervals":	[{
			"streams":	[{
					"socket":	5,
					"start":	0,
					"end":	1.000083,
					"seconds":	1.0000829696655273,
					"bytes":	12489728,
					"bits_per_second":	99909534.539336279,
					"retransmits":	0,
					"snd_cwnd":	31004,
					"rtt":	512,
					"rttvar":	151,
					"pmtu":	1400,
					"omitted":	false,
					"sender":	true
				}],
			"sum":	{
				"start":	0,
				"end":	1.000083,
				"seconds":	1.0000829696655273,
				"bytes":	12489728,
				"bits_per_second":	99909534.539336279,
				"retransmits":	0,
				"omitted":	false,
				"sender":	true
			}
		}, {
			"streams":	[{
					"socket":	5,
					"start":	1.000083,
					"end":	2.000086,
					"seconds":	1.0000029802322388,
					"bytes":	12499968,
					"bits_per_second":	99999445.978427231,
					"retransmits":	0,
					"snd_cwnd":	37744,
					"rtt":	665,
					"rttvar":	102,
					"pmtu":	1400,
					"omitted":	false,
					"sender":	true
				}],
			"sum":	{
				"start":	1.000083,
				"end":	2.000086,
				"seconds":	1.0000029802322388,
				"bytes":	12499968,
				"bits_per_second":	99999445.978427231,
				"retransmits":	0,
				"omitted":	false,
				"sender":	true
			}
		}, {
			"streams":	[{
					"socket":	5,
					"start":	2.000086,
					"end":	3.000083,
					"seconds":	0.99999701976776123,
					"bytes":	12499968,
					"bits_per_second":	100000042.02334912,
					"retransmits":	0,
					"snd_cwnd":	43136,
					"rtt":	651,
					"rttvar":	98,
					"pmtu":	1400,
					"omitted":	false,
					"sender":	true
				}],
			"sum":	{
				"start":	2.000086,
				"end":	3.000083,
				"seconds":	0.99999701976776123,
				"bytes":	12499968,
				"bits_per_second":	100000042.02334912,
				"retransmits":	0,
				"omitted":	false,
				"sender":	true
			}
		}, {
			"streams":	[{
					"socket":	5,
					"start":	3.000083,
					"end":	4.000116,
					"seconds":	1.0000330209732056,
					"bytes":	12500480,
					"bits_per_second":	100000537.88491796,
					"retransmits":	0,
					"snd_cwnd":	45832,
					"rtt":	708,
					"rttvar":	121,
					"pmtu":	1400,
					"omitted":	false,
					"sender":	true
				}],
			"sum":	{
				"start":	3.000083,
				"end":	4.000116,
				"seconds":	1.0000330209732056,
				"bytes":	12500480,
				"bits_per_second":	100000537.88491796,
				"retransmits":	0,
				"omitted":	false,
				"sender":	true
			}
		}, {
			"streams":	[{
					"socket":	5,
					"start":	4.000116,
					"end":	5.000083,
					"seconds":	0.99996697902679443,
					"bytes":	12499968,
					"bits_per_second":	100003046.19790898,
					"retransmits":	0,
					"snd_cwnd":	48528,
					"rtt":	617,
					"rttvar":	50,
					"pmtu":	1400,
					"omitted":	false,
					"sender":	true
				}],
			"sum":	{
				"start":	4.000116,
				"end":	5.000083,
				"seconds":	0.99996697902679443,
				"bytes":	12499968,
				"bits_per_second":	100003046.19790898,
				"retransmits":	0,
				"omitted":	false,
				"sender":	true
			}
		}, {
			"streams":	[{
					"socket":	5,
					"start":	5.000083,
					"end":	6.000084,
					"seconds":	1.0000009536743164,
					"bytes":	12499968,
					"bits_per_second":	99999648.632903442,
					"retransmits":	0,
					"snd_cwnd":	51224,
					"rtt":	691,
					"rttvar":	43,
					"pmtu":	1400,
					"omitted":	false,
					"sender":	true
				}],
			"sum":	{
				"start":	5.000083,
				"end":	6.000084,
				"seconds":	1.0000009536743164,
				"bytes":	12499968,
				"bits_per_second":	99999648.632903442,
				"retransmits":	0,
				"omitted":	false,
				"sender":	true
			}
		}, {
			"streams":	[{
					"socket":	5,
					"start":	6.000084,
					"end":	7.000086,
					"seconds":	1.0000020265579224,
					"bytes":	12499968,
					"bits_per_second":	99999541.345137253,
					"retransmits":	0,
					"snd_cwnd":	51224,
					"rtt":	662,
					"rttvar":	102,
					"pmtu":	1400,
					"omitted":	false,
					"sender":	true
				}],
			"sum":	{
				"start":	6.000084,
				"end":	7.000086,
				"seconds":	1.0000020265579224,
				"bytes":	12499968,
				"bits_per_second":	99999541.345137253,
				"retransmits":	0,
				"omitted":	false,
				"sender":	true
			}
		}, {
			"streams":	[{
					"socket":	5,
					"start":	7.000086,
					"end":	8.000085,
					"seconds":	0.99999898672103882,
					"bytes":	12499968,
					"bits_per_second":	99999845.327739388,
					"retransmits":	0,
					"snd_cwnd":	51224,
					"rtt":	500,
					"rttvar":	24,
					"pmtu":	1400,
					"omitted":	false,
					"sender":	true
				}],
			"sum":	{
				"start":	7.000086,
				"end":	8.000085,
				"seconds":	0.99999898672103882,
				"bytes":	12499968,
				"bits_per_second":	99999845.327739388,
				"retransmits":	0,
				"omitted":	false,
				"sender":	true
			}
		}, {
			"streams":	[{
					"socket":	5,
					"start":	8.000085,
					"end":	9.000101,
					"seconds":	1.0000159740447998,
					"bytes":	12500992,
					"bits_per_second":	100006338.49426863,
					"retransmits":	0,
					"snd_cwnd":	76836,
					"rtt":	595,
					"rttvar":	84,
					"pmtu":	1400,
					"omitted":	false,
					"sender":	true
				}],
			"sum":	{
				"start":	8.000085,
				"end":	9.000101,
				"seconds":	1.0000159740447998,
				"bytes":	12500992,
				"bits_per_second":	100006338.49426863,
				"retransmits":	0,
				"omitted":	false,
				"sender":	true
			}
		}, {
			"streams":	[{
					"socket":	5,
					"start":	9.000101,
					"end":	10.000093,
					"seconds":	0.9999920129776001,
					"bytes":	12500480,
					"bits_per_second":	100004638.7392897,
					"retransmits":	0,
					"snd_cwnd":	76836,
					"rtt":	661,
					"rttvar":	35,
					"pmtu":	1400,
					"omitted":	false,
					"sender":	true
				}],
			"sum":	{
				"start":	9.000101,
				"end":	10.000093,
				"seconds":	0.9999920129776001,
				"bytes":	12500480,
				"bits_per_second":	100004638.7392897,
				"retransmits":	0,
				"omitted":	false,
				"sender":	true
			}
		}, {
			"streams":	[{
					"socket":	5,
					"start":	10.000093,
					"end":	11.000083,
					"seconds":	0.99998998641967773,
					"bytes":	12498432,
					"bits_per_second":	99988457.2424479,
					"retransmits":	0,
					"snd_cwnd":	76836,
					"rtt":	483,
					"rttvar":	86,
					"pmtu":	1400,
					"omitted":	false,
					"sender":	true
				}],
			"sum":	{
				"start":	10.000093,
				"end":	11.000083,
				"seconds":	0.99998998641967773,
				"bytes":	12498432,
				"bits_per_second":	99988457.2424479,
				"retransmits":	0,
				"omitted":	false,
				"sender":	true
			}
		}, {
			"streams":	[{
					"socket":	5,
					"start":	11.000083,
					"end":	12.000116,
					"seconds":	1.0000330209732056,
					"bytes":	12500480,
					"bits_per_second":	100000537.88491796,
					"retransmits":	0,
					"snd_cwnd":	76836,
					"rtt":	634,
					"rttvar":	45,
					"pmtu":	1400,
					"omitted":	false,
					"sender":	true
				}],
			"sum":	{
				"start":	11.000083,
				"end":	12.000116,
				"seconds":	1.0000330209732056,
				"bytes":	12500480,
				"bits_per_second":	100000537.88491796,
				"retransmits":	0,
				"omitted":	false,
				"sender":	true
			}
		}, {
			"streams":	[{
					"socket":	5,
					"start":	12.000116,
					"end":	13.000081,
					"seconds":	0.99996501207351685,
					"bytes":	12499456,
					"bits_per_second":	99999146.762795314,
					"retransmits":	0,
					"snd_cwnd":	76836,
					"rtt":	538,
					"rttvar":	69,
					"pmtu":	1400,
					"omitted":	false,