{
	"start":	{
		"connected":	[{
				"socket":	5,
				"local_host":	"10.60.0.1",
				"local_port":	44061,
				"remote_host":	"172.16.10.3",
				"remote_port":	5201
			}],
		"version":	"iperf 3.7",
		"system_info":	"Linux ueransim1 5.4.0-169-generic #187-Ubuntu SMP Thu Nov 23 14:52:28 UTC 2023 x86_64",
		"timestamp":	{
			"time":	"Tue, 24 Jun 2025 10:20:45 GMT",
			"timesecs":	1750760445
		},
		"connecting_to":	{
			"host":	"172.16.10.3",
			"port":	5201
		},
		"cookie":	"7cr6d6arhxdmtd24iajvsc5gwy43qzg76ef5",
		"tcp_mss_default":	1348,
		"target_bitrate":	500000000,
		"sock_bufsize":	0,
		"sndbuf_actual":	16384,
		"rcvbuf_actual":	131072,
		"test_start":	{
			"protocol":	"TCP",
			"num_streams":	1,
			"blksize":	512,
			"omit":	0,
			"duration":	30,
			"bytes":	0,
			"blocks":	0,
			"reverse":	0,
			"tos":	0
		}
	},
	"intervals":	[{
			"streams":	[{
					"socket":	5,
					"start":	0,
					"end":	1.000085,
					"seconds":	1.0000849962234497,
					"bytes":	62468096,
					"bits_per_second":	499702295.19205952,
					"retransmits":	0,
					"snd_cwnd":	91664,
					"rtt":	470,
					"rttvar":	35,
					"pmtu":	1400,
					"omitted":	false,
					"sender":	true
				}],
			"sum":	{
				"start":	0,
				"end":	1.000085,
				"seconds":	1.0000849962234497,
				"bytes":	62468096,
				"bits_per_second":	499702295.19205952,
				"retransmits":	0,
				"omitted":	false,
				"sender":	true
			}
		}, {
			"streams":	[{
					"socket":	5,
					"start":	1.000085,
					"end":	2.000081,
					"seconds":	0.9999960064888,
					"bytes":	62508032,
					"bits_per_second":	500066253.02018213,
					"retransmits":	0,
					"snd_cwnd":	101100,
					"rtt":	438,
					"rttvar":	35,
					"pmtu":	1400,
					"omitted":	false,
					"sender":	true
				}],
			"sum":	{
				"start":	1.000085,
				"end":	2.000081,
				"seconds":	0.9999960064888,
				"bytes":	62508032,
				"bits_per_second":	500066253.02018213,
				"retransmits":	0,
				"omitted":	false,
				"sender":	true
			}
		}, {
			"streams":	[{
					"socket":	5,
					"start":	2.000081,
					"end":	3.000082,
					"seconds":	1.0000009536743164,
					"bytes":	62497280,
					"bits_per_second":	499977763.18404847,
					"retransmits":	0,
					"snd_cwnd":	107840,
					"rtt":	475,
					"rttvar":	12,
					"pmtu":	1400,
					"omitted":	false,
					"sender":	true
				}],
			"sum":	{
				"start":	2.000081,
				"end":	3.000082,
				"seconds":	1.0000009536743164,
				"bytes":	62497280,
				"bits_per_second":	499977763.18404847,
				"retransmits":	0,
				"omitted":	false,
				"sender":	true
			}
		}, {
			"streams":	[{
					"socket":	5,
					"start":	3.000082,
					"end":	4.000079,
					"seconds":	0.99999701976776123,
					"bytes":	62500352,
					"bits_per_second":	500004306.12895262,
					"retransmits":	0,
					"snd_cwnd":	113232,
					"rtt":	402,
					"rttvar":	10,
					"pmtu":	1400,
					"omitted":	false,
					"sender":	true
				}],
			"sum":	{
				"start":	3.000082,
				"end":	4.000079,
				"seconds":	0.99999701976776123,
				"bytes":	62500352,
				"bits_per_second":	500004306.12895262,
				"retransmits":	0,
				"omitted":	false,
				"sender":	true
			}
		}, {
			"streams":	[{
					"socket":	5,
					"start":	4.000079,
					"end":	5.000086,
					"seconds":	1.0000070333480835,
					"bytes":	62493696,
					"bits_per_second":	499946051.7053954,
					"retransmits":	0,
					"snd_cwnd":	113232,
					"rtt":	482,
					"rttvar":	27,
					"pmtu":	1400,
					"omitted":	false,
					"sender":	true
				}],
			"sum":	{
				"start":	4.000079,
				"end":	5.000086,
				"seconds":	1.0000070333480835,
				"bytes":	62493696,
				"bits_per_second":	499946051.7053954,
				"retransmits":	0,
				"omitted":	false,
				"sender":	true
			}
		}, {
			"streams":	[{
					"socket":	5,
					"start":	5.000086,
					"end":	6.000093,
					"seconds":	1.0000070333480835,
					"bytes":	62508032,
					"bits_per_second":	500060738.89876044,
					"retransmits":	0,
					"snd_cwnd":	113232,
					"rtt":	401,
					"rttvar":	17,
					"pmtu":	1400,
					"omitted":	false,
					"sender":	true
				}],
			"sum":	{
				"start":	5.000086,
				"end":	6.000093,
				"seconds":	1.0000070333480835,
				"bytes":	62508032,
				"bits_per_second":	500060738.89876044,
				"retransmits":	0,
				"omitted":	false,
				"sender":	true
			}
		}, {
			"streams":	[{
					"socket":	5,
					"start":	6.000093,
					"end":	7.000079,
					"seconds":	0.99998599290847778,
					"bytes":	62499328,
					"bits_per_second":	500001627.56855863,
					"retransmits":	0,
					"snd_cwnd":	113232,
					"rtt":	386,
					"rttvar":	28,
					"pmtu":	1400,
					"omitted":	false,
					"sender":	true
				}],
			"sum":	{
				"start":	6.000093,
				"end":	7.000079,
				"seconds":	0.99998599290847778,
				"bytes":	62499328,
				"bits_per_second":	500001627.56855863,
				"retransmits":	0,
				"omitted":	false,
				"sender":	true
			}
		}, {
			"streams":	[{
					"socket":	5,
					"start":	7.000079,
					"end":	8.00008,
					"seconds":	1.0000009536743164,
					"bytes":	62499328,
					"bits_per_second":	499994147.16842347,
					"retransmits":	0,
					"snd_cwnd":	121320,
					"rtt":	414,
					"rttvar":	26,
					"pmtu":	1400,
					"omitted":	false,
					"sender":	true
				}],
			"sum":	{
				"start":	7.000079,
				"end":	8.00008,
				"seconds":	1.0000009536743164,
				"bytes":	62499328,
				"bits_per_second":	499994147.16842347,
				"retransmits":	0,
				"omitted":	false,
				"sender":	true
			}
		}, {
			"streams":	[{
					"socket":	5,
					"start":	8.00008,
					"end":	9.000078,
					"seconds":	0.99999797344207764,
					"bytes":	62499328,
					"bits_per_second":	499995637.27011985,
					"retransmits":	0,
					"snd_cwnd":	121320,
					"rtt":	382,
					"rttvar":	19,
					"pmtu":	1400,
					"omitted":	false,
					"sender":	true
				}],
			"sum":	{
				"start":	8.00008,
				"end":	9.000078,
				"seconds":	0.99999797344207764,
				"bytes":	62499328,
				"bits_per_second":	499995637.27011985,
				"retransmits":	0,
				"omitted":	false,
				"sender":	true
			}
		}, {
			"streams":	[{
					"socket":	5,
					"start":	9.000078,
					"end":	10.000081,
					"seconds":	1.0000029802322388,
					"bytes":	62494720,
					"bits_per_second":	499956270.01420611,
					"retransmits":	0,
					"snd_cwnd":	121320,
					"rtt":	458,
					"rttvar":	28,
					"pmtu":	1400,
					"omitted":	false,
					"sender":	true
				}],
			"sum":	{
				"start":	9.000078,
				"end":	10.000081,
				"seconds":	1.0000029802322388,
				"bytes":	62494720,
				"bits_per_second":	499956270.01420611,
				"retransmits":	0,
				"omitted":	false,
				"sender":	true
			}
		}, {
			"streams":	[{
					"socket":	5,
					"start":	10.000081,
					"end":	11.000058,
					"seconds":	0.9999769926071167,
					"bytes":	62471168,
					"bits_per_second":	499780842.65420252,
					"retransmits":	0,
					"snd_cwnd":	121320,
					"rtt":	292,
					"rttvar":	33,
					"pmtu":	1400,
					"omitted":	false,
					"sender":	true
				}],
			"sum":	{
				"start":	10.000081,
				"end":	11.000058,
				"seconds":	0.9999769926071167,
				"bytes":	62471168,
				"bits_per_second":	499780842.65420252,
				"retransmits":	0,
				"omitted":	false,
				"sender":	true
			}
		}, {
			"streams":	[{
					"socket":	5,
					"start":	11.000058,
					"end":	12.000058,
					"seconds":	1,
					"bytes":	62536192,
					"bits_per_second":	500289536,
					"retransmits":	0,
					"snd_cwnd":	121320,
					"rtt":	312,
					"rttvar":	20,
					"pmtu":	1400,
					"omitted":	false,
					"sender":	true
				}],
			"sum":	{
				"start":	11.000058,
				"end":	12.000058,
				"seconds":	1,
				"bytes":	62536192,
				"bits_per_second":	500289536,
				"retransmits":	0,
				"omitted":	false,
				"sender":	true
			}
		}, {
			"streams":	[{
					"socket":	5,
					"start":	12.000058,
					"end":	13.000081,
					"seconds":	1.0000230073928833,
					"bytes":	62499840,
					"bits_per_second":	499987216.59767109,
					"retransmits":	0,
					"snd_cwnd":	121320,
					"rtt":	434,
					"rttvar":	24,
					"pmtu":	1400,
					"omitted":	false,
					"sender":	true
				}],