{
	"start":	{
		"connected":	[{
				"socket":	5,
				"local_host":	"10.60.0.1",
				"local_port":	32873,
				"remote_host":	"172.16.10.3",
				"remote_port":	5201
			}],
		"version":	"iperf 3.7",
		"system_info":	"Linux ueransim1 5.4.0-169-generic #187-Ubuntu SMP Thu Nov 23 14:52:28 UTC 2023 x86_64",
		"timestamp":	{
			"time":	"Tue, 24 Jun 2025 10:23:25 GMT",
			"timesecs":	1750760605
		},
		"connecting_to":	{
			"host":	"172.16.10.3",
			"port":	5201
		},
		"cookie":	"zsunkob5445c7yacly33zbn5ed75ogu4yjvo",
		"tcp_mss_default":	1348,
		"target_bitrate":	1000000000,
		"sock_bufsize":	0,
		"sndbuf_actual":	16384,
		"rcvbuf_actual":	131072,
		"test_start":	{
			"protocol":	"TCP",
			"num_streams":	1,
			"blksize":	64,
			"omit":	0,
			"duration":	30,
			"bytes":	0,
			"blocks":	0,
			"reverse":	0,
			"tos":	0
		}
	},
	"intervals":	[{
			"streams":	[{
					"socket":	5,
					"start":	0,
					"end":	1.000003,
					"seconds":	1.0000029802322388,
					"bytes":	20374592,
					"bits_per_second":	162996250.23332027,
					"retransmits":	0,
					"snd_cwnd":	37744,
					"rtt":	438,
					"rttvar":	48,
					"pmtu":	1400,
					"omitted":	false,
					"sender":	true
				}],
			"sum":	{
				"start":	0,
				"end":	1.000003,
				"seconds":	1.0000029802322388,
				"bytes":	20374592,
				"bits_per_second":	162996250.23332027,
				"retransmits":	0,
				"omitted":	false,
				"sender":	true
			}
		}, {
			"streams":	[{
					"socket":	5,
					"start":	1.000003,
					"end":	2.000057,
					"seconds":	1.0000540018081665,
					"bytes":	20850816,
					"bits_per_second":	166797520.63228816,
					"retransmits":	0,
					"snd_cwnd":	37744,
					"rtt":	615,
					"rttvar":	134,
					"pmtu":	1400,
					"omitted":	false,
					"sender":	true
				}],
			"sum":	{
				"start":	1.000003,
				"end":	2.000057,
				"seconds":	1.0000540018081665,
				"bytes":	20850816,
				"bits_per_second":	166797520.63228816,
				"retransmits":	0,
				"omitted":	false,
				"sender":	true
			}
		}, {
			"streams":	[{
					"socket":	5,
					"start":	2.000057,
					"end":	3.000055,
					"seconds":	0.99999797344207764,
					"bytes":	20865728,
					"bits_per_second":	166926162.28553662,
					"retransmits":	0,
					"snd_cwnd":	37744,
					"rtt":	628,
					"rttvar":	175,
					"pmtu":	1400,
					"omitted":	false,
					"sender":	true
				}],
			"sum":	{
				"start":	2.000057,
				"end":	3.000055,
				"seconds":	0.99999797344207764,
				"bytes":	20865728,
				"bits_per_second":	166926162.28553662,
				"retransmits":	0,
				"omitted":	false,
				"sender":	true
			}
		}, {
			"streams":	[{
					"socket":	5,
					"start":	3.000055,
					"end":	4.000002,
					"seconds":	0.99994701147079468,
					"bytes":	20854720,
					"bits_per_second":	166846600.95598757,
					"retransmits":	0,
					"snd_cwnd":	37744,
					"rtt":	731,
					"rttvar":	51,
					"pmtu":	1400,
					"omitted":	false,
					"sender":	true
				}],
			"sum":	{
				"start":	3.000055,
				"end":	4.000002,
				"seconds":	0.99994701147079468,
				"bytes":	20854720,
				"bits_per_second":	166846600.95598757,
				"retransmits":	0,
				"omitted":	false,
				"sender":	true
			}
		}, {
			"streams":	[{
					"socket":	5,
					"start":	4.000002,
					"end":	5.000056,
					"seconds":	1.0000540018081665,
					"bytes":	20869888,
					"bits_per_second":	166950088.39335319,
					"retransmits":	0,
					"snd_cwnd":	41788,
					"rtt":	556,
					"rttvar":	44,
					"pmtu":	1400,
					"omitted":	false,
					"sender":	true
				}],
			"sum":	{
				"start":	4.000002,
				"end":	5.000056,
				"seconds":	1.0000540018081665,
				"bytes":	20869888,
				"bits_per_second":	166950088.39335319,
				"retransmits":	0,
				"omitted":	false,
				"sender":	true
			}
		}, {
			"streams":	[{
					"socket":	5,
					"start":	5.000056,
					"end":	6.000004,
					"seconds":	0.99994802474975586,
					"bytes":	20836928,
					"bits_per_second":	166704088.48671582,
					"retransmits":	0,
					"snd_cwnd":	41788,
					"rtt":	827,
					"rttvar":	58,
					"pmtu":	1400,
					"omitted":	false,
					"sender":	true
				}],
			"sum":	{
				"start":	5.000056,
				"end":	6.000004,
				"seconds":	0.99994802474975586,
				"bytes":	20836928,
				"bits_per_second":	166704088.48671582,
				"retransmits":	0,
				"omitted":	false,
				"sender":	true
			}
		}, {
			"streams":	[{
					"socket":	5,
					"start":	6.000004,
					"end":	7.000055,
					"seconds":	1.0000510215759277,
					"bytes":	20878016,
					"bits_per_second":	167015606.60054672,
					"retransmits":	0,
					"snd_cwnd":	41788,
					"rtt":	661,
					"rttvar":	127,
					"pmtu":	1400,
					"omitted":	false,
					"sender":	true
				}],
			"sum":	{
				"start":	6.000004,
				"end":	7.000055,
				"seconds":	1.0000510215759277,
				"bytes":	20878016,
				"bits_per_second":	167015606.60054672,
				"retransmits":	0,
				"omitted":	false,
				"sender":	true
			}
		}, {
			"streams":	[{
					"socket":	5,
					"start":	7.000055,
					"end":	8.000003,
					"seconds":	0.99994802474975586,
					"bytes":	20846080,
					"bits_per_second":	166777308.29233354,
					"retransmits":	0,
					"snd_cwnd":	41788,
					"rtt":	609,
					"rttvar":	75,
					"pmtu":	1400,
					"omitted":	false,
					"sender":	true
				}],
			"sum":	{
				"start":	7.000055,
				"end":	8.000003,
				"seconds":	0.99994802474975586,
				"bytes":	20846080,
				"bits_per_second":	166777308.29233354,
				"retransmits":	0,
				"omitted":	false,
				"sender":	true
			}
		}, {
			"streams":	[{
					"socket":	5,
					"start":	8.000003,
					"end":	9.000002,
					"seconds":	0.99999898672103882,
					"bytes":	20854272,
					"bits_per_second":	166834345.04973185,
					"retransmits":	0,
					"snd_cwnd":	41788,
					"rtt":	590,
					"rttvar":	58,
					"pmtu":	1400,
					"omitted":	false,
					"sender":	true
				}],
			"sum":	{
				"start":	8.000003,
				"end":	9.000002,
				"seconds":	0.99999898672103882,
				"bytes":	20854272,
				"bits_per_second":	166834345.04973185,
				"retransmits":	0,
				"omitted":	false,
				"sender":	true
			}
		}, {
			"streams":	[{
					"socket":	5,
					"start":	9.000002,
					"end":	10.000062,
					"seconds":	1.000059962272644,
					"bytes":	20855808,
					"bits_per_second":	166836460.10669211,
					"retransmits":	0,
					"snd_cwnd":	41788,
					"rtt":	432,
					"rttvar":	39,
					"pmtu":	1400,
					"omitted":	false,
					"sender":	true
				}],
			"sum":	{
				"start":	9.000002,
				"end":	10.000062,
				"seconds":	1.000059962272644,
				"bytes":	20855808,
				"bits_per_second":	166836460.10669211,
				"retransmits":	0,
				"omitted":	false,
				"sender":	true
			}
		}, {
			"streams":	[{
					"socket":	5,
					"start":	10.000062,
					"end":	11.000062,
					"seconds":	1,
					"bytes":	20851584,
					"bits_per_second":	166812672,
					"retransmits":	0,
					"snd_cwnd":	41788,
					"rtt":	445,
					"rttvar":	55,
					"pmtu":	1400,
					"omitted":	false,
					"sender":	true
				}],
			"sum":	{
				"start":	10.000062,
				"end":	11.000062,
				"seconds":	1,
				"bytes":	20851584,
				"bits_per_second":	166812672,
				"retransmits":	0,
				"omitted":	false,
				"sender":	true
			}
		}, {
			"streams":	[{
					"socket":	5,
					"start":	11.000062,
					"end":	12.000008,
					"seconds":	0.9999459981918335,
					"bytes":	20810432,
					"bits_per_second":	166492446.89317828,
					"retransmits":	0,
					"snd_cwnd":	41788,
					"rtt":	538,
					"rttvar":	33,
					"pmtu":	1400,
					"omitted":	false,
					"sender":	true
				}],
			"sum":	{
				"start":	11.000062,
				"end":	12.000008,
				"seconds":	0.9999459981918335,
				"bytes":	20810432,
				"bits_per_second":	166492446.89317828,
				"retransmits":	0,
				"omitted":	false,
				"sender":	true
			}
		}, {
			"streams":	[{
					"socket":	5,
					"start":	12.000008,
					"end":	13.000004,
					"seconds":	0.9999960064888,
					"bytes":	20839744,
					"bits_per_second":	166718617.79266739,
					"retransmits":	0,
					"snd_cwnd":	41788,
					"rtt":	659,
					"rttvar":	54,
					"pmtu":	1400,
					"omitted":	false,
					"sender":	true
				}],