{
	"start":	{
		"connected":	[{
				"socket":	5,
				"local_host":	"10.60.0.1",
				"local_port":	56503,
				"remote_host":	"172.16.10.3",
				"remote_port":	5201
			}],
		"version":	"iperf 3.7",
		"system_info":	"Linux ueransim1 5.4.0-169-generic #187-Ubuntu SMP Thu Nov 23 14:52:28 UTC 2023 x86_64",
		"timestamp":	{
			"time":	"Tue, 24 Jun 2025 10:19:09 GMT",
			"timesecs":	1750760349
		},
		"connecting_to":	{
			"host":	"172.16.10.3",
			"port":	5201
		},
		"cookie":	"fwqh735qewhrddjrnqaa2tskhedoiejxx74i",
		"tcp_mss_default":	1348,
		"target_bitrate":	500000000,
		"sock_bufsize":	0,
		"sndbuf_actual":	16384,
		"rcvbuf_actual":	131072,
		"test_start":	{
			"protocol":	"TCP",
			"num_streams":	1,
			"blksize":	128,
			"omit":	0,
			"duration":	30,
			"bytes":	0,
			"blocks":	0,
			"reverse":	0,
			"tos":	0
		}
	},
	"intervals":	[{
			"streams":	[{
					"socket":	5,
					"start":	0,
					"end":	1.000004,
					"seconds":	1.0000040531158447,
					"bytes":	38457984,
					"bits_per_second":	307662625.00773972,
					"retransmits":	0,
					"snd_cwnd":	68748,
					"rtt":	366,
					"rttvar":	45,
					"pmtu":	1400,
					"omitted":	false,
					"sender":	true
				}],
			"sum":	{
				"start":	0,
				"end":	1.000004,
				"seconds":	1.0000040531158447,
				"bytes":	38457984,
				"bits_per_second":	307662625.00773972,
				"retransmits":	0,
				"omitted":	false,
				"sender":	true
			}
		}, {
			"streams":	[{
					"socket":	5,
					"start":	1.000004,
					"end":	2.000007,
					"seconds":	1.0000029802322388,
					"bytes":	40085120,
					"bits_per_second":	320680004.29911286,
					"retransmits":	0,
					"snd_cwnd":	68748,
					"rtt":	470,
					"rttvar":	56,
					"pmtu":	1400,
					"omitted":	false,
					"sender":	true
				}],
			"sum":	{
				"start":	1.000004,
				"end":	2.000007,
				"seconds":	1.0000029802322388,
				"bytes":	40085120,
				"bits_per_second":	320680004.29911286,
				"retransmits":	0,
				"omitted":	false,
				"sender":	true
			}
		}, {
			"streams":	[{
					"socket":	5,
					"start":	2.000007,
					"end":	3.000004,
					"seconds":	0.99999701976776123,
					"bytes":	40146944,
					"bits_per_second":	321176509.180587,
					"retransmits":	0,
					"snd_cwnd":	72792,
					"rtt":	377,
					"rttvar":	58,
					"pmtu":	1400,
					"omitted":	false,
					"sender":	true
				}],
			"sum":	{
				"start":	2.000007,
				"end":	3.000004,
				"seconds":	0.99999701976776123,
				"bytes":	40146944,
				"bits_per_second":	321176509.180587,
				"retransmits":	0,
				"omitted":	false,
				"sender":	true
			}
		}, {
			"streams":	[{
					"socket":	5,
					"start":	3.000004,
					"end":	4.000018,
					"seconds":	1.0000139474868774,
					"bytes":	40099200,
					"bits_per_second":	320789125.79787749,
					"retransmits":	0,
					"snd_cwnd":	72792,
					"rtt":	415,
					"rttvar":	52,
					"pmtu":	1400,
					"omitted":	false,
					"sender":	true
				}],
			"sum":	{
				"start":	3.000004,
				"end":	4.000018,
				"seconds":	1.0000139474868774,
				"bytes":	40099200,
				"bits_per_second":	320789125.79787749,
				"retransmits":	0,
				"omitted":	false,
				"sender":	true
			}
		}, {
			"streams":	[{
					"socket":	5,
					"start":	4.000018,
					"end":	5.000004,
					"seconds":	0.99998599290847778,
					"bytes":	39728512,
					"bits_per_second":	317832547.90958732,
					"retransmits":	0,
					"snd_cwnd":	72792,
					"rtt":	453,
					"rttvar":	48,
					"pmtu":	1400,
					"omitted":	false,
					"sender":	true
				}],
			"sum":	{
				"start":	4.000018,
				"end":	5.000004,
				"seconds":	0.99998599290847778,
				"bytes":	39728512,
				"bits_per_second":	317832547.90958732,
				"retransmits":	0,
				"omitted":	false,
				"sender":	true
			}
		}, {
			"streams":	[{
					"socket":	5,
					"start":	5.000004,
					"end":	6.000006,
					"seconds":	1.0000020265579224,
					"bytes":	39476352,
					"bits_per_second":	315810175.99238586,
					"retransmits":	0,
					"snd_cwnd":	110536,
					"rtt":	387,
					"rttvar":	56,
					"pmtu":	1400,
					"omitted":	false,
					"sender":	true
				}],
			"sum":	{
				"start":	5.000004,
				"end":	6.000006,
				"seconds":	1.0000020265579224,
				"bytes":	39476352,
				"bits_per_second":	315810175.99238586,
				"retransmits":	0,
				"omitted":	false,
				"sender":	true
			}
		}, {
			"streams":	[{
					"socket":	5,
					"start":	6.000006,
					"end":	7.000057,
					"seconds":	1.0000510215759277,
					"bytes":	39245184,
					"bits_per_second":	313945454.00818115,
					"retransmits":	0,
					"snd_cwnd":	110536,
					"rtt":	387,
					"rttvar":	80,
					"pmtu":	1400,
					"omitted":	false,
					"sender":	true
				}],
			"sum":	{
				"start":	6.000006,
				"end":	7.000057,
				"seconds":	1.0000510215759277,
				"bytes":	39245184,
				"bits_per_second":	313945454.00818115,
				"retransmits":	0,
				"omitted":	false,
				"sender":	true
			}
		}, {
			"streams":	[{
					"socket":	5,
					"start":	7.000057,
					"end":	8.000003,
					"seconds":	0.9999459981918335,
					"bytes":	39210496,
					"bits_per_second":	313700908.41627795,
					"retransmits":	0,
					"snd_cwnd":	110536,
					"rtt":	425,
					"rttvar":	67,
					"pmtu":	1400,
					"omitted":	false,
					"sender":	true
				}],
			"sum":	{
				"start":	7.000057,
				"end":	8.000003,
				"seconds":	0.9999459981918335,
				"bytes":	39210496,
				"bits_per_second":	313700908.41627795,
				"retransmits":	0,
				"omitted":	false,
				"sender":	true
			}
		}, {
			"streams":	[{
					"socket":	5,
					"start":	8.000003,
					"end":	9.000027,
					"seconds":	1.0000239610671997,
					"bytes":	39245696,
					"bits_per_second":	313958045.23018032,
					"retransmits":	0,
					"snd_cwnd":	110536,
					"rtt":	410,
					"rttvar":	93,
					"pmtu":	1400,
					"omitted":	false,
					"sender":	true
				}],
			"sum":	{
				"start":	8.000003,
				"end":	9.000027,
				"seconds":	1.0000239610671997,
				"bytes":	39245696,
				"bits_per_second":	313958045.23018032,
				"retransmits":	0,
				"omitted":	false,
				"sender":	true
			}
		}, {
			"streams":	[{
					"socket":	5,
					"start":	9.000027,
					"end":	10.000003,
					"seconds":	0.99997597932815552,
					"bytes":	39207680,
					"bits_per_second":	313668974.53950518,
					"retransmits":	0,
					"snd_cwnd":	110536,
					"rtt":	399,
					"rttvar":	42,
					"pmtu":	1400,
					"omitted":	false,
					"sender":	true
				}],
			"sum":	{
				"start":	9.000027,
				"end":	10.000003,
				"seconds":	0.99997597932815552,
				"bytes":	39207680,
				"bits_per_second":	313668974.53950518,
				"retransmits":	0,
				"omitted":	false,
				"sender":	true
			}
		}, {
			"streams":	[{
					"socket":	5,
					"start":	10.000003,
					"end":	11.000005,
					"seconds":	1.0000020265579224,
					"bytes":	39520128,
					"bits_per_second":	316160383.2826705,
					"retransmits":	0,
					"snd_cwnd":	246684,
					"rtt":	402,
					"rttvar":	70,
					"pmtu":	1400,
					"omitted":	false,
					"sender":	true
				}],
			"sum":	{
				"start":	10.000003,
				"end":	11.000005,
				"seconds":	1.0000020265579224,
				"bytes":	39520128,
				"bits_per_second":	316160383.2826705,
				"retransmits":	0,
				"omitted":	false,
				"sender":	true
			}
		}, {
			"streams":	[{
					"socket":	5,
					"start":	11.000005,
					"end":	12.000004,
					"seconds":	0.99999898672103882,
					"bytes":	39189376,
					"bits_per_second":	313515325.67848355,
					"retransmits":	0,
					"snd_cwnd":	246684,
					"rtt":	392,
					"rttvar":	51,
					"pmtu":	1400,
					"omitted":	false,
					"sender":	true
				}],
			"sum":	{
				"start":	11.000005,
				"end":	12.000004,
				"seconds":	0.99999898672103882,
				"bytes":	39189376,
				"bits_per_second":	313515325.67848355,
				"retransmits":	0,
				"omitted":	false,
				"sender":	true
			}
		}, {
			"streams":	[{
					"socket":	5,
					"start":	12.000004,
					"end":	13.000003,
					"seconds":	0.99999898672103882,
					"bytes":	39282176,
					"bits_per_second":	314257726.43074256,
					"retransmits":	0,
					"snd_cwnd":	246684,
					"rtt":	412,
					"rttvar":	56,
					"pmtu":	1400,