{
	"start":	{
		"connected":	[{
				"socket":	5,
				"local_host":	"10.60.0.1",
				"local_port":	43755,
				"remote_host":	"172.16.10.3",
				"remote_port":	5201
			}],
		"version":	"iperf 3.7",
		"system_info":	"Linux ueransim1 5.4.0-169-generic #187-Ubuntu SMP Thu Nov 23 14:52:28 UTC 2023 x86_64",
		"timestamp":	{
			"time":	"Tue, 24 Jun 2025 10:28:45 GMT",
			"timesecs":	1750760925
		},
		"connecting_to":	{
			"host":	"172.16.10.3",
			"port":	5201
		},
		"cookie":	"r6kxyjm4c4hjh2zzcc5r3c7f5tkkbowpo322",
		"tcp_mss_default":	1348,
		"target_bitrate":	1000000000,
		"sock_bufsize":	0,
		"sndbuf_actual":	16384,
		"rcvbuf_actual":	131072,
		"test_start":	{
			"protocol":	"TCP",
			"num_streams":	1,
			"blksize":	1518,
			"omit":	0,
			"duration":	30,
			"bytes":	0,
			"blocks":	0,
			"reverse":	0,
			"tos":	0
		}
	},
	"intervals":	[{
			"streams":	[{
					"socket":	5,
					"start":	0,
					"end":	1.000024,
					"seconds":	1.0000239610671997,
					"bytes":	118958070,
					"bits_per_second":	951641757.647895,
					"retransmits":	2,
					"snd_cwnd":	767012,
					"rtt":	5090,
					"rttvar":	116,
					"pmtu":	1400,
					"omitted":	false,
					"sender":	true
				}],
			"sum":	{
				"start":	0,
				"end":	1.000024,
				"seconds":	1.0000239610671997,
				"bytes":	118958070,
				"bits_per_second":	951641757.647895,
				"retransmits":	2,
				"omitted":	false,
				"sender":	true
			}
		}, {
			"streams":	[{
					"socket":	5,
					"start":	1.000024,
					"end":	2.000007,
					"seconds":	0.999983012676239,
					"bytes":	116731164,
					"bits_per_second":	933865175.87009156,
					"retransmits":	1,
					"snd_cwnd":	625472,
					"rtt":	5008,
					"rttvar":	149,
					"pmtu":	1400,
					"omitted":	false,
					"sender":	true
				}],
			"sum":	{
				"start":	1.000024,
				"end":	2.000007,
				"seconds":	0.999983012676239,
				"bytes":	116731164,
				"bits_per_second":	933865175.87009156,
				"retransmits":	1,
				"omitted":	false,
				"sender":	true
			}
		}, {
			"streams":	[{
					"socket":	5,
					"start":	2.000007,
					"end":	3.000018,
					"seconds":	1.0000109672546387,
					"bytes":	117160758,
					"bits_per_second":	937275784.65780294,
					"retransmits":	0,
					"snd_cwnd":	748140,
					"rtt":	6222,
					"rttvar":	169,
					"pmtu":	1400,
					"omitted":	false,
					"sender":	true
				}],
			"sum":	{
				"start":	2.000007,
				"end":	3.000018,
				"seconds":	1.0000109672546387,
				"bytes":	117160758,
				"bits_per_second":	937275784.65780294,
				"retransmits":	0,
				"omitted":	false,
				"sender":	true
			}
		}, {
			"streams":	[{
					"socket":	5,
					"start":	3.000018,
					"end":	4.000024,
					"seconds":	1.0000059604644775,
					"bytes":	117186564,
					"bits_per_second":	937486924.14249051,
					"retransmits":	1,
					"snd_cwnd":	611992,
					"rtt":	4908,
					"rttvar":	172,
					"pmtu":	1400,
					"omitted":	false,
					"sender":	true
				}],
			"sum":	{
				"start":	3.000018,
				"end":	4.000024,
				"seconds":	1.0000059604644775,
				"bytes":	117186564,
				"bits_per_second":	937486924.14249051,
				"retransmits":	1,
				"omitted":	false,
				"sender":	true
			}
		}, {
			"streams":	[{
					"socket":	5,
					"start":	4.000024,
					"end":	5.00002,
					"seconds":	0.9999960064888,
					"bytes":	117171384,
					"bits_per_second":	937374815.41682386,
					"retransmits":	0,
					"snd_cwnd":	738704,
					"rtt":	5936,
					"rttvar":	165,
					"pmtu":	1400,
					"omitted":	false,
					"sender":	true
				}],
			"sum":	{
				"start":	4.000024,
				"end":	5.00002,
				"seconds":	0.9999960064888,
				"bytes":	117171384,
				"bits_per_second":	937374815.41682386,
				"retransmits":	0,
				"omitted":	false,
				"sender":	true
			}
		}, {
			"streams":	[{
					"socket":	5,
					"start":	5.00002,
					"end":	6.000009,
					"seconds":	0.99998897314071655,
					"bytes":	117183528,
					"bits_per_second":	937478561.44417834,
					"retransmits":	1,
					"snd_cwnd":	594468,
					"rtt":	4828,
					"rttvar":	114,
					"pmtu":	1400,
					"omitted":	false,
					"sender":	true
				}],
			"sum":	{
				"start":	5.00002,
				"end":	6.000009,
				"seconds":	0.99998897314071655,
				"bytes":	117183528,
				"bits_per_second":	937478561.44417834,
				"retransmits":	1,
				"omitted":	false,
				"sender":	true
			}
		}, {
			"streams":	[{
					"socket":	5,
					"start":	6.000009,
					"end":	7.000021,
					"seconds":	1.0000120401382446,
					"bytes":	117169866,
					"bits_per_second":	937347642.20480454,
					"retransmits":	0,
					"snd_cwnd":	725224,
					"rtt":	5886,
					"rttvar":	112,
					"pmtu":	1400,
					"omitted":	false,
					"sender":	true
				}],
			"sum":	{
				"start":	6.000009,
				"end":	7.000021,
				"seconds":	1.0000120401382446,
				"bytes":	117169866,
				"bits_per_second":	937347642.20480454,
				"retransmits":	0,
				"omitted":	false,
				"sender":	true
			}
		}, {
			"streams":	[{
					"socket":	5,
					"start":	7.000021,
					"end":	8.000028,
					"seconds":	1.0000070333480835,
					"bytes":	117169866,
					"bits_per_second":	937352335.27474916,
					"retransmits":	1,
					"snd_cwnd":	580988,
					"rtt":	4773,
					"rttvar":	98,
					"pmtu":	1400,
					"omitted":	false,
					"sender":	true
				}],
			"sum":	{
				"start":	7.000021,
				"end":	8.000028,
				"seconds":	1.0000070333480835,
				"bytes":	117169866,
				"bits_per_second":	937352335.27474916,
				"retransmits":	1,
				"omitted":	false,
				"sender":	true
			}
		}, {
			"streams":	[{
					"socket":	5,
					"start":	8.000028,
					"end":	9.000045,
					"seconds":	1.0000170469284058,
					"bytes":	117160758,
					"bits_per_second":	937270086.42393982,
					"retransmits":	0,
					"snd_cwnd":	710396,
					"rtt":	5663,
					"rttvar":	142,
					"pmtu":	1400,
					"omitted":	false,
					"sender":	true
				}],
			"sum":	{
				"start":	8.000028,
				"end":	9.000045,
				"seconds":	1.0000170469284058,
				"bytes":	117160758,
				"bits_per_second":	937270086.42393982,
				"retransmits":	0,
				"omitted":	false,
				"sender":	true
			}
		}, {
			"streams":	[{
					"socket":	5,
					"start":	9.000045,
					"end":	10.000025,
					"seconds":	0.99997997283935547,
					"bytes":	117177456,
					"bits_per_second":	937438422.2298764,
					"retransmits":	1,
					"snd_cwnd":	572900,
					"rtt":	4625,
					"rttvar":	100,
					"pmtu":	1400,
					"omitted":	false,
					"sender":	true
				}],
			"sum":	{
				"start":	9.000045,
				"end":	10.000025,
				"seconds":	0.99997997283935547,
				"bytes":	117177456,
				"bits_per_second":	937438422.2298764,
				"retransmits":	1,
				"omitted":	false,
				"sender":	true
			}
		}, {
			"streams":	[{
					"socket":	5,
					"start":	10.000025,
					"end":	11.000047,
					"seconds":	1.0000220537185669,
					"bytes":	117107628,
					"bits_per_second":	936840363.18628824,
					"retransmits":	0,
					"snd_cwnd":	702308,
					"rtt":	5650,
					"rttvar":	91,
					"pmtu":	1400,
					"omitted":	false,
					"sender":	true
				}],
			"sum":	{
				"start":	10.000025,
				"end":	11.000047,
				"seconds":	1.0000220537185669,
				"bytes":	117107628,
				"bits_per_second":	936840363.18628824,
				"retransmits":	0,
				"omitted":	false,
				"sender":	true
			}
		}, {
			"streams":	[{
					"socket":	5,
					"start":	11.000047,
					"end":	12.000016,
					"seconds":	0.9999690055847168,
					"bytes":	117174420,
					"bits_per_second":	937424414.92161274,
					"retransmits":	0,
					"snd_cwnd":	812844,
					"rtt":	6565,
					"rttvar":	208,
					"pmtu":	1400,
					"omitted":	false,
					"sender":	true
				}],
			"sum":	{
				"start":	11.000047,
				"end":	12.000016,
				"seconds":	0.9999690055847168,
				"bytes":	117174420,
				"bits_per_second":	937424414.92161274,
				"retransmits":	0,
				"omitted":	false,
				"sender":	true
			}
		}, {
			"streams":	[{
					"socket":	5,
					"start":	12.000016,
					"end":	13.000024,
					"seconds":	1.0000079870224,
					"bytes":	117174420,
					"bits_per_second":	937387873.06206048,
					"retransmits":	1,
					"snd_cwnd":	694220,
					"rtt":	5592,
					"rttvar":	162,