{
	"start":	{
		"connected":	[{
				"socket":	5,
				"local_host":	"10.60.0.1",
				"local_port":	33427,
				"remote_host":	"172.16.10.3",
				"remote_port":	5201
			}],
		"version":	"iperf 3.7",
		"system_info":	"Linux ueransim1 5.4.0-169-generic #187-Ubuntu SMP Thu Nov 23 14:52:28 UTC 2023 x86_64",
		"timestamp":	{
			"time":	"Tue, 24 Jun 2025 10:22:21 GMT",
			"timesecs":	1750760541
		},
		"connecting_to":	{
			"host":	"172.16.10.3",
			"port":	5201
		},
		"cookie":	"b4pxoz5tqb2cyebepy2n7um3yefgdi5dir6x",
		"tcp_mss_default":	1348,
		"target_bitrate":	500000000,
		"sock_bufsize":	0,
		"sndbuf_actual":	16384,
		"rcvbuf_actual":	131072,
		"test_start":	{
			"protocol":	"TCP",
			"num_streams":	1,
			"blksize":	1518,
			"omit":	0,
			"duration":	30,
			"bytes":	0,
			"blocks":	0,
			"reverse":	0,
			"tos":	0
		}
	},
	"intervals":	[{
			"streams":	[{
					"socket":	5,
					"start":	0,
					"end":	1.00008,
					"seconds":	1.0000799894332886,
					"bytes":	62459628,
					"bits_per_second":	499637058.3148554,
					"retransmits":	0,
					"snd_cwnd":	88968,
					"rtt":	715,
					"rttvar":	72,
					"pmtu":	1400,
					"omitted":	false,
					"sender":	true
				}],
			"sum":	{
				"start":	0,
				"end":	1.00008,
				"seconds":	1.0000799894332886,
				"bytes":	62459628,
				"bits_per_second":	499637058.3148554,
				"retransmits":	0,
				"omitted":	false,
				"sender":	true
			}
		}, {
			"streams":	[{
					"socket":	5,
					"start":	1.00008,
					"end":	2.000084,
					"seconds":	1.0000040531158447,
					"bytes":	62502132,
					"bits_per_second":	500015029.38116181,
					"retransmits":	0,
					"snd_cwnd":	94360,
					"rtt":	521,
					"rttvar":	58,
					"pmtu":	1400,
					"omitted":	false,
					"sender":	true
				}],
			"sum":	{
				"start":	1.00008,
				"end":	2.000084,
				"seconds":	1.0000040531158447,
				"bytes":	62502132,
				"bits_per_second":	500015029.38116181,
				"retransmits":	0,
				"omitted":	false,
				"sender":	true
			}
		}, {
			"streams":	[{
					"socket":	5,
					"start":	2.000084,
					"end":	3.000085,
					"seconds":	1.0000009536743164,
					"bytes":	62499096,
					"bits_per_second":	499992291.17019349,
					"retransmits":	0,
					"snd_cwnd":	103796,
					"rtt":	680,
					"rttvar":	62,
					"pmtu":	1400,
					"omitted":	false,
					"sender":	true
				}],
			"sum":	{
				"start":	2.000084,
				"end":	3.000085,
				"seconds":	1.0000009536743164,
				"bytes":	62499096,
				"bits_per_second":	499992291.17019349,
				"retransmits":	0,
				"omitted":	false,
				"sender":	true
			}
		}, {
			"streams":	[{
					"socket":	5,
					"start":	3.000085,
					"end":	4.00008,
					"seconds":	0.99999499320983887,
					"bytes":	62505168,
					"bits_per_second":	500043847.61461639,
					"retransmits":	0,
					"snd_cwnd":	103796,
					"rtt":	595,
					"rttvar":	48,
					"pmtu":	1400,
					"omitted":	false,
					"sender":	true
				}],
			"sum":	{
				"start":	3.000085,
				"end":	4.00008,
				"seconds":	0.99999499320983887,
				"bytes":	62505168,
				"bits_per_second":	500043847.61461639,
				"retransmits":	0,
				"omitted":	false,
				"sender":	true
			}
		}, {
			"streams":	[{
					"socket":	5,
					"start":	4.00008,
					"end":	5.00008,
					"seconds":	1,
					"bytes":	62493024,
					"bits_per_second":	499944192,
					"retransmits":	0,
					"snd_cwnd":	103796,
					"rtt":	659,
					"rttvar":	98,
					"pmtu":	1400,
					"omitted":	false,
					"sender":	true
				}],
			"sum":	{
				"start":	4.00008,
				"end":	5.00008,
				"seconds":	1,
				"bytes":	62493024,
				"bits_per_second":	499944192,
				"retransmits":	0,
				"omitted":	false,
				"sender":	true
			}
		}, {
			"streams":	[{
					"socket":	5,
					"start":	5.00008,
					"end":	6.000083,
					"seconds":	1.0000029802322388,
					"bytes":	62500614,
					"bits_per_second":	500003421.87368262,
					"retransmits":	0,
					"snd_cwnd":	109188,
					"rtt":	677,
					"rttvar":	97,
					"pmtu":	1400,
					"omitted":	false,
					"sender":	true
				}],
			"sum":	{
				"start":	5.00008,
				"end":	6.000083,
				"seconds":	1.0000029802322388,
				"bytes":	62500614,
				"bits_per_second":	500003421.87368262,
				"retransmits":	0,
				"omitted":	false,
				"sender":	true
			}
		}, {
			"streams":	[{
					"socket":	5,
					"start":	6.000083,
					"end":	7.000089,
					"seconds":	1.0000059604644775,
					"bytes":	62500614,
					"bits_per_second":	500001931.75624704,
					"retransmits":	0,
					"snd_cwnd":	109188,
					"rtt":	652,
					"rttvar":	87,
					"pmtu":	1400,
					"omitted":	false,
					"sender":	true
				}],
			"sum":	{
				"start":	6.000083,
				"end":	7.000089,
				"seconds":	1.0000059604644775,
				"bytes":	62500614,
				"bits_per_second":	500001931.75624704,
				"retransmits":	0,
				"omitted":	false,
				"sender":	true
			}
		}, {
			"streams":	[{
					"socket":	5,
					"start":	7.000089,
					"end":	8.000058,
					"seconds":	0.9999690055847168,
					"bytes":	62506686,
					"bits_per_second":	500068987.34586406,
					"retransmits":	0,
					"snd_cwnd":	109188,
					"rtt":	502,
					"rttvar":	17,
					"pmtu":	1400,
					"omitted":	false,
					"sender":	true
				}],
			"sum":	{
				"start":	7.000089,
				"end":	8.000058,
				"seconds":	0.9999690055847168,
				"bytes":	62506686,
				"bits_per_second":	500068987.34586406,
				"retransmits":	0,
				"omitted":	false,
				"sender":	true
			}
		}, {
			"streams":	[{
					"socket":	5,
					"start":	8.000058,
					"end":	9.000087,
					"seconds":	1.0000289678573608,
					"bytes":	62491506,
					"bits_per_second":	499917566.45924264,
					"retransmits":	0,
					"snd_cwnd":	165804,
					"rtt":	668,
					"rttvar":	73,
					"pmtu":	1400,
					"omitted":	false,
					"sender":	true
				}],
			"sum":	{
				"start":	8.000058,
				"end":	9.000087,
				"seconds":	1.0000289678573608,
				"bytes":	62491506,
				"bits_per_second":	499917566.45924264,
				"retransmits":	0,
				"omitted":	false,
				"sender":	true
			}
		}, {
			"streams":	[{
					"socket":	5,
					"start":	9.000087,
					"end":	10.000088,
					"seconds":	1.0000009536743164,
					"bytes":	62502132,
					"bits_per_second":	500016579.14703071,
					"retransmits":	0,
					"snd_cwnd":	165804,
					"rtt":	625,
					"rttvar":	75,
					"pmtu":	1400,
					"omitted":	false,
					"sender":	true
				}],
			"sum":	{
				"start":	9.000087,
				"end":	10.000088,
				"seconds":	1.0000009536743164,
				"bytes":	62502132,
				"bits_per_second":	500016579.14703071,
				"retransmits":	0,
				"omitted":	false,
				"sender":	true
			}
		}, {
			"streams":	[{
					"socket":	5,
					"start":	10.000088,
					"end":	11.000087,
					"seconds":	0.99999898672103882,
					"bytes":	62499096,
					"bits_per_second":	499993274.63266593,
					"retransmits":	0,
					"snd_cwnd":	165804,
					"rtt":	610,
					"rttvar":	72,
					"pmtu":	1400,
					"omitted":	false,
					"sender":	true
				}],
			"sum":	{
				"start":	10.000088,
				"end":	11.000087,
				"seconds":	0.99999898672103882,
				"bytes":	62499096,
				"bits_per_second":	499993274.63266593,
				"retransmits":	0,
				"omitted":	false,
				"sender":	true
			}
		}, {
			"streams":	[{
					"socket":	5,
					"start":	11.000087,
					"end":	12.000087,
					"seconds":	1,
					"bytes":	62499096,
					"bits_per_second":	499992768,
					"retransmits":	0,
					"snd_cwnd":	165804,
					"rtt":	610,
					"rttvar":	82,
					"pmtu":	1400,
					"omitted":	false,
					"sender":	true
				}],
			"sum":	{
				"start":	11.000087,
				"end":	12.000087,
				"seconds":	1,
				"bytes":	62499096,
				"bits_per_second":	499992768,
				"retransmits":	0,
				"omitted":	false,
				"sender":	true
			}
		}, {
			"streams":	[{
					"socket":	5,
					"start":	12.000087,
					"end":	13.000084,
					"seconds":	0.99999701976776123,
					"bytes":	62500614,
					"bits_per_second":	500006402.13519925,
					"retransmits":	0,
					"snd_cwnd":	165804,
					"rtt":	727,
					"rttvar":	72,
					"pmtu":	1400,
					"omitted":	false,
					"sender":	true
				}],
			"sum":	{
				"start":	12.000087,
				"end":	13.000084,