{
	"start":	{
		"connected":	[{
				"socket":	5,
				"local_host":	"10.60.0.1",
				"local_port":	48287,
				"remote_host":	"172.16.10.3",
				"remote_port":	5201
			}],
		"version":	"iperf 3.7",
		"system_info":	"Linux ueransim1 5.4.0-169-generic #187-Ubuntu SMP Thu Nov 23 14:52:28 UTC 2023 x86_64",
		"timestamp":	{
			"time":	"Tue, 24 Jun 2025 10:24:29 GMT",
			"timesecs":	1750760669
		},
		"connecting_to":	{
			"host":	"172.16.10.3",
			"port":	5201
		},
		"cookie":	"n42q5juzbnbgsita5avqyvmjthr3as76g75o",
		"tcp_mss_default":	1348,
		"target_bitrate":	1000000000,
		"sock_bufsize":	0,
		"sndbuf_actual":	16384,
		"rcvbuf_actual":	131072,
		"test_start":	{
			"protocol":	"TCP",
			"num_streams":	1,
			"blksize":	64,
			"omit":	0,
			"duration":	30,
			"bytes":	0,
			"blocks":	0,
			"reverse":	0,
			"tos":	0
		}
	},
	"intervals":	[{
			"streams":	[{
					"socket":	5,
					"start":	0,
					"end":	1.000002,
					"seconds":	1.0000020265579224,
					"bytes":	18845632,
					"bits_per_second":	150764750.46650052,
					"retransmits":	0,
					"snd_cwnd":	36396,
					"rtt":	487,
					"rttvar":	53,
					"pmtu":	1400,
					"omitted":	false,
					"sender":	true
				}],
			"sum":	{
				"start":	0,
				"end":	1.000002,
				"seconds":	1.0000020265579224,
				"bytes":	18845632,
				"bits_per_second":	150764750.46650052,
				"retransmits":	0,
				"omitted":	false,
				"sender":	true
			}
		}, {
			"streams":	[{
					"socket":	5,
					"start":	1.000002,
					"end":	2.000002,
					"seconds":	1,
					"bytes":	20750720,
					"bits_per_second":	166005760,
					"retransmits":	0,
					"snd_cwnd":	36396,
					"rtt":	610,
					"rttvar":	79,
					"pmtu":	1400,
					"omitted":	false,
					"sender":	true
				}],
			"sum":	{
				"start":	1.000002,
				"end":	2.000002,
				"seconds":	1,
				"bytes":	20750720,
				"bits_per_second":	166005760,
				"retransmits":	0,
				"omitted":	false,
				"sender":	true
			}
		}, {
			"streams":	[{
					"socket":	5,
					"start":	2.000002,
					"end":	3.000099,
					"seconds":	1.0000970363616943,
					"bytes":	20770176,
					"bits_per_second":	166145285.86594689,
					"retransmits":	0,
					"snd_cwnd":	36396,
					"rtt":	633,
					"rttvar":	182,
					"pmtu":	1400,
					"omitted":	false,
					"sender":	true
				}],
			"sum":	{
				"start":	2.000002,
				"end":	3.000099,
				"seconds":	1.0000970363616943,
				"bytes":	20770176,
				"bits_per_second":	166145285.86594689,
				"retransmits":	0,
				"omitted":	false,
				"sender":	true
			}
		}, {
			"streams":	[{
					"socket":	5,
					"start":	3.000099,
					"end":	4.000003,
					"seconds":	0.99990397691726685,
					"bytes":	20765696,
					"bits_per_second":	166141521.42105684,
					"retransmits":	0,
					"snd_cwnd":	36396,
					"rtt":	595,
					"rttvar":	96,
					"pmtu":	1400,
					"omitted":	false,
					"sender":	true
				}],
			"sum":	{
				"start":	3.000099,
				"end":	4.000003,
				"seconds":	0.99990397691726685,
				"bytes":	20765696,
				"bits_per_second":	166141521.42105684,
				"retransmits":	0,
				"omitted":	false,
				"sender":	true
			}
		}, {
			"streams":	[{
					"socket":	5,
					"start":	4.000003,
					"end":	5.000003,
					"seconds":	1,
					"bytes":	20765952,
					"bits_per_second":	166127616,
					"retransmits":	0,
					"snd_cwnd":	36396,
					"rtt":	590,
					"rttvar":	74,
					"pmtu":	1400,
					"omitted":	false,
					"sender":	true
				}],
			"sum":	{
				"start":	4.000003,
				"end":	5.000003,
				"seconds":	1,
				"bytes":	20765952,
				"bits_per_second":	166127616,
				"retransmits":	0,
				"omitted":	false,
				"sender":	true
			}
		}, {
			"streams":	[{
					"socket":	5,
					"start":	5.000003,
					"end":	6.000007,
					"seconds":	1.0000040531158447,
					"bytes":	20753856,
					"bits_per_second":	166030175.06046677,
					"retransmits":	0,
					"snd_cwnd":	36396,
					"rtt":	704,
					"rttvar":	34,
					"pmtu":	1400,
					"omitted":	false,
					"sender":	true
				}],
			"sum":	{
				"start":	5.000003,
				"end":	6.000007,
				"seconds":	1.0000040531158447,
				"bytes":	20753856,
				"bits_per_second":	166030175.06046677,
				"retransmits":	0,
				"omitted":	false,
				"sender":	true
			}
		}, {
			"streams":	[{
					"socket":	5,
					"start":	6.000007,
					"end":	7.000003,
					"seconds":	0.9999960064888,
					"bytes":	20768256,
					"bits_per_second":	166146711.50875324,
					"retransmits":	0,
					"snd_cwnd":	36396,
					"rtt":	744,
					"rttvar":	120,
					"pmtu":	1400,
					"omitted":	false,
					"sender":	true
				}],
			"sum":	{
				"start":	6.000007,
				"end":	7.000003,
				"seconds":	0.9999960064888,
				"bytes":	20768256,
				"bits_per_second":	166146711.50875324,
				"retransmits":	0,
				"omitted":	false,
				"sender":	true
			}
		}, {
			"streams":	[{
					"socket":	5,
					"start":	7.000003,
					"end":	8.000002,
					"seconds":	0.99999898672103882,
					"bytes":	20770432,
					"bits_per_second":	166163624.3701047,
					"retransmits":	0,
					"snd_cwnd":	36396,
					"rtt":	610,
					"rttvar":	52,
					"pmtu":	1400,
					"omitted":	false,
					"sender":	true
				}],
			"sum":	{
				"start":	7.000003,
				"end":	8.000002,
				"seconds":	0.99999898672103882,
				"bytes":	20770432,
				"bits_per_second":	166163624.3701047,
				"retransmits":	0,
				"omitted":	false,
				"sender":	true
			}
		}, {
			"streams":	[{
					"socket":	5,
					"start":	8.000002,
					"end":	9.000003,
					"seconds":	1.0000009536743164,
					"bytes":	20762304,
					"bits_per_second":	166098273.59634247,
					"retransmits":	0,
					"snd_cwnd":	36396,
					"rtt":	512,
					"rttvar":	115,
					"pmtu":	1400,
					"omitted":	false,
					"sender":	true
				}],
			"sum":	{
				"start":	8.000002,
				"end":	9.000003,
				"seconds":	1.0000009536743164,
				"bytes":	20762304,
				"bits_per_second":	166098273.59634247,
				"retransmits":	0,
				"omitted":	false,
				"sender":	true
			}
		}, {
			"streams":	[{
					"socket":	5,
					"start":	9.000003,
					"end":	10.000056,
					"seconds":	1.00005304813385,
					"bytes":	20772672,
					"bits_per_second":	166172560.85574952,
					"retransmits":	0,
					"snd_cwnd":	36396,
					"rtt":	514,
					"rttvar":	21,
					"pmtu":	1400,
					"omitted":	false,
					"sender":	true
				}],
			"sum":	{
				"start":	9.000003,
				"end":	10.000056,
				"seconds":	1.00005304813385,
				"bytes":	20772672,
				"bits_per_second":	166172560.85574952,
				"retransmits":	0,
				"omitted":	false,
				"sender":	true
			}
		}, {
			"streams":	[{
					"socket":	5,
					"start":	10.000056,
					"end":	11.000002,
					"seconds":	0.9999459981918335,
					"bytes":	20731136,
					"bits_per_second":	165858044.6343092,
					"retransmits":	0,
					"snd_cwnd":	36396,
					"rtt":	507,
					"rttvar":	39,
					"pmtu":	1400,
					"omitted":	false,
					"sender":	true
				}],
			"sum":	{
				"start":	10.000056,
				"end":	11.000002,
				"seconds":	0.9999459981918335,
				"bytes":	20731136,
				"bits_per_second":	165858044.6343092,
				"retransmits":	0,
				"omitted":	false,
				"sender":	true
			}
		}, {
			"streams":	[{
					"socket":	5,
					"start":	11.000002,
					"end":	12.000003,
					"seconds":	1.0000009536743164,
					"bytes":	20755136,
					"bits_per_second":	166040929.65102991,
					"retransmits":	0,
					"snd_cwnd":	55268,
					"rtt":	664,
					"rttvar":	155,
					"pmtu":	1400,
					"omitted":	false,
					"sender":	true
				}],
			"sum":	{
				"start":	11.000002,
				"end":	12.000003,
				"seconds":	1.0000009536743164,
				"bytes":	20755136,
				"bits_per_second":	166040929.65102991,
				"retransmits":	0,
				"omitted":	false,
				"sender":	true
			}
		}, {
			"streams":	[{
					"socket":	5,
					"start":	12.000003,
					"end":	13.000002,
					"seconds":	0.99999898672103882,
					"bytes":	20691520,
					"bits_per_second":	165532327.73042509,
					"retransmits":	0,
					"snd_cwnd":	55268,
					"rtt":	881,
					"rttvar":	146,
					"pmtu":	1400,
					"omitted":	false,
					"sender":	true
				}],
			"sum":	{
				"start":	12.000003,
				"end":	13.000002,