{
	"start":	{
		"connected":	[{
				"socket":	5,
				"local_host":	"10.60.0.1",
				"local_port":	51323,
				"remote_host":	"172.16.10.3",
				"remote_port":	5201
			}],
		"version":	"iperf 3.7",
		"system_info":	"Linux ueransim1 5.4.0-169-generic #187-Ubuntu SMP Thu Nov 23 14:52:28 UTC 2023 x86_64",
		"timestamp":	{
			"time":	"Tue, 24 Jun 2025 10:23:57 GMT",
			"timesecs":	1750760637
		},
		"connecting_to":	{
			"host":	"172.16.10.3",
			"port":	5201
		},
		"cookie":	"xxvfhwjvn23g4ej6zxt6j6huu22j2qrovbo3",
		"tcp_mss_default":	1348,
		"target_bitrate":	1000000000,
		"sock_bufsize":	0,
		"sndbuf_actual":	16384,
		"rcvbuf_actual":	131072,
		"test_start":	{
			"protocol":	"TCP",
			"num_streams":	1,
			"blksize":	64,
			"omit":	0,
			"duration":	30,
			"bytes":	0,
			"blocks":	0,
			"reverse":	0,
			"tos":	0
		}
	},
	"intervals":	[{
			"streams":	[{
					"socket":	5,
					"start":	0,
					"end":	1.000057,
					"seconds":	1.0000569820404053,
					"bytes":	19891776,
					"bits_per_second":	159125140.72480172,
					"retransmits":	0,
					"snd_cwnd":	32352,
					"rtt":	513,
					"rttvar":	119,
					"pmtu":	1400,
					"omitted":	false,
					"sender":	true
				}],
			"sum":	{
				"start":	0,
				"end":	1.000057,
				"seconds":	1.0000569820404053,
				"bytes":	19891776,
				"bits_per_second":	159125140.72480172,
				"retransmits":	0,
				"omitted":	false,
				"sender":	true
			}
		}, {
			"streams":	[{
					"socket":	5,
					"start":	1.000057,
					"end":	2.000004,
					"seconds":	0.99994701147079468,
					"bytes":	20711296,
					"bits_per_second":	165699148.15415126,
					"retransmits":	0,
					"snd_cwnd":	35048,
					"rtt":	636,
					"rttvar":	129,
					"pmtu":	1400,
					"omitted":	false,
					"sender":	true
				}],
			"sum":	{
				"start":	1.000057,
				"end":	2.000004,
				"seconds":	0.99994701147079468,
				"bytes":	20711296,
				"bits_per_second":	165699148.15415126,
				"retransmits":	0,
				"omitted":	false,
				"sender":	true
			}
		}, {
			"streams":	[{
					"socket":	5,
					"start":	2.000004,
					"end":	3.000002,
					"seconds":	0.99999797344207764,
					"bytes":	20741056,
					"bits_per_second":	165928784.2642923,
					"retransmits":	0,
					"snd_cwnd":	39092,
					"rtt":	528,
					"rttvar":	30,
					"pmtu":	1400,
					"omitted":	false,
					"sender":	true
				}],
			"sum":	{
				"start":	2.000004,
				"end":	3.000002,
				"seconds":	0.99999797344207764,
				"bytes":	20741056,
				"bits_per_second":	165928784.2642923,
				"retransmits":	0,
				"omitted":	false,
				"sender":	true
			}
		}, {
			"streams":	[{
					"socket":	5,
					"start":	3.000002,
					"end":	4.000002,
					"seconds":	1,
					"bytes":	20723584,
					"bits_per_second":	165788672,
					"retransmits":	0,
					"snd_cwnd":	39092,
					"rtt":	577,
					"rttvar":	97,
					"pmtu":	1400,
					"omitted":	false,
					"sender":	true
				}],
			"sum":	{
				"start":	3.000002,
				"end":	4.000002,
				"seconds":	1,
				"bytes":	20723584,
				"bits_per_second":	165788672,
				"retransmits":	0,
				"omitted":	false,
				"sender":	true
			}
		}, {
			"streams":	[{
					"socket":	5,
					"start":	4.000002,
					"end":	5.000002,
					"seconds":	1,
					"bytes":	20719680,
					"bits_per_second":	165757440,
					"retransmits":	0,
					"snd_cwnd":	39092,
					"rtt":	505,
					"rttvar":	121,
					"pmtu":	1400,
					"omitted":	false,
					"sender":	true
				}],
			"sum":	{
				"start":	4.000002,
				"end":	5.000002,
				"seconds":	1,
				"bytes":	20719680,
				"bits_per_second":	165757440,
				"retransmits":	0,
				"omitted":	false,
				"sender":	true
			}
		}, {
			"streams":	[{
					"socket":	5,
					"start":	5.000002,
					"end":	6.000002,
					"seconds":	1,
					"bytes":	20746240,
					"bits_per_second":	165969920,
					"retransmits":	0,
					"snd_cwnd":	57964,
					"rtt":	615,
					"rttvar":	208,
					"pmtu":	1400,
					"omitted":	false,
					"sender":	true
				}],
			"sum":	{
				"start":	5.000002,
				"end":	6.000002,
				"seconds":	1,
				"bytes":	20746240,
				"bits_per_second":	165969920,
				"retransmits":	0,
				"omitted":	false,
				"sender":	true
			}
		}, {
			"streams":	[{
					"socket":	5,
					"start":	6.000002,
					"end":	7.000055,
					"seconds":	1.00005304813385,
					"bytes":	20563200,
					"bits_per_second":	164496873.74782351,
					"retransmits":	0,
					"snd_cwnd":	57964,
					"rtt":	594,
					"rttvar":	159,
					"pmtu":	1400,
					"omitted":	false,
					"sender":	true
				}],
			"sum":	{
				"start":	6.000002,
				"end":	7.000055,
				"seconds":	1.00005304813385,
				"bytes":	20563200,
				"bits_per_second":	164496873.74782351,
				"retransmits":	0,
				"omitted":	false,
				"sender":	true
			}
		}, {
			"streams":	[{
					"socket":	5,
					"start":	7.000055,
					"end":	8.000047,
					"seconds":	0.9999920129776001,
					"bytes":	20483072,
					"bits_per_second":	163865884.8004925,
					"retransmits":	0,
					"snd_cwnd":	57964,
					"rtt":	499,
					"rttvar":	140,
					"pmtu":	1400,
					"omitted":	false,
					"sender":	true
				}],
			"sum":	{
				"start":	7.000055,
				"end":	8.000047,
				"seconds":	0.9999920129776001,
				"bytes":	20483072,
				"bits_per_second":	163865884.8004925,
				"retransmits":	0,
				"omitted":	false,
				"sender":	true
			}
		}, {
			"streams":	[{
					"socket":	5,
					"start":	8.000047,
					"end":	9.000003,
					"seconds":	0.99995601177215576,
					"bytes":	20470080,
					"bits_per_second":	163767843.85722914,
					"retransmits":	0,
					"snd_cwnd":	57964,
					"rtt":	502,
					"rttvar":	90,
					"pmtu":	1400,
					"omitted":	false,
					"sender":	true
				}],
			"sum":	{
				"start":	8.000047,
				"end":	9.000003,
				"seconds":	0.99995601177215576,
				"bytes":	20470080,
				"bits_per_second":	163767843.85722914,
				"retransmits":	0,
				"omitted":	false,
				"sender":	true
			}
		}, {
			"streams":	[{
					"socket":	5,
					"start":	9.000003,
					"end":	10.000003,
					"seconds":	1,
					"bytes":	20476032,
					"bits_per_second":	163808256,
					"retransmits":	0,
					"snd_cwnd":	57964,
					"rtt":	661,
					"rttvar":	28,
					"pmtu":	1400,
					"omitted":	false,
					"sender":	true
				}],
			"sum":	{
				"start":	9.000003,
				"end":	10.000003,
				"seconds":	1,
				"bytes":	20476032,
				"bits_per_second":	163808256,
				"retransmits":	0,
				"omitted":	false,
				"sender":	true
			}
		}, {
			"streams":	[{
					"socket":	5,
					"start":	10.000003,
					"end":	11.000002,
					"seconds":	0.99999898672103882,
					"bytes":	20487936,
					"bits_per_second":	163903654.08012435,
					"retransmits":	0,
					"snd_cwnd":	57964,
					"rtt":	540,
					"rttvar":	95,
					"pmtu":	1400,
					"omitted":	false,
					"sender":	true
				}],
			"sum":	{
				"start":	10.000003,
				"end":	11.000002,
				"seconds":	0.99999898672103882,
				"bytes":	20487936,
				"bits_per_second":	163903654.08012435,
				"retransmits":	0,
				"omitted":	false,
				"sender":	true
			}
		}, {
			"streams":	[{
					"socket":	5,
					"start":	11.000002,
					"end":	12.000007,
					"seconds":	1.0000050067901611,
					"bytes":	20466944,
					"bits_per_second":	163734732.21455371,
					"retransmits":	0,
					"snd_cwnd":	57964,
					"rtt":	639,
					"rttvar":	130,
					"pmtu":	1400,
					"omitted":	false,
					"sender":	true
				}],
			"sum":	{
				"start":	11.000002,
				"end":	12.000007,
				"seconds":	1.0000050067901611,
				"bytes":	20466944,
				"bits_per_second":	163734732.21455371,
				"retransmits":	0,
				"omitted":	false,
				"sender":	true
			}
		}, {
			"streams":	[{
					"socket":	5,
					"start":	12.000007,
					"end":	13.000006,
					"seconds":	0.99999898672103882,
					"bytes":	20481664,
					"bits_per_second":	163853478.029282,
					"retransmits":	0,
					"snd_cwnd":	57964,
					"rtt":	646,
					"rttvar":	166,
					"pmtu":	1400,
					"omitted":	false,
					"sender":	true
				}],
			"sum":	{
				"start":	12.000007,
				"end":	13.000006,
				"seconds":	0.99999898672103882,
				"bytes":	20481664,
				"bits_per_second":	163853478.029282,
				"retransmits":	0,