{
	"start":	{
		"connected":	[{
				"socket":	5,
				"local_host":	"10.60.0.1",
				"local_port":	58037,
				"remote_host":	"172.16.10.3",
				"remote_port":	5201
			}],
		"version":	"iperf 3.7",
		"system_info":	"Linux ueransim1 5.4.0-169-generic #187-Ubuntu SMP Thu Nov 23 14:52:28 UTC 2023 x86_64",
		"timestamp":	{
			"time":	"Tue, 24 Jun 2025 10:26:05 GMT",
			"timesecs":	1750760765
		},
		"connecting_to":	{
			"host":	"172.16.10.3",
			"port":	5201
		},
		"cookie":	"jd6vatwn3csgrpbhpxd23xdqswma5kl77bub",
		"tcp_mss_default":	1348,
		"target_bitrate":	1000000000,
		"sock_bufsize":	0,
		"sndbuf_actual":	16384,
		"rcvbuf_actual":	131072,
		"test_start":	{
			"protocol":	"TCP",
			"num_streams":	1,
			"blksize":	128,
			"omit":	0,
			"duration":	30,
			"bytes":	0,
			"blocks":	0,
			"reverse":	0,
			"tos":	0
		}
	},
	"intervals":	[{
			"streams":	[{
					"socket":	5,
					"start":	0,
					"end":	1.000057,
					"seconds":	1.0000569820404053,
					"bytes":	31277312,
					"bits_per_second":	250204238.85195217,
					"retransmits":	0,
					"snd_cwnd":	43136,
					"rtt":	362,
					"rttvar":	57,
					"pmtu":	1400,
					"omitted":	false,
					"sender":	true
				}],
			"sum":	{
				"start":	0,
				"end":	1.000057,
				"seconds":	1.0000569820404053,
				"bytes":	31277312,
				"bits_per_second":	250204238.85195217,
				"retransmits":	0,
				"omitted":	false,
				"sender":	true
			}
		}, {
			"streams":	[{
					"socket":	5,
					"start":	1.000057,
					"end":	2.000003,
					"seconds":	0.9999459981918335,
					"bytes":	35773952,
					"bits_per_second":	286207071.69938183,
					"retransmits":	0,
					"snd_cwnd":	43136,
					"rtt":	394,
					"rttvar":	52,
					"pmtu":	1400,
					"omitted":	false,
					"sender":	true
				}],
			"sum":	{
				"start":	1.000057,
				"end":	2.000003,
				"seconds":	0.9999459981918335,
				"bytes":	35773952,
				"bits_per_second":	286207071.69938183,
				"retransmits":	0,
				"omitted":	false,
				"sender":	true
			}
		}, {
			"streams":	[{
					"socket":	5,
					"start":	2.000003,
					"end":	3.000005,
					"seconds":	1.0000020265579224,
					"bytes":	35759104,
					"bits_per_second":	286072252.2580108,
					"retransmits":	0,
					"snd_cwnd":	43136,
					"rtt":	418,
					"rttvar":	39,
					"pmtu":	1400,
					"omitted":	false,
					"sender":	true
				}],
			"sum":	{
				"start":	2.000003,
				"end":	3.000005,
				"seconds":	1.0000020265579224,
				"bytes":	35759104,
				"bits_per_second":	286072252.2580108,
				"retransmits":	0,
				"omitted":	false,
				"sender":	true
			}
		}, {
			"streams":	[{
					"socket":	5,
					"start":	3.000005,
					"end":	4.000003,
					"seconds":	0.99999797344207764,
					"bytes":	35752064,
					"bits_per_second":	286017091.63020295,
					"retransmits":	0,
					"snd_cwnd":	43136,
					"rtt":	365,
					"rttvar":	51,
					"pmtu":	1400,
					"omitted":	false,
					"sender":	true
				}],
			"sum":	{
				"start":	3.000005,
				"end":	4.000003,
				"seconds":	0.99999797344207764,
				"bytes":	35752064,
				"bits_per_second":	286017091.63020295,
				"retransmits":	0,
				"omitted":	false,
				"sender":	true
			}
		}, {
			"streams":	[{
					"socket":	5,
					"start":	4.000003,
					"end":	5.000056,
					"seconds":	1.00005304813385,
					"bytes":	35736576,
					"bits_per_second":	285877442.73515308,
					"retransmits":	0,
					"snd_cwnd":	43136,
					"rtt":	371,
					"rttvar":	49,
					"pmtu":	1400,
					"omitted":	false,
					"sender":	true
				}],
			"sum":	{
				"start":	4.000003,
				"end":	5.000056,
				"seconds":	1.00005304813385,
				"bytes":	35736576,
				"bits_per_second":	285877442.73515308,
				"retransmits":	0,
				"omitted":	false,
				"sender":	true
			}
		}, {
			"streams":	[{
					"socket":	5,
					"start":	5.000056,
					"end":	6.000058,
					"seconds":	1.0000020265579224,
					"bytes":	35784192,
					"bits_per_second":	286272955.85127336,
					"retransmits":	0,
					"snd_cwnd":	43136,
					"rtt":	410,
					"rttvar":	103,
					"pmtu":	1400,
					"omitted":	false,
					"sender":	true
				}],
			"sum":	{
				"start":	5.000056,
				"end":	6.000058,
				"seconds":	1.0000020265579224,
				"bytes":	35784192,
				"bits_per_second":	286272955.85127336,
				"retransmits":	0,
				"omitted":	false,
				"sender":	true
			}
		}, {
			"streams":	[{
					"socket":	5,
					"start":	6.000058,
					"end":	7.000056,
					"seconds":	0.99999797344207764,
					"bytes":	35750912,
					"bits_per_second":	286007875.61152619,
					"retransmits":	0,
					"snd_cwnd":	76836,
					"rtt":	384,
					"rttvar":	57,
					"pmtu":	1400,
					"omitted":	false,
					"sender":	true
				}],
			"sum":	{
				"start":	6.000058,
				"end":	7.000056,
				"seconds":	0.99999797344207764,
				"bytes":	35750912,
				"bits_per_second":	286007875.61152619,
				"retransmits":	0,
				"omitted":	false,
				"sender":	true
			}
		}, {
			"streams":	[{
					"socket":	5,
					"start":	7.000056,
					"end":	8.000003,
					"seconds":	0.99994701147079468,
					"bytes":	35619200,
					"bits_per_second":	284968700.07228637,
					"retransmits":	0,
					"snd_cwnd":	76836,
					"rtt":	388,
					"rttvar":	48,
					"pmtu":	1400,
					"omitted":	false,
					"sender":	true
				}],
			"sum":	{
				"start":	7.000056,
				"end":	8.000003,
				"seconds":	0.99994701147079468,
				"bytes":	35619200,
				"bits_per_second":	284968700.07228637,
				"retransmits":	0,
				"omitted":	false,
				"sender":	true
			}
		}, {
			"streams":	[{
					"socket":	5,
					"start":	8.000003,
					"end":	9.000003,
					"seconds":	1,
					"bytes":	35670272,
					"bits_per_second":	285362176,
					"retransmits":	0,
					"snd_cwnd":	76836,
					"rtt":	352,
					"rttvar":	46,
					"pmtu":	1400,
					"omitted":	false,
					"sender":	true
				}],
			"sum":	{
				"start":	8.000003,
				"end":	9.000003,
				"seconds":	1,
				"bytes":	35670272,
				"bits_per_second":	285362176,
				"retransmits":	0,
				"omitted":	false,
				"sender":	true
			}
		}, {
			"streams":	[{
					"socket":	5,
					"start":	9.000003,
					"end":	10.000031,
					"seconds":	1.0000280141830444,
					"bytes":	35661056,
					"bits_per_second":	285280456.10108376,
					"retransmits":	0,
					"snd_cwnd":	76836,
					"rtt":	362,
					"rttvar":	38,
					"pmtu":	1400,
					"omitted":	false,
					"sender":	true
				}],
			"sum":	{
				"start":	9.000003,
				"end":	10.000031,
				"seconds":	1.0000280141830444,
				"bytes":	35661056,
				"bits_per_second":	285280456.10108376,
				"retransmits":	0,
				"omitted":	false,
				"sender":	true
			}
		}, {
			"streams":	[{
					"socket":	5,
					"start":	10.000031,
					"end":	11.000056,
					"seconds":	1.0000250339508057,
					"bytes":	35673728,
					"bits_per_second":	285382679.74403453,
					"retransmits":	0,
					"snd_cwnd":	76836,
					"rtt":	391,
					"rttvar":	47,
					"pmtu":	1400,
					"omitted":	false,
					"sender":	true
				}],
			"sum":	{
				"start":	10.000031,
				"end":	11.000056,
				"seconds":	1.0000250339508057,
				"bytes":	35673728,
				"bits_per_second":	285382679.74403453,
				"retransmits":	0,
				"omitted":	false,
				"sender":	true
			}
		}, {
			"streams":	[{
					"socket":	5,
					"start":	11.000056,
					"end":	12.000008,
					"seconds":	0.99995201826095581,
					"bytes":	35686016,
					"bits_per_second":	285501826.87415373,
					"retransmits":	0,
					"snd_cwnd":	76836,
					"rtt":	361,
					"rttvar":	28,
					"pmtu":	1400,
					"omitted":	false,
					"sender":	true
				}],
			"sum":	{
				"start":	11.000056,
				"end":	12.000008,
				"seconds":	0.99995201826095581,
				"bytes":	35686016,
				"bits_per_second":	285501826.87415373,
				"retransmits":	0,
				"omitted":	false,
				"sender":	true
			}
		}, {
			"streams":	[{
					"socket":	5,
					"start":	12.000008,
					"end":	13.000002,
					"seconds":	0.99999397993087769,
					"bytes":	35646336,
					"bits_per_second":	285172404.75758845,
					"retransmits":	0,
					"snd_cwnd":	76836,
					"rtt":	390,
					"rttvar":	51,
					"pmtu":	1400,
					"omitted":	false,
					"sender":	true
				}],