{
	"start":	{
		"connected":	[{
				"socket":	5,
				"local_host":	"10.60.0.1",
				"local_port":	51089,
				"remote_host":	"172.16.10.3",
				"remote_port":	5201
			}],
		"version":	"iperf 3.7",
		"system_info":	"Linux ueransim1 5.4.0-169-generic #187-Ubuntu SMP Thu Nov 23 14:52:28 UTC 2023 x86_64",
		"timestamp":	{
			"time":	"Tue, 24 Jun 2025 10:27:41 GMT",
			"timesecs":	1750760861
		},
		"connecting_to":	{
			"host":	"172.16.10.3",
			"port":	5201
		},
		"cookie":	"t5mtslhcxd5htq426hcivvlysc6mgaq2zar3",
		"tcp_mss_default":	1348,
		"target_bitrate":	1000000000,
		"sock_bufsize":	0,
		"sndbuf_actual":	16384,
		"rcvbuf_actual":	131072,
		"test_start":	{
			"protocol":	"TCP",
			"num_streams":	1,
			"blksize":	512,
			"omit":	0,
			"duration":	30,
			"bytes":	0,
			"blocks":	0,
			"reverse":	0,
			"tos":	0
		}
	},
	"intervals":	[{
			"streams":	[{
					"socket":	5,
					"start":	0,
					"end":	1.000002,
					"seconds":	1.0000020265579224,
					"bytes":	119245824,
					"bits_per_second":	953964658.73536313,
					"retransmits":	2,
					"snd_cwnd":	753532,
					"rtt":	6171,
					"rttvar":	94,
					"pmtu":	1400,
					"omitted":	false,
					"sender":	true
				}],
			"sum":	{
				"start":	0,
				"end":	1.000002,
				"seconds":	1.0000020265579224,
				"bytes":	119245824,
				"bits_per_second":	953964658.73536313,
				"retransmits":	2,
				"omitted":	false,
				"sender":	true
			}
		}, {
			"streams":	[{
					"socket":	5,
					"start":	1.000002,
					"end":	2.000021,
					"seconds":	1.0000189542770386,
					"bytes":	117166592,
					"bits_per_second":	937314969.8723886,
					"retransmits":	1,
					"snd_cwnd":	620080,
					"rtt":	5052,
					"rttvar":	155,
					"pmtu":	1400,
					"omitted":	false,
					"sender":	true
				}],
			"sum":	{
				"start":	1.000002,
				"end":	2.000021,
				"seconds":	1.0000189542770386,
				"bytes":	117166592,
				"bits_per_second":	937314969.8723886,
				"retransmits":	1,
				"omitted":	false,
				"sender":	true
			}
		}, {
			"streams":	[{
					"socket":	5,
					"start":	2.000021,
					"end":	3.000002,
					"seconds":	0.99998098611831665,
					"bytes":	117175296,
					"bits_per_second":	937420191.99661815,
					"retransmits":	0,
					"snd_cwnd":	745444,
					"rtt":	6137,
					"rttvar":	187,
					"pmtu":	1400,
					"omitted":	false,
					"sender":	true
				}],
			"sum":	{
				"start":	2.000021,
				"end":	3.000002,
				"seconds":	0.99998098611831665,
				"bytes":	117175296,
				"bits_per_second":	937420191.99661815,
				"retransmits":	0,
				"omitted":	false,
				"sender":	true
			}
		}, {
			"streams":	[{
					"socket":	5,
					"start":	3.000002,
					"end":	4.000003,
					"seconds":	1.0000009536743164,
					"bytes":	117190144,
					"bits_per_second":	937520257.911009,
					"retransmits":	1,
					"snd_cwnd":	616036,
					"rtt":	4936,
					"rttvar":	211,
					"pmtu":	1400,
					"omitted":	false,
					"sender":	true
				}],
			"sum":	{
				"start":	3.000002,
				"end":	4.000003,
				"seconds":	1.0000009536743164,
				"bytes":	117190144,
				"bits_per_second":	937520257.911009,
				"retransmits":	1,
				"omitted":	false,
				"sender":	true
			}
		}, {
			"streams":	[{
					"socket":	5,
					"start":	4.000003,
					"end":	5.000003,
					"seconds":	1,
					"bytes":	117164032,
					"bits_per_second":	937312256,
					"retransmits":	0,
					"snd_cwnd":	741400,
					"rtt":	6135,
					"rttvar":	189,
					"pmtu":	1400,
					"omitted":	false,
					"sender":	true
				}],
			"sum":	{
				"start":	4.000003,
				"end":	5.000003,
				"seconds":	1,
				"bytes":	117164032,
				"bits_per_second":	937312256,
				"retransmits":	0,
				"omitted":	false,
				"sender":	true
			}
		}, {
			"streams":	[{
					"socket":	5,
					"start":	5.000003,
					"end":	6.000027,
					"seconds":	1.0000239610671997,
					"bytes":	115425280,
					"bits_per_second":	923380114.82701778,
					"retransmits":	1,
					"snd_cwnd":	602556,
					"rtt":	4985,
					"rttvar":	138,
					"pmtu":	1400,
					"omitted":	false,
					"sender":	true
				}],
			"sum":	{
				"start":	5.000003,
				"end":	6.000027,
				"seconds":	1.0000239610671997,
				"bytes":	115425280,
				"bits_per_second":	923380114.82701778,
				"retransmits":	1,
				"omitted":	false,
				"sender":	true
			}
		}, {
			"streams":	[{
					"socket":	5,
					"start":	6.000027,
					"end":	7.000003,
					"seconds":	0.99997597932815552,
					"bytes":	117174272,
					"bits_per_second":	937416693.37877321,
					"retransmits":	0,
					"snd_cwnd":	730616,
					"rtt":	6068,
					"rttvar":	127,
					"pmtu":	1400,
					"omitted":	false,
					"sender":	true
				}],
			"sum":	{
				"start":	6.000027,
				"end":	7.000003,
				"seconds":	0.99997597932815552,
				"bytes":	117174272,
				"bits_per_second":	937416693.37877321,
				"retransmits":	0,
				"omitted":	false,
				"sender":	true
			}
		}, {
			"streams":	[{
					"socket":	5,
					"start":	7.000003,
					"end":	8.000004,
					"seconds":	1.0000009536743164,
					"bytes":	116251136,
					"bits_per_second":	930008201.07506454,
					"retransmits":	1,
					"snd_cwnd":	598512,
					"rtt":	4861,
					"rttvar":	38,
					"pmtu":	1400,
					"omitted":	false,
					"sender":	true
				}],
			"sum":	{
				"start":	7.000003,
				"end":	8.000004,
				"seconds":	1.0000009536743164,
				"bytes":	116251136,
				"bits_per_second":	930008201.07506454,
				"retransmits":	1,
				"omitted":	false,
				"sender":	true
			}
		}, {
			"streams":	[{
					"socket":	5,
					"start":	8.000004,
					"end":	9.000004,
					"seconds":	1,
					"bytes":	114851328,
					"bits_per_second":	918810624,
					"retransmits":	0,
					"snd_cwnd":	715788,
					"rtt":	1699,
					"rttvar":	240,
					"pmtu":	1400,
					"omitted":	false,
					"sender":	true
				}],
			"sum":	{
				"start":	8.000004,
				"end":	9.000004,
				"seconds":	1,
				"bytes":	114851328,
				"bits_per_second":	918810624,
				"retransmits":	0,
				"omitted":	false,
				"sender":	true
			}
		}, {
			"streams":	[{
					"socket":	5,
					"start":	9.000004,
					"end":	10.000007,
					"seconds":	1.0000029802322388,
					"bytes":	101793280,
					"bits_per_second":	814343813.06631482,
					"retransmits":	0,
					"snd_cwnd":	715788,
					"rtt":	882,
					"rttvar":	105,
					"pmtu":	1400,
					"omitted":	false,
					"sender":	true
				}],
			"sum":	{
				"start":	9.000004,
				"end":	10.000007,
				"seconds":	1.0000029802322388,
				"bytes":	101793280,
				"bits_per_second":	814343813.06631482,
				"retransmits":	0,
				"omitted":	false,
				"sender":	true
			}
		}, {
			"streams":	[{
					"socket":	5,
					"start":	10.000007,
					"end":	11.000056,
					"seconds":	1.0000489950180054,
					"bytes":	101946368,
					"bits_per_second":	815530987.04460585,
					"retransmits":	0,
					"snd_cwnd":	715788,
					"rtt":	1448,
					"rttvar":	126,
					"pmtu":	1400,
					"omitted":	false,
					"sender":	true
				}],
			"sum":	{
				"start":	10.000007,
				"end":	11.000056,
				"seconds":	1.0000489950180054,
				"bytes":	101946368,
				"bits_per_second":	815530987.04460585,
				"retransmits":	0,
				"omitted":	false,
				"sender":	true
			}
		}, {
			"streams":	[{
					"socket":	5,
					"start":	11.000056,
					"end":	12.000056,
					"seconds":	1,
					"bytes":	101865472,
					"bits_per_second":	814923776,
					"retransmits":	0,
					"snd_cwnd":	715788,
					"rtt":	828,
					"rttvar":	89,
					"pmtu":	1400,
					"omitted":	false,
					"sender":	true
				}],
			"sum":	{
				"start":	11.000056,
				"end":	12.000056,
				"seconds":	1,
				"bytes":	101865472,
				"bits_per_second":	814923776,
				"retransmits":	0,
				"omitted":	false,
				"sender":	true
			}
		}, {
			"streams":	[{
					"socket":	5,
					"start":	12.000056,
					"end":	13.000003,
					"seconds":	0.99994701147079468,
					"bytes":	102001664,
					"bits_per_second":	816056553.63652551,
					"retransmits":	0,
					"snd_cwnd":	715788,
					"rtt":	1292,
					"rttvar":	131,
					"pmtu":	1400,
					"omitted":	false,
					"sender":	true
				}],
			"sum":	{
				"start":	12.000056,
				"end":	13.000003,