{
	"start":	{
		"connected":	[{
				"socket":	5,
				"local_host":	"10.60.0.1",
				"local_port":	39665,
				"remote_host":	"172.16.10.3",
				"remote_port":	5201
			}],
		"version":	"iperf 3.7",
		"system_info":	"Linux ueransim1 5.4.0-169-generic #187-Ubuntu SMP Thu Nov 23 14:52:28 UTC 2023 x86_64",
		"timestamp":	{
			"time":	"Tue, 24 Jun 2025 10:11:41 GMT",
			"timesecs":	1750759901
		},
		"connecting_to":	{
			"host":	"172.16.10.3",
			"port":	5201
		},
		"cookie":	"p7knyuondy6pmmf7a65qounhuin24kkbvenf",
		"tcp_mss_default":	1348,
		"target_bitrate":	100000000,
		"sock_bufsize":	0,
		"sndbuf_actual":	16384,
		"rcvbuf_actual":	131072,
		"test_start":	{
			"protocol":	"TCP",
			"num_streams":	1,
			"blksize":	64,
			"omit":	0,
			"duration":	30,
			"bytes":	0,
			"blocks":	0,
			"reverse":	0,
			"tos":	0
		}
	},
	"intervals":	[{
			"streams":	[{
					"socket":	5,
					"start":	0,
					"end":	1.000056,
					"seconds":	1.0000560283660889,
					"bytes":	12499712,
					"bits_per_second":	99992093.606373429,
					"retransmits":	0,
					"snd_cwnd":	28308,
					"rtt":	341,
					"rttvar":	102,
					"pmtu":	1400,
					"omitted":	false,
					"sender":	true
				}],
			"sum":	{
				"start":	0,
				"end":	1.000056,
				"seconds":	1.0000560283660889,
				"bytes":	12499712,
				"bits_per_second":	99992093.606373429,
				"retransmits":	0,
				"omitted":	false,
				"sender":	true
			}
		}, {
			"streams":	[{
					"socket":	5,
					"start":	1.000056,
					"end":	2.000085,
					"seconds":	1.0000289678573608,
					"bytes":	12487936,
					"bits_per_second":	99900594.093840033,
					"retransmits":	0,
					"snd_cwnd":	28308,
					"rtt":	294,
					"rttvar":	27,
					"pmtu":	1400,
					"omitted":	false,
					"sender":	true
				}],
			"sum":	{
				"start":	1.000056,
				"end":	2.000085,
				"seconds":	1.0000289678573608,
				"bytes":	12487936,
				"bits_per_second":	99900594.093840033,
				"retransmits":	0,
				"omitted":	false,
				"sender":	true
			}
		}, {
			"streams":	[{
					"socket":	5,
					"start":	2.000085,
					"end":	3.000056,
					"seconds":	0.99997097253799438,
					"bytes":	12512128,
					"bits_per_second":	100099929.64690459,
					"retransmits":	0,
					"snd_cwnd":	28308,
					"rtt":	327,
					"rttvar":	58,
					"pmtu":	1400,
					"omitted":	false,
					"sender":	true
				}],
			"sum":	{
				"start":	2.000085,
				"end":	3.000056,
				"seconds":	0.99997097253799438,
				"bytes":	12512128,
				"bits_per_second":	100099929.64690459,
				"retransmits":	0,
				"omitted":	false,
				"sender":	true
			}
		}, {
			"streams":	[{
					"socket":	5,
					"start":	3.000056,
					"end":	4.000086,
					"seconds":	1.0000300407409668,
					"bytes":	12490304,
					"bits_per_second":	99919430.346275419,
					"retransmits":	0,
					"snd_cwnd":	28308,
					"rtt":	346,
					"rttvar":	97,
					"pmtu":	1400,
					"omitted":	false,
					"sender":	true
				}],
			"sum":	{
				"start":	3.000056,
				"end":	4.000086,
				"seconds":	1.0000300407409668,
				"bytes":	12490304,
				"bits_per_second":	99919430.346275419,
				"retransmits":	0,
				"omitted":	false,
				"sender":	true
			}
		}, {
			"streams":	[{
					"socket":	5,
					"start":	4.000086,
					"end":	5.00008,
					"seconds":	0.99999397993087769,
					"bytes":	12502720,
					"bits_per_second":	100022362.14153387,
					"retransmits":	0,
					"snd_cwnd":	29656,
					"rtt":	299,
					"rttvar":	41,
					"pmtu":	1400,
					"omitted":	false,
					"sender":	true
				}],
			"sum":	{
				"start":	4.000086,
				"end":	5.00008,
				"seconds":	0.99999397993087769,
				"bytes":	12502720,
				"bits_per_second":	100022362.14153387,
				"retransmits":	0,
				"omitted":	false,
				"sender":	true
			}
		}, {
			"streams":	[{
					"socket":	5,
					"start":	5.00008,
					"end":	6.000099,
					"seconds":	1.0000189542770386,
					"bytes":	12494848,
					"bits_per_second":	99956889.3894266,
					"retransmits":	0,
					"snd_cwnd":	29656,
					"rtt":	333,
					"rttvar":	63,
					"pmtu":	1400,
					"omitted":	false,
					"sender":	true
				}],
			"sum":	{
				"start":	5.00008,
				"end":	6.000099,
				"seconds":	1.0000189542770386,
				"bytes":	12494848,
				"bits_per_second":	99956889.3894266,
				"retransmits":	0,
				"omitted":	false,
				"sender":	true
			}
		}, {
			"streams":	[{
					"socket":	5,
					"start":	6.000099,
					"end":	7.000077,
					"seconds":	0.99997800588607788,
					"bytes":	12508800,
					"bits_per_second":	100072601.00818706,
					"retransmits":	0,
					"snd_cwnd":	29656,
					"rtt":	347,
					"rttvar":	52,
					"pmtu":	1400,
					"omitted":	false,
					"sender":	true
				}],
			"sum":	{
				"start":	6.000099,
				"end":	7.000077,
				"seconds":	0.99997800588607788,
				"bytes":	12508800,
				"bits_per_second":	100072601.00818706,
				"retransmits":	0,
				"omitted":	false,
				"sender":	true
			}
		}, {
			"streams":	[{
					"socket":	5,
					"start":	7.000077,
					"end":	8.00008,
					"seconds":	1.0000029802322388,
					"bytes":	12498304,
					"bits_per_second":	99986134.018099964,
					"retransmits":	0,
					"snd_cwnd":	43136,
					"rtt":	306,
					"rttvar":	34,
					"pmtu":	1400,
					"omitted":	false,
					"sender":	true
				}],
			"sum":	{
				"start":	7.000077,
				"end":	8.00008,
				"seconds":	1.0000029802322388,
				"bytes":	12498304,
				"bits_per_second":	99986134.018099964,
				"retransmits":	0,
				"omitted":	false,
				"sender":	true
			}
		}, {
			"streams":	[{
					"socket":	5,
					"start":	8.00008,
					"end":	9.000002,
					"seconds":	0.999921977519989,
					"bytes":	12499904,
					"bits_per_second":	100007034.79687339,
					"retransmits":	0,
					"snd_cwnd":	43136,
					"rtt":	360,
					"rttvar":	86,
					"pmtu":	1400,
					"omitted":	false,
					"sender":	true
				}],
			"sum":	{
				"start":	8.00008,
				"end":	9.000002,
				"seconds":	0.999921977519989,
				"bytes":	12499904,
				"bits_per_second":	100007034.79687339,
				"retransmits":	0,
				"omitted":	false,
				"sender":	true
			}
		}, {
			"streams":	[{
					"socket":	5,
					"start":	9.000002,
					"end":	10.000057,
					"seconds":	1.0000549554824829,
					"bytes":	12504320,
					"bits_per_second":	100029062.85458851,
					"retransmits":	0,
					"snd_cwnd":	43136,
					"rtt":	333,
					"rttvar":	68,
					"pmtu":	1400,
					"omitted":	false,
					"sender":	true
				}],
			"sum":	{
				"start":	9.000002,
				"end":	10.000057,
				"seconds":	1.0000549554824829,
				"bytes":	12504320,
				"bits_per_second":	100029062.85458851,
				"retransmits":	0,
				"omitted":	false,
				"sender":	true
			}
		}, {
			"streams":	[{
					"socket":	5,
					"start":	10.000057,
					"end":	11.000002,
					"seconds":	0.99994498491287231,
					"bytes":	12499456,
					"bits_per_second":	100001149.57195657,
					"retransmits":	0,
					"snd_cwnd":	43136,
					"rtt":	310,
					"rttvar":	48,
					"pmtu":	1400,
					"omitted":	false,
					"sender":	true
				}],
			"sum":	{
				"start":	10.000057,
				"end":	11.000002,
				"seconds":	0.99994498491287231,
				"bytes":	12499456,
				"bits_per_second":	100001149.57195657,
				"retransmits":	0,
				"omitted":	false,
				"sender":	true
			}
		}, {
			"streams":	[{
					"socket":	5,
					"start":	11.000002,
					"end":	12.000082,
					"seconds":	1.0000799894332886,
					"bytes":	12491904,
					"bits_per_second":	99927238.876792148,
					"retransmits":	0,
					"snd_cwnd":	43136,
					"rtt":	327,
					"rttvar":	108,
					"pmtu":	1400,
					"omitted":	false,
					"sender":	true
				}],
			"sum":	{
				"start":	11.000002,
				"end":	12.000082,
				"seconds":	1.0000799894332886,
				"bytes":	12491904,
				"bits_per_second":	99927238.876792148,
				"retransmits":	0,
				"omitted":	false,
				"sender":	true
			}
		}, {
			"streams":	[{
					"socket":	5,
					"start":	12.000082,
					"end":	13.00008,
					"seconds":	0.99999797344207764,
					"bytes":	12501440,
					"bits_per_second":	100011722.67954892,
					"retransmits":	0,
					"snd_cwnd":	43136,
					"rtt":	290,
					"rttvar":	35,
					"pmtu":	1400,
					"omitted":	false,