{
	"start":	{
		"connected":	[{
				"socket":	5,
				"local_host":	"10.60.0.1",
				"local_port":	36569,
				"remote_host":	"172.16.10.3",
				"remote_port":	5201
			}],
		"version":	"iperf 3.7",
		"system_info":	"Linux ueransim1 5.4.0-169-generic #187-Ubuntu SMP Thu Nov 23 14:52:28 UTC 2023 x86_64",
		"timestamp":	{
			"time":	"Tue, 24 Jun 2025 10:14:53 GMT",
			"timesecs":	1750760093
		},
		"connecting_to":	{
			"host":	"172.16.10.3",
			"port":	5201
		},
		"cookie":	"js66yr54ti7npglmhdqae5d2manlgpj5recq",
		"tcp_mss_default":	1348,
		"target_bitrate":	100000000,
		"sock_bufsize":	0,
		"sndbuf_actual":	16384,
		"rcvbuf_actual":	131072,
		"test_start":	{
			"protocol":	"TCP",
			"num_streams":	1,
			"blksize":	512,
			"omit":	0,
			"duration":	30,
			"bytes":	0,
			"blocks":	0,
			"reverse":	0,
			"tos":	0
		}
	},
	"intervals":	[{
			"streams":	[{
					"socket":	5,
					"start":	0,
					"end":	1.000065,
					"seconds":	1.0000649690628052,
					"bytes":	12489728,
					"bits_per_second":	99911332.854340836,
					"retransmits":	0,
					"snd_cwnd":	31004,
					"rtt":	561,
					"rttvar":	114,
					"pmtu":	1400,
					"omitted":	false,
					"sender":	true
				}],
			"sum":	{
				"start":	0,
				"end":	1.000065,
				"seconds":	1.0000649690628052,
				"bytes":	12489728,
				"bits_per_second":	99911332.854340836,
				"retransmits":	0,
				"omitted":	false,
				"sender":	true
			}
		}, {
			"streams":	[{
					"socket":	5,
					"start":	1.000065,
					"end":	2.000084,
					"seconds":	1.0000189542770386,
					"bytes":	12499968,
					"bits_per_second":	99997848.613074124,
					"retransmits":	0,
					"snd_cwnd":	32352,
					"rtt":	462,
					"rttvar":	179,
					"pmtu":	1400,
					"omitted":	false,
					"sender":	true
				}],
			"sum":	{
				"start":	1.000065,
				"end":	2.000084,
				"seconds":	1.0000189542770386,
				"bytes":	12499968,
				"bits_per_second":	99997848.613074124,
				"retransmits":	0,
				"omitted":	false,
				"sender":	true
			}
		}, {
			"streams":	[{
					"socket":	5,
					"start":	2.000084,
					"end":	3.00008,
					"seconds":	0.9999960064888,
					"bytes":	12502016,
					"bits_per_second":	100016527.41712242,
					"retransmits":	0,
					"snd_cwnd":	32352,
					"rtt":	485,
					"rttvar":	115,
					"pmtu":	1400,
					"omitted":	false,
					"sender":	true
				}],
			"sum":	{
				"start":	2.000084,
				"end":	3.00008,
				"seconds":	0.9999960064888,
				"bytes":	12502016,
				"bits_per_second":	100016527.41712242,
				"retransmits":	0,
				"omitted":	false,
				"sender":	true
			}
		}, {
			"streams":	[{
					"socket":	5,
					"start":	3.00008,
					"end":	4.000061,
					"seconds":	0.99998098611831665,
					"bytes":	12498432,
					"bits_per_second":	99989357.185807124,
					"retransmits":	0,
					"snd_cwnd":	36396,
					"rtt":	577,
					"rttvar":	46,
					"pmtu":	1400,
					"omitted":	false,
					"sender":	true
				}],
			"sum":	{
				"start":	3.00008,
				"end":	4.000061,
				"seconds":	0.99998098611831665,
				"bytes":	12498432,
				"bits_per_second":	99989357.185807124,
				"retransmits":	0,
				"omitted":	false,
				"sender":	true
			}
		}, {
			"streams":	[{
					"socket":	5,
					"start":	4.000061,
					"end":	5.0001,
					"seconds":	1.0000389814376831,
					"bytes":	12499968,
					"bits_per_second":	99995846.018159866,
					"retransmits":	0,
					"snd_cwnd":	37744,
					"rtt":	660,
					"rttvar":	203,
					"pmtu":	1400,
					"omitted":	false,
					"sender":	true
				}],
			"sum":	{
				"start":	4.000061,
				"end":	5.0001,
				"seconds":	1.0000389814376831,
				"bytes":	12499968,
				"bits_per_second":	99995846.018159866,
				"retransmits":	0,
				"omitted":	false,
				"sender":	true
			}
		}, {
			"streams":	[{
					"socket":	5,
					"start":	5.0001,
					"end":	6.00008,
					"seconds":	0.99997997283935547,
					"bytes":	12499968,
					"bits_per_second":	100001746.75104691,
					"retransmits":	0,
					"snd_cwnd":	40440,
					"rtt":	593,
					"rttvar":	175,
					"pmtu":	1400,
					"omitted":	false,
					"sender":	true
				}],
			"sum":	{
				"start":	5.0001,
				"end":	6.00008,
				"seconds":	0.99997997283935547,
				"bytes":	12499968,
				"bits_per_second":	100001746.75104691,
				"retransmits":	0,
				"omitted":	false,
				"sender":	true
			}
		}, {
			"streams":	[{
					"socket":	5,
					"start":	6.00008,
					"end":	7.000059,
					"seconds":	0.99997901916503906,
					"bytes":	12500480,
					"bits_per_second":	100005938.20808466,
					"retransmits":	0,
					"snd_cwnd":	40440,
					"rtt":	509,
					"rttvar":	120,
					"pmtu":	1400,
					"omitted":	false,
					"sender":	true
				}],
			"sum":	{
				"start":	6.00008,
				"end":	7.000059,
				"seconds":	0.99997901916503906,
				"bytes":	12500480,
				"bits_per_second":	100005938.20808466,
				"retransmits":	0,
				"omitted":	false,
				"sender":	true
			}
		}, {
			"streams":	[{
					"socket":	5,
					"start":	7.000059,
					"end":	8.000059,
					"seconds":	1,
					"bytes":	12499456,
					"bits_per_second":	99995648,
					"retransmits":	0,
					"snd_cwnd":	40440,
					"rtt":	564,
					"rttvar":	160,
					"pmtu":	1400,
					"omitted":	false,
					"sender":	true
				}],
			"sum":	{
				"start":	7.000059,
				"end":	8.000059,
				"seconds":	1,
				"bytes":	12499456,
				"bits_per_second":	99995648,
				"retransmits":	0,
				"omitted":	false,
				"sender":	true
			}
		}, {
			"streams":	[{
					"socket":	5,
					"start":	8.000059,
					"end":	9.000077,
					"seconds":	1.0000180006027222,
					"bytes":	12500480,
					"bits_per_second":	100002039.9030083,
					"retransmits":	0,
					"snd_cwnd":	40440,
					"rtt":	681,
					"rttvar":	223,
					"pmtu":	1400,
					"omitted":	false,
					"sender":	true
				}],
			"sum":	{
				"start":	8.000059,
				"end":	9.000077,
				"seconds":	1.0000180006027222,
				"bytes":	12500480,
				"bits_per_second":	100002039.9030083,
				"retransmits":	0,
				"omitted":	false,
				"sender":	true
			}
		}, {
			"streams":	[{
					"socket":	5,
					"start":	9.000077,
					"end":	10.000075,
					"seconds":	0.99999797344207764,
					"bytes":	12499968,
					"bits_per_second":	99999946.655684128,
					"retransmits":	0,
					"snd_cwnd":	44484,
					"rtt":	711,
					"rttvar":	226,
					"pmtu":	1400,
					"omitted":	false,
					"sender":	true
				}],
			"sum":	{
				"start":	9.000077,
				"end":	10.000075,
				"seconds":	0.99999797344207764,
				"bytes":	12499968,
				"bits_per_second":	99999946.655684128,
				"retransmits":	0,
				"omitted":	false,
				"sender":	true
			}
		}, {
			"streams":	[{
					"socket":	5,
					"start":	10.000075,
					"end":	11.000075,
					"seconds":	1,
					"bytes":	12499456,
					"bits_per_second":	99995648,
					"retransmits":	0,
					"snd_cwnd":	44484,
					"rtt":	595,
					"rttvar":	56,
					"pmtu":	1400,
					"omitted":	false,
					"sender":	true
				}],
			"sum":	{
				"start":	10.000075,
				"end":	11.000075,
				"seconds":	1,
				"bytes":	12499456,
				"bits_per_second":	99995648,
				"retransmits":	0,
				"omitted":	false,
				"sender":	true
			}
		}, {
			"streams":	[{
					"socket":	5,
					"start":	11.000075,
					"end":	12.000081,
					"seconds":	1.0000059604644775,
					"bytes":	12499968,
					"bits_per_second":	99999147.958630815,
					"retransmits":	0,
					"snd_cwnd":	74140,
					"rtt":	498,
					"rttvar":	76,
					"pmtu":	1400,
					"omitted":	false,
					"sender":	true
				}],
			"sum":	{
				"start":	11.000075,
				"end":	12.000081,
				"seconds":	1.0000059604644775,
				"bytes":	12499968,
				"bits_per_second":	99999147.958630815,
				"retransmits":	0,
				"omitted":	false,
				"sender":	true
			}
		}, {
			"streams":	[{
					"socket":	5,
					"start":	12.000081,
					"end":	13.000078,
					"seconds":	0.99999701976776123,
					"bytes":	12500480,
					"bits_per_second":	100004138.03555618,
					"retransmits":	0,
					"snd_cwnd":	74140,
					"rtt":	496,
					"rttvar":	105,
					"pmtu":	1400,
					"omitted":	false,
					"sender":	true
				}],
			"sum":	{
				"start":	12.000081,
				"end":	13.000078,
				"seconds":	0.99999701976776123,