{
	"start":	{
		"connected":	[{
				"socket":	5,
				"local_host":	"10.60.0.1",
				"local_port":	32923,
				"remote_host":	"172.16.10.3",
				"remote_port":	5201
			}],
		"version":	"iperf 3.7",
		"system_info":	"Linux ueransim1 5.4.0-169-generic #187-Ubuntu SMP Thu Nov 23 14:52:28 UTC 2023 x86_64",
		"timestamp":	{
			"time":	"Tue, 24 Jun 2025 10:27:09 GMT",
			"timesecs":	1750760829
		},
		"connecting_to":	{
			"host":	"172.16.10.3",
			"port":	5201
		},
		"cookie":	"do5z3a7kva3ewtvd35gwcjaieuh4wt7bfvc5",
		"tcp_mss_default":	1348,
		"target_bitrate":	1000000000,
		"sock_bufsize":	0,
		"sndbuf_actual":	16384,
		"rcvbuf_actual":	131072,
		"test_start":	{
			"protocol":	"TCP",
			"num_streams":	1,
			"blksize":	512,
			"omit":	0,
			"duration":	30,
			"bytes":	0,
			"blocks":	0,
			"reverse":	0,
			"tos":	0
		}
	},
	"intervals":	[{
			"streams":	[{
					"socket":	5,
					"start":	0,
					"end":	1.000024,
					"seconds":	1.0000239610671997,
					"bytes":	116120576,
					"bits_per_second":	928942349.54993773,
					"retransmits":	68,
					"snd_cwnd":	624124,
					"rtt":	5034,
					"rttvar":	264,
					"pmtu":	1400,
					"omitted":	false,
					"sender":	true
				}],
			"sum":	{
				"start":	0,
				"end":	1.000024,
				"seconds":	1.0000239610671997,
				"bytes":	116120576,
				"bits_per_second":	928942349.54993773,
				"retransmits":	68,
				"omitted":	false,
				"sender":	true
			}
		}, {
			"streams":	[{
					"socket":	5,
					"start":	1.000024,
					"end":	2.000002,
					"seconds":	0.99997800588607788,
					"bytes":	117242368,
					"bits_per_second":	937959573.58971584,
					"retransmits":	0,
					"snd_cwnd":	748140,
					"rtt":	6174,
					"rttvar":	166,
					"pmtu":	1400,
					"omitted":	false,
					"sender":	true
				}],
			"sum":	{
				"start":	1.000024,
				"end":	2.000002,
				"seconds":	0.99997800588607788,
				"bytes":	117242368,
				"bits_per_second":	937959573.58971584,
				"retransmits":	0,
				"omitted":	false,
				"sender":	true
			}
		}, {
			"streams":	[{
					"socket":	5,
					"start":	2.000002,
					"end":	3.000009,
					"seconds":	1.0000070333480835,
					"bytes":	117154816,
					"bits_per_second":	937231936.12155831,
					"retransmits":	1,
					"snd_cwnd":	626820,
					"rtt":	5226,
					"rttvar":	182,
					"pmtu":	1400,
					"omitted":	false,
					"sender":	true
				}],
			"sum":	{
				"start":	2.000002,
				"end":	3.000009,
				"seconds":	1.0000070333480835,
				"bytes":	117154816,
				"bits_per_second":	937231936.12155831,
				"retransmits":	1,
				"omitted":	false,
				"sender":	true
			}
		}, {
			"streams":	[{
					"socket":	5,
					"start":	3.000009,
					"end":	4.000004,
					"seconds":	0.99999499320983887,
					"bytes":	117185536,
					"bits_per_second":	937488981.81061029,
					"retransmits":	0,
					"snd_cwnd":	750836,
					"rtt":	6310,
					"rttvar":	167,
					"pmtu":	1400,
					"omitted":	false,
					"sender":	true
				}],
			"sum":	{
				"start":	3.000009,
				"end":	4.000004,
				"seconds":	0.99999499320983887,
				"bytes":	117185536,
				"bits_per_second":	937488981.81061029,
				"retransmits":	0,
				"omitted":	false,
				"sender":	true
			}
		}, {
			"streams":	[{
					"socket":	5,
					"start":	4.000004,
					"end":	5.000056,
					"seconds":	1.0000519752502441,
					"bytes":	117166592,
					"bits_per_second":	937284020.42848837,
					"retransmits":	1,
					"snd_cwnd":	620080,
					"rtt":	5166,
					"rttvar":	182,
					"pmtu":	1400,
					"omitted":	false,
					"sender":	true
				}],
			"sum":	{
				"start":	4.000004,
				"end":	5.000056,
				"seconds":	1.0000519752502441,
				"bytes":	117166592,
				"bits_per_second":	937284020.42848837,
				"retransmits":	1,
				"omitted":	false,
				"sender":	true
			}
		}, {
			"streams":	[{
					"socket":	5,
					"start":	5.000056,
					"end":	6.000007,
					"seconds":	0.99995100498199463,
					"bytes":	117176832,
					"bits_per_second":	937460586.89833438,
					"retransmits":	0,
					"snd_cwnd":	744096,
					"rtt":	6104,
					"rttvar":	95,
					"pmtu":	1400,
					"omitted":	false,
					"sender":	true
				}],
			"sum":	{
				"start":	5.000056,
				"end":	6.000007,
				"seconds":	0.99995100498199463,
				"bytes":	117176832,
				"bits_per_second":	937460586.89833438,
				"retransmits":	0,
				"omitted":	false,
				"sender":	true
			}
		}, {
			"streams":	[{
					"socket":	5,
					"start":	6.000007,
					"end":	7.000004,
					"seconds":	0.99999701976776123,
					"bytes":	94195712,
					"bits_per_second":	753567941.80747426,
					"retransmits":	0,
					"snd_cwnd":	762968,
					"rtt":	1600,
					"rttvar":	96,
					"pmtu":	1400,
					"omitted":	false,
					"sender":	true
				}],
			"sum":	{
				"start":	6.000007,
				"end":	7.000004,
				"seconds":	0.99999701976776123,
				"bytes":	94195712,
				"bits_per_second":	753567941.80747426,
				"retransmits":	0,
				"omitted":	false,
				"sender":	true
			}
		}, {
			"streams":	[{
					"socket":	5,
					"start":	7.000004,
					"end":	8.000055,
					"seconds":	1.0000510215759277,
					"bytes":	102023680,
					"bits_per_second":	816147798.85311258,
					"retransmits":	0,
					"snd_cwnd":	762968,
					"rtt":	1584,
					"rttvar":	202,
					"pmtu":	1400,
					"omitted":	false,
					"sender":	true
				}],
			"sum":	{
				"start":	7.000004,
				"end":	8.000055,
				"seconds":	1.0000510215759277,
				"bytes":	102023680,
				"bits_per_second":	816147798.85311258,
				"retransmits":	0,
				"omitted":	false,
				"sender":	true
			}
		}, {
			"streams":	[{
					"socket":	5,
					"start":	8.000055,
					"end":	9.000056,
					"seconds":	1.0000009536743164,
					"bytes":	102018048,
					"bits_per_second":	816143605.66480482,
					"retransmits":	0,
					"snd_cwnd":	762968,
					"rtt":	917,
					"rttvar":	172,
					"pmtu":	1400,
					"omitted":	false,
					"sender":	true
				}],
			"sum":	{
				"start":	8.000055,
				"end":	9.000056,
				"seconds":	1.0000009536743164,
				"bytes":	102018048,
				"bits_per_second":	816143605.66480482,
				"retransmits":	0,
				"omitted":	false,
				"sender":	true
			}
		}, {
			"streams":	[{
					"socket":	5,
					"start":	9.000056,
					"end":	10.000039,
					"seconds":	0.999983012676239,
					"bytes":	102035968,
					"bits_per_second":	816301610.77974892,
					"retransmits":	0,
					"snd_cwnd":	762968,
					"rtt":	1826,
					"rttvar":	211,
					"pmtu":	1400,
					"omitted":	false,
					"sender":	true
				}],
			"sum":	{
				"start":	9.000056,
				"end":	10.000039,
				"seconds":	0.999983012676239,
				"bytes":	102035968,
				"bits_per_second":	816301610.77974892,
				"retransmits":	0,
				"omitted":	false,
				"sender":	true
			}
		}, {
			"streams":	[{
					"socket":	5,
					"start":	10.000039,
					"end":	11.000014,
					"seconds":	0.99997502565383911,
					"bytes":	102176768,
					"bits_per_second":	817434558.89363766,
					"retransmits":	0,
					"snd_cwnd":	816888,
					"rtt":	6783,
					"rttvar":	186,
					"pmtu":	1400,
					"omitted":	false,
					"sender":	true
				}],
			"sum":	{
				"start":	10.000039,
				"end":	11.000014,
				"seconds":	0.99997502565383911,
				"bytes":	102176768,
				"bits_per_second":	817434558.89363766,
				"retransmits":	0,
				"omitted":	false,
				"sender":	true
			}
		}, {
			"streams":	[{
					"socket":	5,
					"start":	11.000014,
					"end":	12.000003,
					"seconds":	0.99998897314071655,
					"bytes":	117182464,
					"bits_per_second":	937470049.35031664,
					"retransmits":	1,
					"snd_cwnd":	698264,
					"rtt":	5746,
					"rttvar":	166,
					"pmtu":	1400,
					"omitted":	false,
					"sender":	true
				}],
			"sum":	{
				"start":	11.000014,
				"end":	12.000003,
				"seconds":	0.99998897314071655,
				"bytes":	117182464,
				"bits_per_second":	937470049.35031664,
				"retransmits":	1,
				"omitted":	false,
				"sender":	true
			}
		}, {
			"streams":	[{
					"socket":	5,
					"start":	12.000003,
					"end":	13.000002,
					"seconds":	0.99999898672103882,
					"bytes":	117156864,
					"bits_per_second":	937255861.70164585,
					"retransmits":	0,
					"snd_cwnd":	808800,