{
	"start":	{
		"connected":	[{
				"socket":	5,
				"local_host":	"10.60.0.1",
				"local_port":	34933,
				"remote_host":	"172.16.10.3",
				"remote_port":	5201
			}],
		"version":	"iperf 3.7",
		"system_info":	"Linux ueransim1 5.4.0-169-generic #187-Ubuntu SMP Thu Nov 23 14:52:28 UTC 2023 x86_64",
		"timestamp":	{
			"time":	"Tue, 24 Jun 2025 10:16:29 GMT",
			"timesecs":	1750760189
		},
		"connecting_to":	{
			"host":	"172.16.10.3",
			"port":	5201
		},
		"cookie":	"js7bbcqzjyb3uzq7jujrdktv3rxu5jkmhuih",
		"tcp_mss_default":	1348,
		"target_bitrate":	100000000,
		"sock_bufsize":	0,
		"sndbuf_actual":	16384,
		"rcvbuf_actual":	131072,
		"test_start":	{
			"protocol":	"TCP",
			"num_streams":	1,
			"blksize":	1518,
			"omit":	0,
			"duration":	30,
			"bytes":	0,
			"blocks":	0,
			"reverse":	0,
			"tos":	0
		}
	},
	"intervals":	[{
			"streams":	[{
					"socket":	5,
					"start":	0,
					"end":	1.000102,
					"seconds":	1.0001020431518555,
					"bytes":	12490104,
					"bits_per_second":	99910636.80371666,
					"retransmits":	0,
					"snd_cwnd":	31004,
					"rtt":	578,
					"rttvar":	113,
					"pmtu":	1400,
					"omitted":	false,
					"sender":	true
				}],
			"sum":	{
				"start":	0,
				"end":	1.000102,
				"seconds":	1.0001020431518555,
				"bytes":	12490104,
				"bits_per_second":	99910636.80371666,
				"retransmits":	0,
				"omitted":	false,
				"sender":	true
			}
		}, {
			"streams":	[{
					"socket":	5,
					"start":	1.000102,
					"end":	2.000107,
					"seconds":	1.0000050067901611,
					"bytes":	12500730,
					"bits_per_second":	100005339.29425116,
					"retransmits":	0,
					"snd_cwnd":	33700,
					"rtt":	566,
					"rttvar":	65,
					"pmtu":	1400,
					"omitted":	false,
					"sender":	true
				}],
			"sum":	{
				"start":	1.000102,
				"end":	2.000107,
				"seconds":	1.0000050067901611,
				"bytes":	12500730,
				"bits_per_second":	100005339.29425116,
				"retransmits":	0,
				"omitted":	false,
				"sender":	true
			}
		}, {
			"streams":	[{
					"socket":	5,
					"start":	2.000107,
					"end":	3.000083,
					"seconds":	0.99997597932815552,
					"bytes":	12500730,
					"bits_per_second":	100008242.26516919,
					"retransmits":	0,
					"snd_cwnd":	37744,
					"rtt":	683,
					"rttvar":	132,
					"pmtu":	1400,
					"omitted":	false,
					"sender":	true
				}],
			"sum":	{
				"start":	2.000107,
				"end":	3.000083,
				"seconds":	0.99997597932815552,
				"bytes":	12500730,
				"bits_per_second":	100008242.26516919,
				"retransmits":	0,
				"omitted":	false,
				"sender":	true
			}
		}, {
			"streams":	[{
					"socket":	5,
					"start":	3.000083,
					"end":	4.000057,
					"seconds":	0.99997401237487793,
					"bytes":	12500730,
					"bits_per_second":	100008438.9818213,
					"retransmits":	0,
					"snd_cwnd":	40440,
					"rtt":	677,
					"rttvar":	84,
					"pmtu":	1400,
					"omitted":	false,
					"sender":	true
				}],
			"sum":	{
				"start":	3.000083,
				"end":	4.000057,
				"seconds":	0.99997401237487793,
				"bytes":	12500730,
				"bits_per_second":	100008438.9818213,
				"retransmits":	0,
				"omitted":	false,
				"sender":	true
			}
		}, {
			"streams":	[{
					"socket":	5,
					"start":	4.000057,
					"end":	5.000085,
					"seconds":	1.0000280141830444,
					"bytes":	12497694,
					"bits_per_second":	99978751.17696397,
					"retransmits":	0,
					"snd_cwnd":	40440,
					"rtt":	685,
					"rttvar":	84,
					"pmtu":	1400,
					"omitted":	false,
					"sender":	true
				}],
			"sum":	{
				"start":	4.000057,
				"end":	5.000085,
				"seconds":	1.0000280141830444,
				"bytes":	12497694,
				"bits_per_second":	99978751.17696397,
				"retransmits":	0,
				"omitted":	false,
				"sender":	true
			}
		}, {
			"streams":	[{
					"socket":	5,
					"start":	5.000085,
					"end":	6.000104,
					"seconds":	1.0000189542770386,
					"bytes":	12500730,
					"bits_per_second":	100003944.49753104,
					"retransmits":	0,
					"snd_cwnd":	40440,
					"rtt":	592,
					"rttvar":	70,
					"pmtu":	1400,
					"omitted":	false,
					"sender":	true
				}],
			"sum":	{
				"start":	5.000085,
				"end":	6.000104,
				"seconds":	1.0000189542770386,
				"bytes":	12500730,
				"bits_per_second":	100003944.49753104,
				"retransmits":	0,
				"omitted":	false,
				"sender":	true
			}
		}, {
			"streams":	[{
					"socket":	5,
					"start":	6.000104,
					"end":	7.000084,
					"seconds":	0.99997997283935547,
					"bytes":	12499212,
					"bits_per_second":	99995698.629920229,
					"retransmits":	0,
					"snd_cwnd":	62008,
					"rtt":	544,
					"rttvar":	82,
					"pmtu":	1400,
					"omitted":	false,
					"sender":	true
				}],
			"sum":	{
				"start":	6.000104,
				"end":	7.000084,
				"seconds":	0.99997997283935547,
				"bytes":	12499212,
				"bits_per_second":	99995698.629920229,
				"retransmits":	0,
				"omitted":	false,
				"sender":	true
			}
		}, {
			"streams":	[{
					"socket":	5,
					"start":	7.000084,
					"end":	8.000085,
					"seconds":	1.0000009536743164,
					"bytes":	12500730,
					"bits_per_second":	100005744.62708986,
					"retransmits":	0,
					"snd_cwnd":	62008,
					"rtt":	627,
					"rttvar":	117,
					"pmtu":	1400,
					"omitted":	false,
					"sender":	true
				}],
			"sum":	{
				"start":	7.000084,
				"end":	8.000085,
				"seconds":	1.0000009536743164,
				"bytes":	12500730,
				"bits_per_second":	100005744.62708986,
				"retransmits":	0,
				"omitted":	false,
				"sender":	true
			}
		}, {
			"streams":	[{
					"socket":	5,
					"start":	8.000085,
					"end":	9.000086,
					"seconds":	1.0000009536743164,
					"bytes":	12500730,
					"bits_per_second":	100005744.62708986,
					"retransmits":	0,
					"snd_cwnd":	62008,
					"rtt":	613,
					"rttvar":	230,
					"pmtu":	1400,
					"omitted":	false,
					"sender":	true
				}],
			"sum":	{
				"start":	8.000085,
				"end":	9.000086,
				"seconds":	1.0000009536743164,
				"bytes":	12500730,
				"bits_per_second":	100005744.62708986,
				"retransmits":	0,
				"omitted":	false,
				"sender":	true
			}
		}, {
			"streams":	[{
					"socket":	5,
					"start":	9.000086,
					"end":	10.000087,
					"seconds":	1.0000009536743164,
					"bytes":	12499212,
					"bits_per_second":	99993600.638671264,
					"retransmits":	0,
					"snd_cwnd":	62008,
					"rtt":	718,
					"rttvar":	206,
					"pmtu":	1400,
					"omitted":	false,
					"sender":	true
				}],
			"sum":	{
				"start":	9.000086,
				"end":	10.000087,
				"seconds":	1.0000009536743164,
				"bytes":	12499212,
				"bits_per_second":	99993600.638671264,
				"retransmits":	0,
				"omitted":	false,
				"sender":	true
			}
		}, {
			"streams":	[{
					"socket":	5,
					"start":	10.000087,
					"end":	11.000084,
					"seconds":	0.99999701976776123,
					"bytes":	12499212,
					"bits_per_second":	99993994.005324617,
					"retransmits":	0,
					"snd_cwnd":	98404,
					"rtt":	551,
					"rttvar":	111,
					"pmtu":	1400,
					"omitted":	false,
					"sender":	true
				}],
			"sum":	{
				"start":	10.000087,
				"end":	11.000084,
				"seconds":	0.99999701976776123,
				"bytes":	12499212,
				"bits_per_second":	99993994.005324617,
				"retransmits":	0,
				"omitted":	false,
				"sender":	true
			}
		}, {
			"streams":	[{
					"socket":	5,
					"start":	11.000084,
					"end":	12.000101,
					"seconds":	1.0000170469284058,
					"bytes":	12500730,
					"bits_per_second":	100004135.23666634,
					"retransmits":	0,
					"snd_cwnd":	98404,
					"rtt":	768,
					"rttvar":	133,
					"pmtu":	1400,
					"omitted":	false,
					"sender":	true
				}],
			"sum":	{
				"start":	11.000084,
				"end":	12.000101,
				"seconds":	1.0000170469284058,
				"bytes":	12500730,
				"bits_per_second":	100004135.23666634,
				"retransmits":	0,
				"omitted":	false,
				"sender":	true
			}
		}, {
			"streams":	[{
					"socket":	5,
					"start":	12.000101,
					"end":	13.000087,
					"seconds":	0.99998599290847778,
					"bytes":	12499212,
					"bits_per_second":	99995096.640470415,
					"retransmits":	0,
					"snd_cwnd":	98404,
					"rtt":	505,
					"rttvar":	207,
					"pmtu":	1400,