{
	"start":	{
		"connected":	[{
				"socket":	5,
				"local_host":	"10.60.0.1",
				"local_port":	39013,
				"remote_host":	"172.16.10.3",
				"remote_port":	5201
			}],
		"version":	"iperf 3.7",
		"system_info":	"Linux ueransim1 5.4.0-169-generic #187-Ubuntu SMP Thu Nov 23 14:52:28 UTC 2023 x86_64",
		"timestamp":	{
			"time":	"Tue, 24 Jun 2025 10:21:49 GMT",
			"timesecs":	1750760509
		},
		"connecting_to":	{
			"host":	"172.16.10.3",
			"port":	5201
		},
		"cookie":	"gambwvjlpp5647rgeska5wyyanaobqdpm7hi",
		"tcp_mss_default":	1348,
		"target_bitrate":	500000000,
		"sock_bufsize":	0,
		"sndbuf_actual":	16384,
		"rcvbuf_actual":	131072,
		"test_start":	{
			"protocol":	"TCP",
			"num_streams":	1,
			"blksize":	1518,
			"omit":	0,
			"duration":	30,
			"bytes":	0,
			"blocks":	0,
			"reverse":	0,
			"tos":	0
		}
	},
	"intervals":	[{
			"streams":	[{
					"socket":	5,
					"start":	0,
					"end":	1.000083,
					"seconds":	1.0000829696655273,
					"bytes":	62456592,
					"bits_per_second":	499611283.41892105,
					"retransmits":	0,
					"snd_cwnd":	97056,
					"rtt":	494,
					"rttvar":	99,
					"pmtu":	1400,
					"omitted":	false,
					"sender":	true
				}],
			"sum":	{
				"start":	0,
				"end":	1.000083,
				"seconds":	1.0000829696655273,
				"bytes":	62456592,
				"bits_per_second":	499611283.41892105,
				"retransmits":	0,
				"omitted":	false,
				"sender":	true
			}
		}, {
			"streams":	[{
					"socket":	5,
					"start":	1.000083,
					"end":	2.000079,
					"seconds":	0.9999960064888,
					"bytes":	62500614,
					"bits_per_second":	500006908.78319025,
					"retransmits":	0,
					"snd_cwnd":	97056,
					"rtt":	574,
					"rttvar":	89,
					"pmtu":	1400,
					"omitted":	false,
					"sender":	true
				}],
			"sum":	{
				"start":	1.000083,
				"end":	2.000079,
				"seconds":	0.9999960064888,
				"bytes":	62500614,
				"bits_per_second":	500006908.78319025,
				"retransmits":	0,
				"omitted":	false,
				"sender":	true
			}
		}, {
			"streams":	[{
					"socket":	5,
					"start":	2.000079,
					"end":	3.00008,
					"seconds":	1.0000009536743164,
					"bytes":	62500614,
					"bits_per_second":	500004435.15861207,
					"retransmits":	0,
					"snd_cwnd":	97056,
					"rtt":	531,
					"rttvar":	75,
					"pmtu":	1400,
					"omitted":	false,
					"sender":	true
				}],
			"sum":	{
				"start":	2.000079,
				"end":	3.00008,
				"seconds":	1.0000009536743164,
				"bytes":	62500614,
				"bits_per_second":	500004435.15861207,
				"retransmits":	0,
				"omitted":	false,
				"sender":	true
			}
		}, {
			"streams":	[{
					"socket":	5,
					"start":	3.00008,
					"end":	4.000085,
					"seconds":	1.0000050067901611,
					"bytes":	62499096,
					"bits_per_second":	499990264.65366226,
					"retransmits":	0,
					"snd_cwnd":	102448,
					"rtt":	522,
					"rttvar":	91,
					"pmtu":	1400,
					"omitted":	false,
					"sender":	true
				}],
			"sum":	{
				"start":	3.00008,
				"end":	4.000085,
				"seconds":	1.0000050067901611,
				"bytes":	62499096,
				"bits_per_second":	499990264.65366226,
				"retransmits":	0,
				"omitted":	false,
				"sender":	true
			}
		}, {
			"streams":	[{
					"socket":	5,
					"start":	4.000085,
					"end":	5.000084,
					"seconds":	0.99999898672103882,
					"bytes":	62500614,
					"bits_per_second":	500005418.64497119,
					"retransmits":	0,
					"snd_cwnd":	107840,
					"rtt":	526,
					"rttvar":	98,
					"pmtu":	1400,
					"omitted":	false,
					"sender":	true
				}],
			"sum":	{
				"start":	4.000085,
				"end":	5.000084,
				"seconds":	0.99999898672103882,
				"bytes":	62500614,
				"bits_per_second":	500005418.64497119,
				"retransmits":	0,
				"omitted":	false,
				"sender":	true
			}
		}, {
			"streams":	[{
					"socket":	5,
					"start":	5.000084,
					"end":	6.00008,
					"seconds":	0.9999960064888,
					"bytes":	62496060,
					"bits_per_second":	499970476.63769811,
					"retransmits":	0,
					"snd_cwnd":	107840,
					"rtt":	570,
					"rttvar":	95,
					"pmtu":	1400,
					"omitted":	false,
					"sender":	true
				}],
			"sum":	{
				"start":	5.000084,
				"end":	6.00008,
				"seconds":	0.9999960064888,
				"bytes":	62496060,
				"bits_per_second":	499970476.63769811,
				"retransmits":	0,
				"omitted":	false,
				"sender":	true
			}
		}, {
			"streams":	[{
					"socket":	5,
					"start":	6.00008,
					"end":	7.000083,
					"seconds":	1.0000029802322388,
					"bytes":	62506686,
					"bits_per_second":	500051997.72891533,
					"retransmits":	0,
					"snd_cwnd":	107840,
					"rtt":	684,
					"rttvar":	98,
					"pmtu":	1400,
					"omitted":	false,
					"sender":	true
				}],
			"sum":	{
				"start":	6.00008,
				"end":	7.000083,
				"seconds":	1.0000029802322388,
				"bytes":	62506686,
				"bits_per_second":	500051997.72891533,
				"retransmits":	0,
				"omitted":	false,
				"sender":	true
			}
		}, {
			"streams":	[{
					"socket":	5,
					"start":	7.000083,
					"end":	8.000081,
					"seconds":	0.99999797344207764,
					"bytes":	62499096,
					"bits_per_second":	499993781.26635855,
					"retransmits":	0,
					"snd_cwnd":	107840,
					"rtt":	552,
					"rttvar":	89,
					"pmtu":	1400,
					"omitted":	false,
					"sender":	true
				}],
			"sum":	{
				"start":	7.000083,
				"end":	8.000081,
				"seconds":	0.99999797344207764,
				"bytes":	62499096,
				"bits_per_second":	499993781.26635855,
				"retransmits":	0,
				"omitted":	false,
				"sender":	true
			}
		}, {
			"streams":	[{
					"socket":	5,
					"start":	8.000081,
					"end":	9.000087,
					"seconds":	1.0000059604644775,
					"bytes":	62497578,
					"bits_per_second":	499977643.901014,
					"retransmits":	0,
					"snd_cwnd":	107840,
					"rtt":	612,
					"rttvar":	101,
					"pmtu":	1400,
					"omitted":	false,
					"sender":	true
				}],
			"sum":	{
				"start":	8.000081,
				"end":	9.000087,
				"seconds":	1.0000059604644775,
				"bytes":	62497578,
				"bits_per_second":	499977643.901014,
				"retransmits":	0,
				"omitted":	false,
				"sender":	true
			}
		}, {
			"streams":	[{
					"socket":	5,
					"start":	9.000087,
					"end":	10.000086,
					"seconds":	0.99999898672103882,
					"bytes":	62499096,
					"bits_per_second":	499993274.63266593,
					"retransmits":	0,
					"snd_cwnd":	107840,
					"rtt":	548,
					"rttvar":	92,
					"pmtu":	1400,
					"omitted":	false,
					"sender":	true
				}],
			"sum":	{
				"start":	9.000087,
				"end":	10.000086,
				"seconds":	0.99999898672103882,
				"bytes":	62499096,
				"bits_per_second":	499993274.63266593,
				"retransmits":	0,
				"omitted":	false,
				"sender":	true
			}
		}, {
			"streams":	[{
					"socket":	5,
					"start":	10.000086,
					"end":	11.000082,
					"seconds":	0.9999960064888,
					"bytes":	62502132,
					"bits_per_second":	500019052.83168769,
					"retransmits":	0,
					"snd_cwnd":	163108,
					"rtt":	579,
					"rttvar":	80,
					"pmtu":	1400,
					"omitted":	false,
					"sender":	true
				}],
			"sum":	{
				"start":	10.000086,
				"end":	11.000082,
				"seconds":	0.9999960064888,
				"bytes":	62502132,
				"bits_per_second":	500019052.83168769,
				"retransmits":	0,
				"omitted":	false,
				"sender":	true
			}
		}, {
			"streams":	[{
					"socket":	5,
					"start":	11.000082,
					"end":	12.00008,
					"seconds":	0.99999797344207764,
					"bytes":	62499096,
					"bits_per_second":	499993781.26635855,
					"retransmits":	0,
					"snd_cwnd":	163108,
					"rtt":	570,
					"rttvar":	99,
					"pmtu":	1400,
					"omitted":	false,
					"sender":	true
				}],
			"sum":	{
				"start":	11.000082,
				"end":	12.00008,
				"seconds":	0.99999797344207764,
				"bytes":	62499096,
				"bits_per_second":	499993781.26635855,
				"retransmits":	0,
				"omitted":	false,
				"sender":	true
			}
		}, {
			"streams":	[{
					"socket":	5,
					"start":	12.00008,
					"end":	13.000086,
					"seconds":	1.0000059604644775,
					"bytes":	62499096,
					"bits_per_second":	499989787.82863051,
					"retransmits":	0,
					"snd_cwnd":	163108,
					"rtt":	589,
					"rttvar":	116,
					"pmtu":	1400,
					"omitted":	false,