{
	"start":	{
		"connected":	[{
				"socket":	5,
				"local_host":	"10.60.0.1",
				"local_port":	60951,
				"remote_host":	"172.16.10.3",
				"remote_port":	5201
			}],
		"version":	"iperf 3.7",
		"system_info":	"Linux ueransim1 5.4.0-169-generic #187-Ubuntu SMP Thu Nov 23 14:52:28 UTC 2023 x86_64",
		"timestamp":	{
			"time":	"Tue, 24 Jun 2025 10:20:13 GMT",
			"timesecs":	1750760413
		},
		"connecting_to":	{
			"host":	"172.16.10.3",
			"port":	5201
		},
		"cookie":	"daj7s3jhlhpodx25ddtook5inezbtkzo3lpr",
		"tcp_mss_default":	1348,
		"target_bitrate":	500000000,
		"sock_bufsize":	0,
		"sndbuf_actual":	16384,
		"rcvbuf_actual":	131072,
		"test_start":	{
			"protocol":	"TCP",
			"num_streams":	1,
			"blksize":	512,
			"omit":	0,
			"duration":	30,
			"bytes":	0,
			"blocks":	0,
			"reverse":	0,
			"tos":	0
		}
	},
	"intervals":	[{
			"streams":	[{
					"socket":	5,
					"start":	0,
					"end":	1.000003,
					"seconds":	1.0000029802322388,
					"bytes":	62489600,
					"bits_per_second":	499915310.13627607,
					"retransmits":	0,
					"snd_cwnd":	86272,
					"rtt":	325,
					"rttvar":	7,
					"pmtu":	1400,
					"omitted":	false,
					"sender":	true
				}],
			"sum":	{
				"start":	0,
				"end":	1.000003,
				"seconds":	1.0000029802322388,
				"bytes":	62489600,
				"bits_per_second":	499915310.13627607,
				"retransmits":	0,
				"omitted":	false,
				"sender":	true
			}
		}, {
			"streams":	[{
					"socket":	5,
					"start":	1.000003,
					"end":	2.000057,
					"seconds":	1.0000540018081665,
					"bytes":	62469120,
					"bits_per_second":	499725973.89382195,
					"retransmits":	0,
					"snd_cwnd":	90316,
					"rtt":	295,
					"rttvar":	22,
					"pmtu":	1400,
					"omitted":	false,
					"sender":	true
				}],
			"sum":	{
				"start":	1.000003,
				"end":	2.000057,
				"seconds":	1.0000540018081665,
				"bytes":	62469120,
				"bits_per_second":	499725973.89382195,
				"retransmits":	0,
				"omitted":	false,
				"sender":	true
			}
		}, {
			"streams":	[{
					"socket":	5,
					"start":	2.000057,
					"end":	3.000086,
					"seconds":	1.0000289678573608,
					"bytes":	62500864,
					"bits_per_second":	499992428.29065579,
					"retransmits":	0,
					"snd_cwnd":	90316,
					"rtt":	362,
					"rttvar":	24,
					"pmtu":	1400,
					"omitted":	false,
					"sender":	true
				}],
			"sum":	{
				"start":	2.000057,
				"end":	3.000086,
				"seconds":	1.0000289678573608,
				"bytes":	62500864,
				"bits_per_second":	499992428.29065579,
				"retransmits":	0,
				"omitted":	false,
				"sender":	true
			}
		}, {
			"streams":	[{
					"socket":	5,
					"start":	3.000086,
					"end":	4.000003,
					"seconds":	0.99991697072982788,
					"bytes":	62530560,
					"bits_per_second":	500286018.38298362,
					"retransmits":	0,
					"snd_cwnd":	168500,
					"rtt":	340,
					"rttvar":	13,
					"pmtu":	1400,
					"omitted":	false,
					"sender":	true
				}],
			"sum":	{
				"start":	3.000086,
				"end":	4.000003,
				"seconds":	0.99991697072982788,
				"bytes":	62530560,
				"bits_per_second":	500286018.38298362,
				"retransmits":	0,
				"omitted":	false,
				"sender":	true
			}
		}, {
			"streams":	[{
					"socket":	5,
					"start":	4.000003,
					"end":	5.000091,
					"seconds":	1.0000879764556885,
					"bytes":	62459904,
					"bits_per_second":	499635275.859293,
					"retransmits":	0,
					"snd_cwnd":	168500,
					"rtt":	415,
					"rttvar":	32,
					"pmtu":	1400,
					"omitted":	false,
					"sender":	true
				}],
			"sum":	{
				"start":	4.000003,
				"end":	5.000091,
				"seconds":	1.0000879764556885,
				"bytes":	62459904,
				"bits_per_second":	499635275.859293,
				"retransmits":	0,
				"omitted":	false,
				"sender":	true
			}
		}, {
			"streams":	[{
					"socket":	5,
					"start":	5.000091,
					"end":	6.00008,
					"seconds":	0.99998897314071655,
					"bytes":	62514176,
					"bits_per_second":	500118922.74098605,
					"retransmits":	0,
					"snd_cwnd":	168500,
					"rtt":	363,
					"rttvar":	36,
					"pmtu":	1400,
					"omitted":	false,
					"sender":	true
				}],
			"sum":	{
				"start":	5.000091,
				"end":	6.00008,
				"seconds":	0.99998897314071655,
				"bytes":	62514176,
				"bits_per_second":	500118922.74098605,
				"retransmits":	0,
				"omitted":	false,
				"sender":	true
			}
		}, {
			"streams":	[{
					"socket":	5,
					"start":	6.00008,
					"end":	7.000004,
					"seconds":	0.99992400407791138,
					"bytes":	62534144,
					"bits_per_second":	500311173.60896963,
					"retransmits":	0,
					"snd_cwnd":	186024,
					"rtt":	291,
					"rttvar":	9,
					"pmtu":	1400,
					"omitted":	false,
					"sender":	true
				}],
			"sum":	{
				"start":	6.00008,
				"end":	7.000004,
				"seconds":	0.99992400407791138,
				"bytes":	62534144,
				"bits_per_second":	500311173.60896963,
				"retransmits":	0,
				"omitted":	false,
				"sender":	true
			}
		}, {
			"streams":	[{
					"socket":	5,
					"start":	7.000004,
					"end":	8.00008,
					"seconds":	1.0000760555267334,
					"bytes":	62467072,
					"bits_per_second":	499698571.16196233,
					"retransmits":	0,
					"snd_cwnd":	186024,
					"rtt":	364,
					"rttvar":	11,
					"pmtu":	1400,
					"omitted":	false,
					"sender":	true
				}],
			"sum":	{
				"start":	7.000004,
				"end":	8.00008,
				"seconds":	1.0000760555267334,
				"bytes":	62467072,
				"bits_per_second":	499698571.16196233,
				"retransmits":	0,
				"omitted":	false,
				"sender":	true
			}
		}, {
			"streams":	[{
					"socket":	5,
					"start":	8.00008,
					"end":	9.000082,
					"seconds":	1.0000020265579224,
					"bytes":	62495232,
					"bits_per_second":	499960842.80039316,
					"retransmits":	0,
					"snd_cwnd":	186024,
					"rtt":	376,
					"rttvar":	18,
					"pmtu":	1400,
					"omitted":	false,
					"sender":	true
				}],
			"sum":	{
				"start":	8.00008,
				"end":	9.000082,
				"seconds":	1.0000020265579224,
				"bytes":	62495232,
				"bits_per_second":	499960842.80039316,
				"retransmits":	0,
				"omitted":	false,
				"sender":	true
			}
		}, {
			"streams":	[{
					"socket":	5,
					"start":	9.000082,
					"end":	10.000086,
					"seconds":	1.0000040531158447,
					"bytes":	62507008,
					"bits_per_second":	500054037.22305852,
					"retransmits":	0,
					"snd_cwnd":	186024,
					"rtt":	516,
					"rttvar":	33,
					"pmtu":	1400,
					"omitted":	false,
					"sender":	true
				}],
			"sum":	{
				"start":	9.000082,
				"end":	10.000086,
				"seconds":	1.0000040531158447,
				"bytes":	62507008,
				"bits_per_second":	500054037.22305852,
				"retransmits":	0,
				"omitted":	false,
				"sender":	true
			}
		}, {
			"streams":	[{
					"socket":	5,
					"start":	10.000086,
					"end":	11.000087,
					"seconds":	1.0000009536743164,
					"bytes":	62499328,
					"bits_per_second":	499994147.16842347,
					"retransmits":	0,
					"snd_cwnd":	186024,
					"rtt":	377,
					"rttvar":	73,
					"pmtu":	1400,
					"omitted":	false,
					"sender":	true
				}],
			"sum":	{
				"start":	10.000086,
				"end":	11.000087,
				"seconds":	1.0000009536743164,
				"bytes":	62499328,
				"bits_per_second":	499994147.16842347,
				"retransmits":	0,
				"omitted":	false,
				"sender":	true
			}
		}, {
			"streams":	[{
					"socket":	5,
					"start":	11.000087,
					"end":	12.00001,
					"seconds":	0.9999229907989502,
					"bytes":	62510080,
					"bits_per_second":	500119153.776462,
					"retransmits":	0,
					"snd_cwnd":	186024,
					"rtt":	304,
					"rttvar":	14,
					"pmtu":	1400,
					"omitted":	false,
					"sender":	true
				}],
			"sum":	{
				"start":	11.000087,
				"end":	12.00001,
				"seconds":	0.9999229907989502,
				"bytes":	62510080,
				"bits_per_second":	500119153.776462,
				"retransmits":	0,
				"omitted":	false,
				"sender":	true
			}
		}, {
			"streams":	[{
					"socket":	5,
					"start":	12.00001,
					"end":	13.000064,
					"seconds":	1.0000540018081665,
					"bytes":	62521856,
					"bits_per_second":	500147839.11233735,
					"retransmits":	0,
					"snd_cwnd":	186024,
					"rtt":	515,
					"rttvar":	44,
					"pmtu":	1400,
					"omitted":	false,