{
	"start":	{
		"connected":	[{
				"socket":	5,
				"local_host":	"10.60.0.1",
				"local_port":	38171,
				"remote_host":	"172.16.10.3",
				"remote_port":	5201
			}],
		"version":	"iperf 3.7",
		"system_info":	"Linux ueransim1 5.4.0-169-generic #187-Ubuntu SMP Thu Nov 23 14:52:28 UTC 2023 x86_64",
		"timestamp":	{
			"time":	"Tue, 24 Jun 2025 10:29:17 GMT",
			"timesecs":	1750760957
		},
		"connecting_to":	{
			"host":	"172.16.10.3",
			"port":	5201
		},
		"cookie":	"lc7g5ofeuzcvnnkcbvfpebncwla44qwohiue",
		"tcp_mss_default":	1348,
		"target_bitrate":	1000000000,
		"sock_bufsize":	0,
		"sndbuf_actual":	16384,
		"rcvbuf_actual":	131072,
		"test_start":	{
			"protocol":	"TCP",
			"num_streams":	1,
			"blksize":	1518,
			"omit":	0,
			"duration":	30,
			"bytes":	0,
			"blocks":	0,
			"reverse":	0,
			"tos":	0
		}
	},
	"intervals":	[{
			"streams":	[{
					"socket":	5,
					"start":	0,
					"end":	1.000003,
					"seconds":	1.0000029802322388,
					"bytes":	118651434,
					"bits_per_second":	949208643.13780046,
					"retransmits":	2,
					"snd_cwnd":	745444,
					"rtt":	6092,
					"rttvar":	57,
					"pmtu":	1400,
					"omitted":	false,
					"sender":	true
				}],
			"sum":	{
				"start":	0,
				"end":	1.000003,
				"seconds":	1.0000029802322388,
				"bytes":	118651434,
				"bits_per_second":	949208643.13780046,
				"retransmits":	2,
				"omitted":	false,
				"sender":	true
			}
		}, {
			"streams":	[{
					"socket":	5,
					"start":	1.000003,
					"end":	2.000005,
					"seconds":	1.0000020265579224,
					"bytes":	117174420,
					"bits_per_second":	937393460.31785667,
					"retransmits":	1,
					"snd_cwnd":	620080,
					"rtt":	5006,
					"rttvar":	58,
					"pmtu":	1400,
					"omitted":	false,
					"sender":	true
				}],
			"sum":	{
				"start":	1.000003,
				"end":	2.000005,
				"seconds":	1.0000020265579224,
				"bytes":	117174420,
				"bits_per_second":	937393460.31785667,
				"retransmits":	1,
				"omitted":	false,
				"sender":	true
			}
		}, {
			"streams":	[{
					"socket":	5,
					"start":	2.000005,
					"end":	3.000022,
					"seconds":	1.0000170469284058,
					"bytes":	117162276,
					"bits_per_second":	937282230.2169255,
					"retransmits":	0,
					"snd_cwnd":	744096,
					"rtt":	6024,
					"rttvar":	123,
					"pmtu":	1400,
					"omitted":	false,
					"sender":	true
				}],
			"sum":	{
				"start":	2.000005,
				"end":	3.000022,
				"seconds":	1.0000170469284058,
				"bytes":	117162276,
				"bits_per_second":	937282230.2169255,
				"retransmits":	0,
				"omitted":	false,
				"sender":	true
			}
		}, {
			"streams":	[{
					"socket":	5,
					"start":	3.000022,
					"end":	4.000007,
					"seconds":	0.9999849796295166,
					"bytes":	117185046,
					"bits_per_second":	937494449.51395786,
					"retransmits":	1,
					"snd_cwnd":	620080,
					"rtt":	4996,
					"rttvar":	130,
					"pmtu":	1400,
					"omitted":	false,
					"sender":	true
				}],
			"sum":	{
				"start":	3.000022,
				"end":	4.000007,
				"seconds":	0.9999849796295166,
				"bytes":	117185046,
				"bits_per_second":	937494449.51395786,
				"retransmits":	1,
				"omitted":	false,
				"sender":	true
			}
		}, {
			"streams":	[{
					"socket":	5,
					"start":	4.000007,
					"end":	5.000008,
					"seconds":	1.0000009536743164,
					"bytes":	117166830,
					"bits_per_second":	937333746.08888042,
					"retransmits":	0,
					"snd_cwnd":	742748,
					"rtt":	6049,
					"rttvar":	155,
					"pmtu":	1400,
					"omitted":	false,
					"sender":	true
				}],
			"sum":	{
				"start":	4.000007,
				"end":	5.000008,
				"seconds":	1.0000009536743164,
				"bytes":	117166830,
				"bits_per_second":	937333746.08888042,
				"retransmits":	0,
				"omitted":	false,
				"sender":	true
			}
		}, {
			"streams":	[{
					"socket":	5,
					"start":	5.000008,
					"end":	6.000034,
					"seconds":	1.0000259876251221,
					"bytes":	117168348,
					"bits_per_second":	937322425.216195,
					"retransmits":	1,
					"snd_cwnd":	603904,
					"rtt":	4984,
					"rttvar":	165,
					"pmtu":	1400,
					"omitted":	false,
					"sender":	true
				}],
			"sum":	{
				"start":	5.000008,
				"end":	6.000034,
				"seconds":	1.0000259876251221,
				"bytes":	117168348,
				"bits_per_second":	937322425.216195,
				"retransmits":	1,
				"omitted":	false,
				"sender":	true
			}
		}, {
			"streams":	[{
					"socket":	5,
					"start":	6.000034,
					"end":	7.000045,
					"seconds":	1.0000109672546387,
					"bytes":	117174420,
					"bits_per_second":	937385079.45913911,
					"retransmits":	0,
					"snd_cwnd":	730616,
					"rtt":	6113,
					"rttvar":	154,
					"pmtu":	1400,
					"omitted":	false,
					"sender":	true
				}],
			"sum":	{
				"start":	6.000034,
				"end":	7.000045,
				"seconds":	1.0000109672546387,
				"bytes":	117174420,
				"bits_per_second":	937385079.45913911,
				"retransmits":	0,
				"omitted":	false,
				"sender":	true
			}
		}, {
			"streams":	[{
					"socket":	5,
					"start":	7.000045,
					"end":	8.000006,
					"seconds":	0.99996101856231689,
					"bytes":	117178974,
					"bits_per_second":	937468335.8635143,
					"retransmits":	1,
					"snd_cwnd":	594468,
					"rtt":	4918,
					"rttvar":	127,
					"pmtu":	1400,
					"omitted":	false,
					"sender":	true
				}],
			"sum":	{
				"start":	7.000045,
				"end":	8.000006,
				"seconds":	0.99996101856231689,
				"bytes":	117178974,
				"bits_per_second":	937468335.8635143,
				"retransmits":	1,
				"omitted":	false,
				"sender":	true
			}
		}, {
			"streams":	[{
					"socket":	5,
					"start":	8.000006,
					"end":	9.000031,
					"seconds":	1.0000250339508057,
					"bytes":	117168348,
					"bits_per_second":	937323319.09414077,
					"retransmits":	0,
					"snd_cwnd":	721180,
					"rtt":	6005,
					"rttvar":	115,
					"pmtu":	1400,
					"omitted":	false,
					"sender":	true
				}],
			"sum":	{
				"start":	8.000006,
				"end":	9.000031,
				"seconds":	1.0000250339508057,
				"bytes":	117168348,
				"bits_per_second":	937323319.09414077,
				"retransmits":	0,
				"omitted":	false,
				"sender":	true
			}
		}, {
			"streams":	[{
					"socket":	5,
					"start":	9.000031,
					"end":	10.000014,
					"seconds":	0.999983012676239,
					"bytes":	117178974,
					"bits_per_second":	937447716.72787309,
					"retransmits":	1,
					"snd_cwnd":	579640,
					"rtt":	4764,
					"rttvar":	100,
					"pmtu":	1400,
					"omitted":	false,
					"sender":	true
				}],
			"sum":	{
				"start":	9.000031,
				"end":	10.000014,
				"seconds":	0.999983012676239,
				"bytes":	117178974,
				"bits_per_second":	937447716.72787309,
				"retransmits":	1,
				"omitted":	false,
				"sender":	true
			}
		}, {
			"streams":	[{
					"socket":	5,
					"start":	10.000014,
					"end":	11.000022,
					"seconds":	1.0000079870224,
					"bytes":	117163794,
					"bits_per_second":	937302865.74101579,
					"retransmits":	0,
					"snd_cwnd":	710396,
					"rtt":	5744,
					"rttvar":	103,
					"pmtu":	1400,
					"omitted":	false,
					"sender":	true
				}],
			"sum":	{
				"start":	10.000014,
				"end":	11.000022,
				"seconds":	1.0000079870224,
				"bytes":	117163794,
				"bits_per_second":	937302865.74101579,
				"retransmits":	0,
				"omitted":	false,
				"sender":	true
			}
		}, {
			"streams":	[{
					"socket":	5,
					"start":	11.000022,
					"end":	12.000045,
					"seconds":	1.0000230073928833,
					"bytes":	117175938,
					"bits_per_second":	937385937.19345975,
					"retransmits":	1,
					"snd_cwnd":	574248,
					"rtt":	4668,
					"rttvar":	114,
					"pmtu":	1400,
					"omitted":	false,
					"sender":	true
				}],
			"sum":	{
				"start":	11.000022,
				"end":	12.000045,
				"seconds":	1.0000230073928833,
				"bytes":	117175938,
				"bits_per_second":	937385937.19345975,
				"retransmits":	1,
				"omitted":	false,
				"sender":	true
			}
		}, {
			"streams":	[{
					"socket":	5,
					"start":	12.000045,
					"end":	13.000037,
					"seconds":	0.9999920129776001,
					"bytes":	117171384,
					"bits_per_second":	937378558.86354685,
					"retransmits":	0,
					"snd_cwnd":	705004,
					"rtt":	5672,
					"rttvar":	98,