{
	"start":	{
		"connected":	[{
				"socket":	5,
				"local_host":	"10.60.0.1",
				"local_port":	49773,
				"remote_host":	"172.16.10.3",
				"remote_port":	5201
			}],
		"version":	"iperf 3.7",
		"system_info":	"Linux ueransim1 5.4.0-169-generic #187-Ubuntu SMP Thu Nov 23 14:52:28 UTC 2023 x86_64",
		"timestamp":	{
			"time":	"Tue, 24 Jun 2025 10:26:37 GMT",
			"timesecs":	1750760797
		},
		"connecting_to":	{
			"host":	"172.16.10.3",
			"port":	5201
		},
		"cookie":	"othhqma3mvhmaueawdjwypy47oloapiooxt3",
		"tcp_mss_default":	1348,
		"target_bitrate":	1000000000,
		"sock_bufsize":	0,
		"sndbuf_actual":	16384,
		"rcvbuf_actual":	131072,
		"test_start":	{
			"protocol":	"TCP",
			"num_streams":	1,
			"blksize":	512,
			"omit":	0,
			"duration":	30,
			"bytes":	0,
			"blocks":	0,
			"reverse":	0,
			"tos":	0
		}
	},
	"intervals":	[{
			"streams":	[{
					"socket":	5,
					"start":	0,
					"end":	1.000007,
					"seconds":	1.0000070333480835,
					"bytes":	96332800,
					"bits_per_second":	770656979.70120883,
					"retransmits":	0,
					"snd_cwnd":	132104,
					"rtt":	405,
					"rttvar":	47,
					"pmtu":	1400,
					"omitted":	false,
					"sender":	true
				}],
			"sum":	{
				"start":	0,
				"end":	1.000007,
				"seconds":	1.0000070333480835,
				"bytes":	96332800,
				"bits_per_second":	770656979.70120883,
				"retransmits":	0,
				"omitted":	false,
				"sender":	true
			}
		}, {
			"streams":	[{
					"socket":	5,
					"start":	1.000007,
					"end":	2.000003,
					"seconds":	0.9999960064888,
					"bytes":	103148544,
					"bits_per_second":	825191647.412086,
					"retransmits":	0,
					"snd_cwnd":	165804,
					"rtt":	391,
					"rttvar":	33,
					"pmtu":	1400,
					"omitted":	false,
					"sender":	true
				}],
			"sum":	{
				"start":	1.000007,
				"end":	2.000003,
				"seconds":	0.9999960064888,
				"bytes":	103148544,
				"bits_per_second":	825191647.412086,
				"retransmits":	0,
				"omitted":	false,
				"sender":	true
			}
		}, {
			"streams":	[{
					"socket":	5,
					"start":	2.000003,
					"end":	3.000004,
					"seconds":	1.0000009536743164,
					"bytes":	103174656,
					"bits_per_second":	825396460.84059441,
					"retransmits":	0,
					"snd_cwnd":	274992,
					"rtt":	370,
					"rttvar":	25,
					"pmtu":	1400,
					"omitted":	false,
					"sender":	true
				}],
			"sum":	{
				"start":	2.000003,
				"end":	3.000004,
				"seconds":	1.0000009536743164,
				"bytes":	103174656,
				"bits_per_second":	825396460.84059441,
				"retransmits":	0,
				"omitted":	false,
				"sender":	true
			}
		}, {
			"streams":	[{
					"socket":	5,
					"start":	3.000004,
					"end":	4.000003,
					"seconds":	0.99999898672103882,
					"bytes":	102886400,
					"bits_per_second":	823092034.02184117,
					"retransmits":	0,
					"snd_cwnd":	274992,
					"rtt":	419,
					"rttvar":	51,
					"pmtu":	1400,
					"omitted":	false,
					"sender":	true
				}],
			"sum":	{
				"start":	3.000004,
				"end":	4.000003,
				"seconds":	0.99999898672103882,
				"bytes":	102886400,
				"bits_per_second":	823092034.02184117,
				"retransmits":	0,
				"omitted":	false,
				"sender":	true
			}
		}, {
			"streams":	[{
					"socket":	5,
					"start":	4.000003,
					"end":	5.000003,
					"seconds":	1,
					"bytes":	102948864,
					"bits_per_second":	823590912,
					"retransmits":	0,
					"snd_cwnd":	274992,
					"rtt":	422,
					"rttvar":	59,
					"pmtu":	1400,
					"omitted":	false,
					"sender":	true
				}],
			"sum":	{
				"start":	4.000003,
				"end":	5.000003,
				"seconds":	1,
				"bytes":	102948864,
				"bits_per_second":	823590912,
				"retransmits":	0,
				"omitted":	false,
				"sender":	true
			}
		}, {
			"streams":	[{
					"socket":	5,
					"start":	5.000003,
					"end":	6.000003,
					"seconds":	1,
					"bytes":	102852608,
					"bits_per_second":	822820864,
					"retransmits":	0,
					"snd_cwnd":	274992,
					"rtt":	405,
					"rttvar":	59,
					"pmtu":	1400,
					"omitted":	false,
					"sender":	true
				}],
			"sum":	{
				"start":	5.000003,
				"end":	6.000003,
				"seconds":	1,
				"bytes":	102852608,
				"bits_per_second":	822820864,
				"retransmits":	0,
				"omitted":	false,
				"sender":	true
			}
		}, {
			"streams":	[{
					"socket":	5,
					"start":	6.000003,
					"end":	7.000005,
					"seconds":	1.0000020265579224,
					"bytes":	102723584,
					"bits_per_second":	821787006.6010313,
					"retransmits":	0,
					"snd_cwnd":	274992,
					"rtt":	399,
					"rttvar":	56,
					"pmtu":	1400,
					"omitted":	false,
					"sender":	true
				}],
			"sum":	{
				"start":	6.000003,
				"end":	7.000005,
				"seconds":	1.0000020265579224,
				"bytes":	102723584,
				"bits_per_second":	821787006.6010313,
				"retransmits":	0,
				"omitted":	false,
				"sender":	true
			}
		}, {
			"streams":	[{
					"socket":	5,
					"start":	7.000005,
					"end":	8.000003,
					"seconds":	0.99999797344207764,
					"bytes":	102893056,
					"bits_per_second":	823146116.153283,
					"retransmits":	0,
					"snd_cwnd":	274992,
					"rtt":	392,
					"rttvar":	42,
					"pmtu":	1400,
					"omitted":	false,
					"sender":	true
				}],
			"sum":	{
				"start":	7.000005,
				"end":	8.000003,
				"seconds":	0.99999797344207764,
				"bytes":	102893056,
				"bits_per_second":	823146116.153283,
				"retransmits":	0,
				"omitted":	false,
				"sender":	true
			}
		}, {
			"streams":	[{
					"socket":	5,
					"start":	8.000003,
					"end":	9.00003,
					"seconds":	1.0000269412994385,
					"bytes":	102968320,
					"bits_per_second":	823724367.79515243,
					"retransmits":	0,
					"snd_cwnd":	274992,
					"rtt":	382,
					"rttvar":	43,
					"pmtu":	1400,
					"omitted":	false,
					"sender":	true
				}],
			"sum":	{
				"start":	8.000003,
				"end":	9.00003,
				"seconds":	1.0000269412994385,
				"bytes":	102968320,
				"bits_per_second":	823724367.79515243,
				"retransmits":	0,
				"omitted":	false,
				"sender":	true
			}
		}, {
			"streams":	[{
					"socket":	5,
					"start":	9.00003,
					"end":	10.000016,
					"seconds":	0.99998599290847778,
					"bytes":	102810112,
					"bits_per_second":	822492416.72655737,
					"retransmits":	0,
					"snd_cwnd":	274992,
					"rtt":	406,
					"rttvar":	31,
					"pmtu":	1400,
					"omitted":	false,
					"sender":	true
				}],
			"sum":	{
				"start":	9.00003,
				"end":	10.000016,
				"seconds":	0.99998599290847778,
				"bytes":	102810112,
				"bits_per_second":	822492416.72655737,
				"retransmits":	0,
				"omitted":	false,
				"sender":	true
			}
		}, {
			"streams":	[{
					"socket":	5,
					"start":	10.000016,
					"end":	11.000003,
					"seconds":	0.999987006187439,
					"bytes":	102921728,
					"bits_per_second":	823384522.90415633,
					"retransmits":	0,
					"snd_cwnd":	274992,
					"rtt":	356,
					"rttvar":	34,
					"pmtu":	1400,
					"omitted":	false,
					"sender":	true
				}],
			"sum":	{
				"start":	10.000016,
				"end":	11.000003,
				"seconds":	0.999987006187439,
				"bytes":	102921728,
				"bits_per_second":	823384522.90415633,
				"retransmits":	0,
				"omitted":	false,
				"sender":	true
			}
		}, {
			"streams":	[{
					"socket":	5,
					"start":	11.000003,
					"end":	12.000012,
					"seconds":	1.0000089406967163,
					"bytes":	102859776,
					"bits_per_second":	822870850.96128488,
					"retransmits":	0,
					"snd_cwnd":	274992,
					"rtt":	349,
					"rttvar":	32,
					"pmtu":	1400,
					"omitted":	false,
					"sender":	true
				}],
			"sum":	{
				"start":	11.000003,
				"end":	12.000012,
				"seconds":	1.0000089406967163,
				"bytes":	102859776,
				"bits_per_second":	822870850.96128488,
				"retransmits":	0,
				"omitted":	false,
				"sender":	true
			}
		}, {
			"streams":	[{
					"socket":	5,
					"start":	12.000012,
					"end":	13.000003,
					"seconds":	0.99999099969863892,
					"bytes":	102985216,
					"bits_per_second":	823889143.25057733,
					"retransmits":	0,
					"snd_cwnd":	274992,
					"rtt":	398,
					"rttvar":	78,
					"pmtu":	1400,
					"omitted":	false,
					"sender":	true
				}],
			"sum":	{
				"start":	12.000012,
				"end":	13.000003,