{
	"start":	{
		"connected":	[{
				"socket":	5,
				"local_host":	"10.60.0.1",
				"local_port":	53661,
				"remote_host":	"172.16.10.3",
				"remote_port":	5201
			}],
		"version":	"iperf 3.7",
		"system_info":	"Linux ueransim1 5.4.0-169-generic #187-Ubuntu SMP Thu Nov 23 14:52:28 UTC 2023 x86_64",
		"timestamp":	{
			"time":	"Tue, 24 Jun 2025 10:18:37 GMT",
			"timesecs":	1750760317
		},
		"connecting_to":	{
			"host":	"172.16.10.3",
			"port":	5201
		},
		"cookie":	"ezhrjb62xbf3txrznhv7hwrjb6maoglgctfn",
		"tcp_mss_default":	1348,
		"target_bitrate":	500000000,
		"sock_bufsize":	0,
		"sndbuf_actual":	16384,
		"rcvbuf_actual":	131072,
		"test_start":	{
			"protocol":	"TCP",
			"num_streams":	1,
			"blksize":	128,
			"omit":	0,
			"duration":	30,
			"bytes":	0,
			"blocks":	0,
			"reverse":	0,
			"tos":	0
		}
	},
	"intervals":	[{
			"streams":	[{
					"socket":	5,
					"start":	0,
					"end":	1.00006,
					"seconds":	1.000059962272644,
					"bytes":	38896640,
					"bits_per_second":	311154462.47128689,
					"retransmits":	0,
					"snd_cwnd":	55268,
					"rtt":	405,
					"rttvar":	81,
					"pmtu":	1400,
					"omitted":	false,
					"sender":	true
				}],
			"sum":	{
				"start":	0,
				"end":	1.00006,
				"seconds":	1.000059962272644,
				"bytes":	38896640,
				"bits_per_second":	311154462.47128689,
				"retransmits":	0,
				"omitted":	false,
				"sender":	true
			}
		}, {
			"streams":	[{
					"socket":	5,
					"start":	1.00006,
					"end":	2.000007,
					"seconds":	0.99994701147079468,
					"bytes":	40130304,
					"bits_per_second":	321059444.46774983,
					"retransmits":	0,
					"snd_cwnd":	63356,
					"rtt":	359,
					"rttvar":	43,
					"pmtu":	1400,
					"omitted":	false,
					"sender":	true
				}],
			"sum":	{
				"start":	1.00006,
				"end":	2.000007,
				"seconds":	0.99994701147079468,
				"bytes":	40130304,
				"bits_per_second":	321059444.46774983,
				"retransmits":	0,
				"omitted":	false,
				"sender":	true
			}
		}, {
			"streams":	[{
					"socket":	5,
					"start":	2.000007,
					"end":	3.00003,
					"seconds":	1.0000230073928833,
					"bytes":	40200832,
					"bits_per_second":	321599256.83954692,
					"retransmits":	0,
					"snd_cwnd":	68748,
					"rtt":	340,
					"rttvar":	49,
					"pmtu":	1400,
					"omitted":	false,
					"sender":	true
				}],
			"sum":	{
				"start":	2.000007,
				"end":	3.00003,
				"seconds":	1.0000230073928833,
				"bytes":	40200832,
				"bits_per_second":	321599256.83954692,
				"retransmits":	0,
				"omitted":	false,
				"sender":	true
			}
		}, {
			"streams":	[{
					"socket":	5,
					"start":	3.00003,
					"end":	4.000015,
					"seconds":	0.9999849796295166,
					"bytes":	40115328,
					"bits_per_second":	320927444.44911391,
					"retransmits":	0,
					"snd_cwnd":	68748,
					"rtt":	394,
					"rttvar":	83,
					"pmtu":	1400,
					"omitted":	false,
					"sender":	true
				}],
			"sum":	{
				"start":	3.00003,
				"end":	4.000015,
				"seconds":	0.9999849796295166,
				"bytes":	40115328,
				"bits_per_second":	320927444.44911391,
				"retransmits":	0,
				"omitted":	false,
				"sender":	true
			}
		}, {
			"streams":	[{
					"socket":	5,
					"start":	4.000015,
					"end":	5.000005,
					"seconds":	0.99998998641967773,
					"bytes":	40166400,
					"bits_per_second":	321334417.70800203,
					"retransmits":	0,
					"snd_cwnd":	68748,
					"rtt":	377,
					"rttvar":	61,
					"pmtu":	1400,
					"omitted":	false,
					"sender":	true
				}],
			"sum":	{
				"start":	4.000015,
				"end":	5.000005,
				"seconds":	0.99998998641967773,
				"bytes":	40166400,
				"bits_per_second":	321334417.70800203,
				"retransmits":	0,
				"omitted":	false,
				"sender":	true
			}
		}, {
			"streams":	[{
					"socket":	5,
					"start":	5.000005,
					"end":	6.000006,
					"seconds":	1.0000009536743164,
					"bytes":	40240896,
					"bits_per_second":	321926860.9866209,
					"retransmits":	0,
					"snd_cwnd":	106492,
					"rtt":	404,
					"rttvar":	72,
					"pmtu":	1400,
					"omitted":	false,
					"sender":	true
				}],
			"sum":	{
				"start":	5.000005,
				"end":	6.000006,
				"seconds":	1.0000009536743164,
				"bytes":	40240896,
				"bits_per_second":	321926860.9866209,
				"retransmits":	0,
				"omitted":	false,
				"sender":	true
			}
		}, {
			"streams":	[{
					"socket":	5,
					"start":	6.000006,
					"end":	7.000006,
					"seconds":	1,
					"bytes":	40099072,
					"bits_per_second":	320792576,
					"retransmits":	0,
					"snd_cwnd":	106492,
					"rtt":	337,
					"rttvar":	43,
					"pmtu":	1400,
					"omitted":	false,
					"sender":	true
				}],
			"sum":	{
				"start":	6.000006,
				"end":	7.000006,
				"seconds":	1,
				"bytes":	40099072,
				"bits_per_second":	320792576,
				"retransmits":	0,
				"omitted":	false,
				"sender":	true
			}
		}, {
			"streams":	[{
					"socket":	5,
					"start":	7.000006,
					"end":	8.000007,
					"seconds":	1.0000009536743164,
					"bytes":	40105984,
					"bits_per_second":	320847566.01591682,
					"retransmits":	0,
					"snd_cwnd":	106492,
					"rtt":	393,
					"rttvar":	46,
					"pmtu":	1400,
					"omitted":	false,
					"sender":	true
				}],
			"sum":	{
				"start":	7.000006,
				"end":	8.000007,
				"seconds":	1.0000009536743164,
				"bytes":	40105984,
				"bits_per_second":	320847566.01591682,
				"retransmits":	0,
				"omitted":	false,
				"sender":	true
			}
		}, {
			"streams":	[{
					"socket":	5,
					"start":	8.000007,
					"end":	9.000006,
					"seconds":	0.99999898672103882,
					"bytes":	40129664,
					"bits_per_second":	321037637.30068362,
					"retransmits":	0,
					"snd_cwnd":	106492,
					"rtt":	353,
					"rttvar":	58,
					"pmtu":	1400,
					"omitted":	false,
					"sender":	true
				}],
			"sum":	{
				"start":	8.000007,
				"end":	9.000006,
				"seconds":	0.99999898672103882,
				"bytes":	40129664,
				"bits_per_second":	321037637.30068362,
				"retransmits":	0,
				"omitted":	false,
				"sender":	true
			}
		}, {
			"streams":	[{
					"socket":	5,
					"start":	9.000006,
					"end":	10.000006,
					"seconds":	1,
					"bytes":	40090368,
					"bits_per_second":	320722944,
					"retransmits":	0,
					"snd_cwnd":	106492,
					"rtt":	408,
					"rttvar":	87,
					"pmtu":	1400,
					"omitted":	false,
					"sender":	true
				}],
			"sum":	{
				"start":	9.000006,
				"end":	10.000006,
				"seconds":	1,
				"bytes":	40090368,
				"bits_per_second":	320722944,
				"retransmits":	0,
				"omitted":	false,
				"sender":	true
			}
		}, {
			"streams":	[{
					"socket":	5,
					"start":	10.000006,
					"end":	11.000005,
					"seconds":	0.99999898672103882,
					"bytes":	40133120,
					"bits_per_second":	321065285.32869881,
					"retransmits":	0,
					"snd_cwnd":	106492,
					"rtt":	324,
					"rttvar":	52,
					"pmtu":	1400,
					"omitted":	false,
					"sender":	true
				}],
			"sum":	{
				"start":	10.000006,
				"end":	11.000005,
				"seconds":	0.99999898672103882,
				"bytes":	40133120,
				"bits_per_second":	321065285.32869881,
				"retransmits":	0,
				"omitted":	false,
				"sender":	true
			}
		}, {
			"streams":	[{
					"socket":	5,
					"start":	11.000005,
					"end":	12.000005,
					"seconds":	1,
					"bytes":	40115072,
					"bits_per_second":	320920576,
					"retransmits":	0,
					"snd_cwnd":	106492,
					"rtt":	376,
					"rttvar":	75,
					"pmtu":	1400,
					"omitted":	false,
					"sender":	true
				}],
			"sum":	{
				"start":	11.000005,
				"end":	12.000005,
				"seconds":	1,
				"bytes":	40115072,
				"bits_per_second":	320920576,
				"retransmits":	0,
				"omitted":	false,
				"sender":	true
			}
		}, {
			"streams":	[{
					"socket":	5,
					"start":	12.000005,
					"end":	13.000065,
					"seconds":	1.000059962272644,
					"bytes":	40254976,
					"bits_per_second":	322020498.91904682,
					"retransmits":	0,
					"snd_cwnd":	155020,
					"rtt":	404,
					"rttvar":	92,
					"pmtu":	1400,
					"omitted":	false,
					"sender":	true
				}],
			"sum":	{
				"start":	12.000005,
				"end":	13.000065,
				"seconds":	1.000059962272644,
				"bytes":	40254976,