{
	"start":	{
		"connected":	[{
				"socket":	5,
				"local_host":	"10.60.0.1",
				"local_port":	52781,
				"remote_host":	"172.16.10.3",
				"remote_port":	5201
			}],
		"version":	"iperf 3.7",
		"system_info":	"Linux ueransim1 5.4.0-169-generic #187-Ubuntu SMP Thu Nov 23 14:52:28 UTC 2023 x86_64",
		"timestamp":	{
			"time":	"Tue, 24 Jun 2025 10:22:53 GMT",
			"timesecs":	1750760573
		},
		"connecting_to":	{
			"host":	"172.16.10.3",
			"port":	5201
		},
		"cookie":	"pvrlhpuc2uxe2em3ihv2his2ddtuspqebsr4",
		"tcp_mss_default":	1348,
		"target_bitrate":	500000000,
		"sock_bufsize":	0,
		"sndbuf_actual":	16384,
		"rcvbuf_actual":	131072,
		"test_start":	{
			"protocol":	"TCP",
			"num_streams":	1,
			"blksize":	1518,
			"omit":	0,
			"duration":	30,
			"bytes":	0,
			"blocks":	0,
			"reverse":	0,
			"tos":	0
		}
	},
	"intervals":	[{
			"streams":	[{
					"socket":	5,
					"start":	0,
					"end":	1.000063,
					"seconds":	1.0000629425048828,
					"bytes":	62461146,
					"bits_per_second":	499657718.29162669,
					"retransmits":	0,
					"snd_cwnd":	103796,
					"rtt":	703,
					"rttvar":	43,
					"pmtu":	1400,
					"omitted":	false,
					"sender":	true
				}],
			"sum":	{
				"start":	0,
				"end":	1.000063,
				"seconds":	1.0000629425048828,
				"bytes":	62461146,
				"bits_per_second":	499657718.29162669,
				"retransmits":	0,
				"omitted":	false,
				"sender":	true
			}
		}, {
			"streams":	[{
					"socket":	5,
					"start":	1.000063,
					"end":	2.000086,
					"seconds":	1.0000230073928833,
					"bytes":	62497578,
					"bits_per_second":	499969121.01400334,
					"retransmits":	0,
					"snd_cwnd":	109188,
					"rtt":	618,
					"rttvar":	75,
					"pmtu":	1400,
					"omitted":	false,
					"sender":	true
				}],
			"sum":	{
				"start":	1.000063,
				"end":	2.000086,
				"seconds":	1.0000230073928833,
				"bytes":	62497578,
				"bits_per_second":	499969121.01400334,
				"retransmits":	0,
				"omitted":	false,
				"sender":	true
			}
		}, {
			"streams":	[{
					"socket":	5,
					"start":	2.000086,
					"end":	3.000084,
					"seconds":	0.99999797344207764,
					"bytes":	62499096,
					"bits_per_second":	499993781.26635855,
					"retransmits":	0,
					"snd_cwnd":	109188,
					"rtt":	654,
					"rttvar":	95,
					"pmtu":	1400,
					"omitted":	false,
					"sender":	true
				}],
			"sum":	{
				"start":	2.000086,
				"end":	3.000084,
				"seconds":	0.99999797344207764,
				"bytes":	62499096,
				"bits_per_second":	499993781.26635855,
				"retransmits":	0,
				"omitted":	false,
				"sender":	true
			}
		}, {
			"streams":	[{
					"socket":	5,
					"start":	3.000084,
					"end":	4.000089,
					"seconds":	1.0000050067901611,
					"bytes":	62503650,
					"bits_per_second":	500026696.47125578,
					"retransmits":	0,
					"snd_cwnd":	109188,
					"rtt":	644,
					"rttvar":	50,
					"pmtu":	1400,
					"omitted":	false,
					"sender":	true
				}],
			"sum":	{
				"start":	3.000084,
				"end":	4.000089,
				"seconds":	1.0000050067901611,
				"bytes":	62503650,
				"bits_per_second":	500026696.47125578,
				"retransmits":	0,
				"omitted":	false,
				"sender":	true
			}
		}, {
			"streams":	[{
					"socket":	5,
					"start":	4.000089,
					"end":	5.000092,
					"seconds":	1.0000029802322388,
					"bytes":	62500614,
					"bits_per_second":	500003421.87368262,
					"retransmits":	0,
					"snd_cwnd":	109188,
					"rtt":	656,
					"rttvar":	49,
					"pmtu":	1400,
					"omitted":	false,
					"sender":	true
				}],
			"sum":	{
				"start":	4.000089,
				"end":	5.000092,
				"seconds":	1.0000029802322388,
				"bytes":	62500614,
				"bits_per_second":	500003421.87368262,
				"retransmits":	0,
				"omitted":	false,
				"sender":	true
			}
		}, {
			"streams":	[{
					"socket":	5,
					"start":	5.000092,
					"end":	6.000087,
					"seconds":	0.99999499320983887,
					"bytes":	62497578,
					"bits_per_second":	499983127.31060255,
					"retransmits":	0,
					"snd_cwnd":	109188,
					"rtt":	466,
					"rttvar":	58,
					"pmtu":	1400,
					"omitted":	false,
					"sender":	true
				}],
			"sum":	{
				"start":	5.000092,
				"end":	6.000087,
				"seconds":	0.99999499320983887,
				"bytes":	62497578,
				"bits_per_second":	499983127.31060255,
				"retransmits":	0,
				"omitted":	false,
				"sender":	true
			}
		}, {
			"streams":	[{
					"socket":	5,
					"start":	6.000087,
					"end":	7.000089,
					"seconds":	1.0000020265579224,
					"bytes":	62499096,
					"bits_per_second":	499991754.73774832,
					"retransmits":	0,
					"snd_cwnd":	109188,
					"rtt":	688,
					"rttvar":	62,
					"pmtu":	1400,
					"omitted":	false,
					"sender":	true
				}],
			"sum":	{
				"start":	6.000087,
				"end":	7.000089,
				"seconds":	1.0000020265579224,
				"bytes":	62499096,
				"bits_per_second":	499991754.73774832,
				"retransmits":	0,
				"omitted":	false,
				"sender":	true
			}
		}, {
			"streams":	[{
					"socket":	5,
					"start":	7.000089,
					"end":	8.000058,
					"seconds":	0.9999690055847168,
					"bytes":	62497578,
					"bits_per_second":	499996121.08741695,
					"retransmits":	0,
					"snd_cwnd":	109188,
					"rtt":	629,
					"rttvar":	78,
					"pmtu":	1400,
					"omitted":	false,
					"sender":	true
				}],
			"sum":	{
				"start":	7.000089,
				"end":	8.000058,
				"seconds":	0.9999690055847168,
				"bytes":	62497578,
				"bits_per_second":	499996121.08741695,
				"retransmits":	0,
				"omitted":	false,
				"sender":	true
			}
		}, {
			"streams":	[{
					"socket":	5,
					"start":	8.000058,
					"end":	9.000057,
					"seconds":	0.99999898672103882,
					"bytes":	62502132,
					"bits_per_second":	500017562.65727645,
					"retransmits":	0,
					"snd_cwnd":	109188,
					"rtt":	586,
					"rttvar":	62,
					"pmtu":	1400,
					"omitted":	false,
					"sender":	true
				}],
			"sum":	{
				"start":	8.000058,
				"end":	9.000057,
				"seconds":	0.99999898672103882,
				"bytes":	62502132,
				"bits_per_second":	500017562.65727645,
				"retransmits":	0,
				"omitted":	false,
				"sender":	true
			}
		}, {
			"streams":	[{
					"socket":	5,
					"start":	9.000057,
					"end":	10.000087,
					"seconds":	1.0000300407409668,
					"bytes":	62497578,
					"bits_per_second":	499965604.662778,
					"retransmits":	0,
					"snd_cwnd":	190068,
					"rtt":	688,
					"rttvar":	94,
					"pmtu":	1400,
					"omitted":	false,
					"sender":	true
				}],
			"sum":	{
				"start":	9.000057,
				"end":	10.000087,
				"seconds":	1.0000300407409668,
				"bytes":	62497578,
				"bits_per_second":	499965604.662778,
				"retransmits":	0,
				"omitted":	false,
				"sender":	true
			}
		}, {
			"streams":	[{
					"socket":	5,
					"start":	10.000087,
					"end":	11.000088,
					"seconds":	1.0000009536743164,
					"bytes":	62500614,
					"bits_per_second":	500004435.15861207,
					"retransmits":	0,
					"snd_cwnd":	190068,
					"rtt":	666,
					"rttvar":	89,
					"pmtu":	1400,
					"omitted":	false,
					"sender":	true
				}],
			"sum":	{
				"start":	10.000087,
				"end":	11.000088,
				"seconds":	1.0000009536743164,
				"bytes":	62500614,
				"bits_per_second":	500004435.15861207,
				"retransmits":	0,
				"omitted":	false,
				"sender":	true
			}
		}, {
			"streams":	[{
					"socket":	5,
					"start":	11.000088,
					"end":	12.000086,
					"seconds":	0.99999797344207764,
					"bytes":	62502132,
					"bits_per_second":	500018069.31557971,
					"retransmits":	0,
					"snd_cwnd":	190068,
					"rtt":	606,
					"rttvar":	75,
					"pmtu":	1400,
					"omitted":	false,
					"sender":	true
				}],
			"sum":	{
				"start":	11.000088,
				"end":	12.000086,
				"seconds":	0.99999797344207764,
				"bytes":	62502132,
				"bits_per_second":	500018069.31557971,
				"retransmits":	0,
				"omitted":	false,
				"sender":	true
			}
		}, {
			"streams":	[{
					"socket":	5,
					"start":	12.000086,
					"end":	13.000087,
					"seconds":	1.0000009536743164,
					"bytes":	62500614,
					"bits_per_second":	500004435.15861207,
					"retransmits":	0,
					"snd_cwnd":	190068,
					"rtt":	599,
					"rttvar":	82,
					"pmtu":	1400,