{
	"start":	{
		"connected":	[{
				"socket":	5,
				"local_host":	"10.60.0.1",
				"local_port":	45547,
				"remote_host":	"172.16.10.3",
				"remote_port":	5201
			}],
		"version":	"iperf 3.7",
		"system_info":	"Linux ueransim1 5.4.0-169-generic #187-Ubuntu SMP Thu Nov 23 14:52:28 UTC 2023 x86_64",
		"timestamp":	{
			"time":	"Mon, 23 Jun 2025 22:27:02 GMT",
			"timesecs":	1750717622
		},
		"connecting_to":	{
			"host":	"172.16.10.3",
			"port":	5201
		},
		"cookie":	"k6cikj3swde3nnqrpvrzswgtoqrixrgha5q7",
		"tcp_mss_default":	1348,
		"target_bitrate":	500000000,
		"sock_bufsize":	0,
		"sndbuf_actual":	16384,
		"rcvbuf_actual":	131072,
		"test_start":	{
			"protocol":	"TCP",
			"num_streams":	1,
			"blksize":	512,
			"omit":	0,
			"duration":	30,
			"bytes":	0,
			"blocks":	0,
			"reverse":	0,
			"tos":	0
		}
	},
	"intervals":	[{
			"streams":	[{
					"socket":	5,
					"start":	0,
					"end":	1.000004,
					"seconds":	1.0000040531158447,
					"bytes":	62489088,
					"bits_per_second":	499910677.80411083,
					"retransmits":	0,
					"snd_cwnd":	168500,
					"rtt":	453,
					"rttvar":	29,
					"pmtu":	1400,
					"omitted":	false,
					"sender":	true
				}],
			"sum":	{
				"start":	0,
				"end":	1.000004,
				"seconds":	1.0000040531158447,
				"bytes":	62489088,
				"bits_per_second":	499910677.80411083,
				"retransmits":	0,
				"omitted":	false,
				"sender":	true
			}
		}, {
			"streams":	[{
					"socket":	5,
					"start":	1.000004,
					"end":	2.000087,
					"seconds":	1.0000829696655273,
					"bytes":	62477824,
					"bits_per_second":	499781125.32719475,
					"retransmits":	0,
					"snd_cwnd":	168500,
					"rtt":	726,
					"rttvar":	170,
					"pmtu":	1400,
					"omitted":	false,
					"sender":	true
				}],
			"sum":	{
				"start":	1.000004,
				"end":	2.000087,
				"seconds":	1.0000829696655273,
				"bytes":	62477824,
				"bits_per_second":	499781125.32719475,
				"retransmits":	0,
				"omitted":	false,
				"sender":	true
			}
		}, {
			"streams":	[{
					"socket":	5,
					"start":	2.000087,
					"end":	3.000082,
					"seconds":	0.99999499320983887,
					"bytes":	62504448,
					"bits_per_second":	500038087.5857771,
					"retransmits":	0,
					"snd_cwnd":	168500,
					"rtt":	544,
					"rttvar":	25,
					"pmtu":	1400,
					"omitted":	false,
					"sender":	true
				}],
			"sum":	{
				"start":	2.000087,
				"end":	3.000082,
				"seconds":	0.99999499320983887,
				"bytes":	62504448,
				"bits_per_second":	500038087.5857771,
				"retransmits":	0,
				"omitted":	false,
				"sender":	true
			}
		}, {
			"streams":	[{
					"socket":	5,
					"start":	3.000082,
					"end":	4.000085,
					"seconds":	1.0000029802322388,
					"bytes":	62495232,
					"bits_per_second":	499960366.00199914,
					"retransmits":	0,
					"snd_cwnd":	168500,
					"rtt":	469,
					"rttvar":	10,
					"pmtu":	1400,
					"omitted":	false,
					"sender":	true
				}],
			"sum":	{
				"start":	3.000082,
				"end":	4.000085,
				"seconds":	1.0000029802322388,
				"bytes":	62495232,
				"bits_per_second":	499960366.00199914,
				"retransmits":	0,
				"omitted":	false,
				"sender":	true
			}
		}, {
			"streams":	[{
					"socket":	5,
					"start":	4.000085,
					"end":	5.000084,
					"seconds":	0.99999898672103882,
					"bytes":	62502400,
					"bits_per_second":	500019706.65944892,
					"retransmits":	0,
					"snd_cwnd":	233204,
					"rtt":	625,
					"rttvar":	21,
					"pmtu":	1400,
					"omitted":	false,
					"sender":	true
				}],
			"sum":	{
				"start":	4.000085,
				"end":	5.000084,
				"seconds":	0.99999898672103882,
				"bytes":	62502400,
				"bits_per_second":	500019706.65944892,
				"retransmits":	0,
				"omitted":	false,
				"sender":	true
			}
		}, {
			"streams":	[{
					"socket":	5,
					"start":	5.000084,
					"end":	6.000086,
					"seconds":	1.0000020265579224,
					"bytes":	62496256,
					"bits_per_second":	499969034.7837916,
					"retransmits":	0,
					"snd_cwnd":	233204,
					"rtt":	595,
					"rttvar":	64,
					"pmtu":	1400,
					"omitted":	false,
					"sender":	true
				}],
			"sum":	{
				"start":	5.000084,
				"end":	6.000086,
				"seconds":	1.0000020265579224,
				"bytes":	62496256,
				"bits_per_second":	499969034.7837916,
				"retransmits":	0,
				"omitted":	false,
				"sender":	true
			}
		}, {
			"streams":	[{
					"socket":	5,
					"start":	6.000086,
					"end":	7.000085,
					"seconds":	0.99999898672103882,
					"bytes":	62503936,
					"bits_per_second":	500031994.67190009,
					"retransmits":	0,
					"snd_cwnd":	233204,
					"rtt":	506,
					"rttvar":	18,
					"pmtu":	1400,
					"omitted":	false,
					"sender":	true
				}],
			"sum":	{
				"start":	6.000086,
				"end":	7.000085,
				"seconds":	0.99999898672103882,
				"bytes":	62503936,
				"bits_per_second":	500031994.67190009,
				"retransmits":	0,
				"omitted":	false,
				"sender":	true
			}
		}, {
			"streams":	[{
					"socket":	5,
					"start":	7.000085,
					"end":	8.000086,
					"seconds":	1.0000009536743164,
					"bytes":	62498816,
					"bits_per_second":	499990051.17232972,
					"retransmits":	0,
					"snd_cwnd":	233204,
					"rtt":	706,
					"rttvar":	18,
					"pmtu":	1400,
					"omitted":	false,
					"sender":	true
				}],
			"sum":	{
				"start":	7.000085,
				"end":	8.000086,
				"seconds":	1.0000009536743164,
				"bytes":	62498816,
				"bits_per_second":	499990051.17232972,
				"retransmits":	0,
				"omitted":	false,
				"sender":	true
			}
		}, {
			"streams":	[{
					"socket":	5,
					"start":	8.000086,
					"end":	9.000075,
					"seconds":	0.99998897314071655,
					"bytes":	62508544,
					"bits_per_second":	500073866.24415439,
					"retransmits":	0,
					"snd_cwnd":	376092,
					"rtt":	545,
					"rttvar":	14,
					"pmtu":	1400,
					"omitted":	false,
					"sender":	true
				}],
			"sum":	{
				"start":	8.000086,
				"end":	9.000075,
				"seconds":	0.99998897314071655,
				"bytes":	62508544,
				"bits_per_second":	500073866.24415439,
				"retransmits":	0,
				"omitted":	false,
				"sender":	true
			}
		}, {
			"streams":	[{
					"socket":	5,
					"start":	9.000075,
					"end":	10.000077,
					"seconds":	1.0000020265579224,
					"bytes":	62493696,
					"bits_per_second":	499948554.82529545,
					"retransmits":	0,
					"snd_cwnd":	376092,
					"rtt":	538,
					"rttvar":	6,
					"pmtu":	1400,
					"omitted":	false,
					"sender":	true
				}],
			"sum":	{
				"start":	9.000075,
				"end":	10.000077,
				"seconds":	1.0000020265579224,
				"bytes":	62493696,
				"bits_per_second":	499948554.82529545,
				"retransmits":	0,
				"omitted":	false,
				"sender":	true
			}
		}, {
			"streams":	[{
					"socket":	5,
					"start":	10.000077,
					"end":	11.000086,
					"seconds":	1.0000089406967163,
					"bytes":	62504960,
					"bits_per_second":	500035209.33684582,
					"retransmits":	0,
					"snd_cwnd":	376092,
					"rtt":	611,
					"rttvar":	18,
					"pmtu":	1400,
					"omitted":	false,
					"sender":	true
				}],
			"sum":	{
				"start":	10.000077,
				"end":	11.000086,
				"seconds":	1.0000089406967163,
				"bytes":	62504960,
				"bits_per_second":	500035209.33684582,
				"retransmits":	0,
				"omitted":	false,
				"sender":	true
			}
		}, {
			"streams":	[{
					"socket":	5,
					"start":	11.000086,
					"end":	12.000081,
					"seconds":	0.99999499320983887,
					"bytes":	62493696,
					"bits_per_second":	499952071.1551109,
					"retransmits":	0,
					"snd_cwnd":	376092,
					"rtt":	603,
					"rttvar":	64,
					"pmtu":	1400,
					"omitted":	false,
					"sender":	true
				}],
			"sum":	{
				"start":	11.000086,
				"end":	12.000081,
				"seconds":	0.99999499320983887,
				"bytes":	62493696,
				"bits_per_second":	499952071.1551109,
				"retransmits":	0,
				"omitted":	false,
				"sender":	true
			}
		}, {
			"streams":	[{
					"socket":	5,
					"start":	12.000081,
					"end":	13.000085,
					"seconds":	1.0000040531158447,
					"bytes":	62499328,
					"bits_per_second":	499992597.47208095,
					"retransmits":	0,
					"snd_cwnd":	376092,
					"rtt":	555,
					"rttvar":	23,
					"pmtu":	1400,