{
	"start":	{
		"connected":	[{
				"socket":	5,
				"local_host":	"10.60.0.1",
				"local_port":	50203,
				"remote_host":	"172.16.10.3",
				"remote_port":	5201
			}],
		"version":	"iperf 3.7",
		"system_info":	"Linux ueransim1 5.4.0-169-generic #187-Ubuntu SMP Thu Nov 23 14:52:28 UTC 2023 x86_64",
		"timestamp":	{
			"time":	"Mon, 23 Jun 2025 22:25:26 GMT",
			"timesecs":	1750717526
		},
		"connecting_to":	{
			"host":	"172.16.10.3",
			"port":	5201
		},
		"cookie":	"7wpt5q2s6txocomwnmlyii4bejtto3jzyzyu",
		"tcp_mss_default":	1348,
		"target_bitrate":	500000000,
		"sock_bufsize":	0,
		"sndbuf_actual":	16384,
		"rcvbuf_actual":	131072,
		"test_start":	{
			"protocol":	"TCP",
			"num_streams":	1,
			"blksize":	128,
			"omit":	0,
			"duration":	30,
			"bytes":	0,
			"blocks":	0,
			"reverse":	0,
			"tos":	0
		}
	},
	"intervals":	[{
			"streams":	[{
					"socket":	5,
					"start":	0,
					"end":	1.000003,
					"seconds":	1.0000029802322388,
					"bytes":	39556992,
					"bits_per_second":	316454992.89062804,
					"retransmits":	0,
					"snd_cwnd":	101100,
					"rtt":	890,
					"rttvar":	61,
					"pmtu":	1400,
					"omitted":	false,
					"sender":	true
				}],
			"sum":	{
				"start":	0,
				"end":	1.000003,
				"seconds":	1.0000029802322388,
				"bytes":	39556992,
				"bits_per_second":	316454992.89062804,
				"retransmits":	0,
				"omitted":	false,
				"sender":	true
			}
		}, {
			"streams":	[{
					"socket":	5,
					"start":	1.000003,
					"end":	2.000057,
					"seconds":	1.0000540018081665,
					"bytes":	40361088,
					"bits_per_second":	322871268.36770314,
					"retransmits":	0,
					"snd_cwnd":	105144,
					"rtt":	1037,
					"rttvar":	136,
					"pmtu":	1400,
					"omitted":	false,
					"sender":	true
				}],
			"sum":	{
				"start":	1.000003,
				"end":	2.000057,
				"seconds":	1.0000540018081665,
				"bytes":	40361088,
				"bits_per_second":	322871268.36770314,
				"retransmits":	0,
				"omitted":	false,
				"sender":	true
			}
		}, {
			"streams":	[{
					"socket":	5,
					"start":	2.000057,
					"end":	3.000013,
					"seconds":	0.99995601177215576,
					"bytes":	40450176,
					"bits_per_second":	323615643.27865052,
					"retransmits":	0,
					"snd_cwnd":	105144,
					"rtt":	925,
					"rttvar":	58,
					"pmtu":	1400,
					"omitted":	false,
					"sender":	true
				}],
			"sum":	{
				"start":	2.000057,
				"end":	3.000013,
				"seconds":	0.99995601177215576,
				"bytes":	40450176,
				"bits_per_second":	323615643.27865052,
				"retransmits":	0,
				"omitted":	false,
				"sender":	true
			}
		}, {
			"streams":	[{
					"socket":	5,
					"start":	3.000013,
					"end":	4.000003,
					"seconds":	0.99998998641967773,
					"bytes":	40392448,
					"bits_per_second":	323142819.81658179,
					"retransmits":	0,
					"snd_cwnd":	105144,
					"rtt":	900,
					"rttvar":	135,
					"pmtu":	1400,
					"omitted":	false,
					"sender":	true
				}],
			"sum":	{
				"start":	3.000013,
				"end":	4.000003,
				"seconds":	0.99998998641967773,
				"bytes":	40392448,
				"bits_per_second":	323142819.81658179,
				"retransmits":	0,
				"omitted":	false,
				"sender":	true
			}
		}, {
			"streams":	[{
					"socket":	5,
					"start":	4.000003,
					"end":	5.000004,
					"seconds":	1.0000009536743164,
					"bytes":	40382848,
					"bits_per_second":	323062475.90361416,
					"retransmits":	0,
					"snd_cwnd":	109188,
					"rtt":	858,
					"rttvar":	53,
					"pmtu":	1400,
					"omitted":	false,
					"sender":	true
				}],
			"sum":	{
				"start":	4.000003,
				"end":	5.000004,
				"seconds":	1.0000009536743164,
				"bytes":	40382848,
				"bits_per_second":	323062475.90361416,
				"retransmits":	0,
				"omitted":	false,
				"sender":	true
			}
		}, {
			"streams":	[{
					"socket":	5,
					"start":	5.000004,
					"end":	6.000057,
					"seconds":	1.00005304813385,
					"bytes":	40446080,
					"bits_per_second":	323551476.19798326,
					"retransmits":	0,
					"snd_cwnd":	119972,
					"rtt":	874,
					"rttvar":	31,
					"pmtu":	1400,
					"omitted":	false,
					"sender":	true
				}],
			"sum":	{
				"start":	5.000004,
				"end":	6.000057,
				"seconds":	1.00005304813385,
				"bytes":	40446080,
				"bits_per_second":	323551476.19798326,
				"retransmits":	0,
				"omitted":	false,
				"sender":	true
			}
		}, {
			"streams":	[{
					"socket":	5,
					"start":	6.000057,
					"end":	7.000002,
					"seconds":	0.99994498491287231,
					"bytes":	40360448,
					"bits_per_second":	322901348.44581836,
					"retransmits":	0,
					"snd_cwnd":	119972,
					"rtt":	957,
					"rttvar":	151,
					"pmtu":	1400,
					"omitted":	false,
					"sender":	true
				}],
			"sum":	{
				"start":	6.000057,
				"end":	7.000002,
				"seconds":	0.99994498491287231,
				"bytes":	40360448,
				"bits_per_second":	322901348.44581836,
				"retransmits":	0,
				"omitted":	false,
				"sender":	true
			}
		}, {
			"streams":	[{
					"socket":	5,
					"start":	7.000002,
					"end":	8.000002,
					"seconds":	1,
					"bytes":	40558336,
					"bits_per_second":	324466688,
					"retransmits":	0,
					"snd_cwnd":	198156,
					"rtt":	1263,
					"rttvar":	40,
					"pmtu":	1400,
					"omitted":	false,
					"sender":	true
				}],
			"sum":	{
				"start":	7.000002,
				"end":	8.000002,
				"seconds":	1,
				"bytes":	40558336,
				"bits_per_second":	324466688,
				"retransmits":	0,
				"omitted":	false,
				"sender":	true
			}
		}, {
			"streams":	[{
					"socket":	5,
					"start":	8.000002,
					"end":	9.000003,
					"seconds":	1.0000009536743164,
					"bytes":	40384000,
					"bits_per_second":	323071691.8948251,
					"retransmits":	0,
					"snd_cwnd":	198156,
					"rtt":	1190,
					"rttvar":	16,
					"pmtu":	1400,
					"omitted":	false,
					"sender":	true
				}],
			"sum":	{
				"start":	8.000002,
				"end":	9.000003,
				"seconds":	1.0000009536743164,
				"bytes":	40384000,
				"bits_per_second":	323071691.8948251,
				"retransmits":	0,
				"omitted":	false,
				"sender":	true
			}
		}, {
			"streams":	[{
					"socket":	5,
					"start":	9.000003,
					"end":	10.000056,
					"seconds":	1.00005304813385,
					"bytes":	40359552,
					"bits_per_second":	322859288.91722679,
					"retransmits":	0,
					"snd_cwnd":	198156,
					"rtt":	818,
					"rttvar":	64,
					"pmtu":	1400,
					"omitted":	false,
					"sender":	true
				}],
			"sum":	{
				"start":	9.000003,
				"end":	10.000056,
				"seconds":	1.00005304813385,
				"bytes":	40359552,
				"bits_per_second":	322859288.91722679,
				"retransmits":	0,
				"omitted":	false,
				"sender":	true
			}
		}, {
			"streams":	[{
					"socket":	5,
					"start":	10.000056,
					"end":	11.000002,
					"seconds":	0.9999459981918335,
					"bytes":	40304512,
					"bits_per_second":	322453509.07253957,
					"retransmits":	0,
					"snd_cwnd":	198156,
					"rtt":	1035,
					"rttvar":	189,
					"pmtu":	1400,
					"omitted":	false,
					"sender":	true
				}],
			"sum":	{
				"start":	10.000056,
				"end":	11.000002,
				"seconds":	0.9999459981918335,
				"bytes":	40304512,
				"bits_per_second":	322453509.07253957,
				"retransmits":	0,
				"omitted":	false,
				"sender":	true
			}
		}, {
			"streams":	[{
					"socket":	5,
					"start":	11.000002,
					"end":	12.000003,
					"seconds":	1.0000009536743164,
					"bytes":	40362496,
					"bits_per_second":	322899660.05888742,
					"retransmits":	0,
					"snd_cwnd":	198156,
					"rtt":	1050,
					"rttvar":	66,
					"pmtu":	1400,
					"omitted":	false,
					"sender":	true
				}],
			"sum":	{
				"start":	11.000002,
				"end":	12.000003,
				"seconds":	1.0000009536743164,
				"bytes":	40362496,
				"bits_per_second":	322899660.05888742,
				"retransmits":	0,
				"omitted":	false,
				"sender":	true
			}
		}, {
			"streams":	[{
					"socket":	5,
					"start":	12.000003,
					"end":	13.000062,
					"seconds":	1.0000590085983276,
					"bytes":	40326784,
					"bits_per_second":	322595236.10729015,
					"retransmits":	0,
					"snd_cwnd":	198156,
					"rtt":	1074,
					"rttvar":	180,
					"pmtu":	1400,
					"omitted":	false,
					"sender":	true
				}],