{
	"start":	{
		"connected":	[{
				"socket":	5,
				"local_host":	"10.60.0.1",
				"local_port":	48187,
				"remote_host":	"172.16.10.3",
				"remote_port":	5201
			}],
		"version":	"iperf 3.7",
		"system_info":	"Linux ueransim1 5.4.0-169-generic #187-Ubuntu SMP Thu Nov 23 14:52:28 UTC 2023 x86_64",
		"timestamp":	{
			"time":	"Mon, 23 Jun 2025 22:29:42 GMT",
			"timesecs":	1750717782
		},
		"connecting_to":	{
			"host":	"172.16.10.3",
			"port":	5201
		},
		"cookie":	"wpl6k4jcilao72pymnii4r27qsdznuryhti6",
		"tcp_mss_default":	1348,
		"target_bitrate":	1000000000,
		"sock_bufsize":	0,
		"sndbuf_actual":	16384,
		"rcvbuf_actual":	131072,
		"test_start":	{
			"protocol":	"TCP",
			"num_streams":	1,
			"blksize":	64,
			"omit":	0,
			"duration":	30,
			"bytes":	0,
			"blocks":	0,
			"reverse":	0,
			"tos":	0
		}
	},
	"intervals":	[{
			"streams":	[{
					"socket":	5,
					"start":	0,
					"end":	1.000003,
					"seconds":	1.0000029802322388,
					"bytes":	20182080,
					"bits_per_second":	161456158.82315034,
					"retransmits":	0,
					"snd_cwnd":	49876,
					"rtt":	763,
					"rttvar":	154,
					"pmtu":	1400,
					"omitted":	false,
					"sender":	true
				}],
			"sum":	{
				"start":	0,
				"end":	1.000003,
				"seconds":	1.0000029802322388,
				"bytes":	20182080,
				"bits_per_second":	161456158.82315034,
				"retransmits":	0,
				"omitted":	false,
				"sender":	true
			}
		}, {
			"streams":	[{
					"socket":	5,
					"start":	1.000003,
					"end":	2.000056,
					"seconds":	1.00005304813385,
					"bytes":	20961792,
					"bits_per_second":	167685440.60030231,
					"retransmits":	0,
					"snd_cwnd":	49876,
					"rtt":	794,
					"rttvar":	134,
					"pmtu":	1400,
					"omitted":	false,
					"sender":	true
				}],
			"sum":	{
				"start":	1.000003,
				"end":	2.000056,
				"seconds":	1.00005304813385,
				"bytes":	20961792,
				"bits_per_second":	167685440.60030231,
				"retransmits":	0,
				"omitted":	false,
				"sender":	true
			}
		}, {
			"streams":	[{
					"socket":	5,
					"start":	2.000056,
					"end":	3.000006,
					"seconds":	0.99994999170303345,
					"bytes":	20972416,
					"bits_per_second":	167787718.778068,
					"retransmits":	0,
					"snd_cwnd":	60660,
					"rtt":	726,
					"rttvar":	112,
					"pmtu":	1400,
					"omitted":	false,
					"sender":	true
				}],
			"sum":	{
				"start":	2.000056,
				"end":	3.000006,
				"seconds":	0.99994999170303345,
				"bytes":	20972416,
				"bits_per_second":	167787718.778068,
				"retransmits":	0,
				"omitted":	false,
				"sender":	true
			}
		}, {
			"streams":	[{
					"socket":	5,
					"start":	3.000006,
					"end":	4.000005,
					"seconds":	0.99999898672103882,
					"bytes":	20909696,
					"bits_per_second":	167277737.49901208,
					"retransmits":	0,
					"snd_cwnd":	60660,
					"rtt":	857,
					"rttvar":	124,
					"pmtu":	1400,
					"omitted":	false,
					"sender":	true
				}],
			"sum":	{
				"start":	3.000006,
				"end":	4.000005,
				"seconds":	0.99999898672103882,
				"bytes":	20909696,
				"bits_per_second":	167277737.49901208,
				"retransmits":	0,
				"omitted":	false,
				"sender":	true
			}
		}, {
			"streams":	[{
					"socket":	5,
					"start":	4.000005,
					"end":	5.000058,
					"seconds":	1.00005304813385,
					"bytes":	20931520,
					"bits_per_second":	167443277.44660571,
					"retransmits":	0,
					"snd_cwnd":	60660,
					"rtt":	624,
					"rttvar":	63,
					"pmtu":	1400,
					"omitted":	false,
					"sender":	true
				}],
			"sum":	{
				"start":	4.000005,
				"end":	5.000058,
				"seconds":	1.00005304813385,
				"bytes":	20931520,
				"bits_per_second":	167443277.44660571,
				"retransmits":	0,
				"omitted":	false,
				"sender":	true
			}
		}, {
			"streams":	[{
					"socket":	5,
					"start":	5.000058,
					"end":	6.000003,
					"seconds":	0.99994498491287231,
					"bytes":	20919808,
					"bits_per_second":	167367671.74704352,
					"retransmits":	0,
					"snd_cwnd":	60660,
					"rtt":	592,
					"rttvar":	60,
					"pmtu":	1400,
					"omitted":	false,
					"sender":	true
				}],
			"sum":	{
				"start":	5.000058,
				"end":	6.000003,
				"seconds":	0.99994498491287231,
				"bytes":	20919808,
				"bits_per_second":	167367671.74704352,
				"retransmits":	0,
				"omitted":	false,
				"sender":	true
			}
		}, {
			"streams":	[{
					"socket":	5,
					"start":	6.000003,
					"end":	7.000004,
					"seconds":	1.0000009536743164,
					"bytes":	20903680,
					"bits_per_second":	167229280.51773021,
					"retransmits":	0,
					"snd_cwnd":	60660,
					"rtt":	725,
					"rttvar":	78,
					"pmtu":	1400,
					"omitted":	false,
					"sender":	true
				}],
			"sum":	{
				"start":	6.000003,
				"end":	7.000004,
				"seconds":	1.0000009536743164,
				"bytes":	20903680,
				"bits_per_second":	167229280.51773021,
				"retransmits":	0,
				"omitted":	false,
				"sender":	true
			}
		}, {
			"streams":	[{
					"socket":	5,
					"start":	7.000004,
					"end":	8.000004,
					"seconds":	1,
					"bytes":	20920384,
					"bits_per_second":	167363072,
					"retransmits":	0,
					"snd_cwnd":	60660,
					"rtt":	786,
					"rttvar":	136,
					"pmtu":	1400,
					"omitted":	false,
					"sender":	true
				}],
			"sum":	{
				"start":	7.000004,
				"end":	8.000004,
				"seconds":	1,
				"bytes":	20920384,
				"bits_per_second":	167363072,
				"retransmits":	0,
				"omitted":	false,
				"sender":	true
			}
		}, {
			"streams":	[{
					"socket":	5,
					"start":	8.000004,
					"end":	9.000057,
					"seconds":	1.00005304813385,
					"bytes":	20916992,
					"bits_per_second":	167327059.61174497,
					"retransmits":	0,
					"snd_cwnd":	60660,
					"rtt":	754,
					"rttvar":	185,
					"pmtu":	1400,
					"omitted":	false,
					"sender":	true
				}],
			"sum":	{
				"start":	8.000004,
				"end":	9.000057,
				"seconds":	1.00005304813385,
				"bytes":	20916992,
				"bits_per_second":	167327059.61174497,
				"retransmits":	0,
				"omitted":	false,
				"sender":	true
			}
		}, {
			"streams":	[{
					"socket":	5,
					"start":	9.000057,
					"end":	10.000005,
					"seconds":	0.99994802474975586,
					"bytes":	20913856,
					"bits_per_second":	167319544.47519484,
					"retransmits":	0,
					"snd_cwnd":	60660,
					"rtt":	748,
					"rttvar":	63,
					"pmtu":	1400,
					"omitted":	false,
					"sender":	true
				}],
			"sum":	{
				"start":	9.000057,
				"end":	10.000005,
				"seconds":	0.99994802474975586,
				"bytes":	20913856,
				"bits_per_second":	167319544.47519484,
				"retransmits":	0,
				"omitted":	false,
				"sender":	true
			}
		}, {
			"streams":	[{
					"socket":	5,
					"start":	10.000005,
					"end":	11.000007,
					"seconds":	1.0000020265579224,
					"bytes":	20887232,
					"bits_per_second":	167097517.36720237,
					"retransmits":	0,
					"snd_cwnd":	60660,
					"rtt":	959,
					"rttvar":	93,
					"pmtu":	1400,
					"omitted":	false,
					"sender":	true
				}],
			"sum":	{
				"start":	10.000005,
				"end":	11.000007,
				"seconds":	1.0000020265579224,
				"bytes":	20887232,
				"bits_per_second":	167097517.36720237,
				"retransmits":	0,
				"omitted":	false,
				"sender":	true
			}
		}, {
			"streams":	[{
					"socket":	5,
					"start":	11.000007,
					"end":	12.000004,
					"seconds":	0.99999701976776123,
					"bytes":	20920512,
					"bits_per_second":	167364594.78536102,
					"retransmits":	0,
					"snd_cwnd":	60660,
					"rtt":	843,
					"rttvar":	70,
					"pmtu":	1400,
					"omitted":	false,
					"sender":	true
				}],
			"sum":	{
				"start":	11.000007,
				"end":	12.000004,
				"seconds":	0.99999701976776123,
				"bytes":	20920512,
				"bits_per_second":	167364594.78536102,
				"retransmits":	0,
				"omitted":	false,
				"sender":	true
			}
		}, {
			"streams":	[{
					"socket":	5,
					"start":	12.000004,
					"end":	13.000011,
					"seconds":	1.0000070333480835,
					"bytes":	20907840,
					"bits_per_second":	167261543.59134293,
					"retransmits":	0,
					"snd_cwnd":	60660,
					"rtt":	1057,
					"rttvar":	122,
					"pmtu":	1400,
					"omitted":	false,
					"sender":	true
				}],