{
	"start":	{
		"connected":	[{
				"socket":	5,
				"local_host":	"10.60.0.1",
				"local_port":	60167,
				"remote_host":	"172.16.10.3",
				"remote_port":	5201
			}],
		"version":	"iperf 3.7",
		"system_info":	"Linux ueransim1 5.4.0-169-generic #187-Ubuntu SMP Thu Nov 23 14:52:28 UTC 2023 x86_64",
		"timestamp":	{
			"time":	"Mon, 23 Jun 2025 22:24:22 GMT",
			"timesecs":	1750717462
		},
		"connecting_to":	{
			"host":	"172.16.10.3",
			"port":	5201
		},
		"cookie":	"2f4fxocc7c444kz7coz3hhie6d4cdykoloev",
		"tcp_mss_default":	1348,
		"target_bitrate":	500000000,
		"sock_bufsize":	0,
		"sndbuf_actual":	16384,
		"rcvbuf_actual":	131072,
		"test_start":	{
			"protocol":	"TCP",
			"num_streams":	1,
			"blksize":	128,
			"omit":	0,
			"duration":	30,
			"bytes":	0,
			"blocks":	0,
			"reverse":	0,
			"tos":	0
		}
	},
	"intervals":	[{
			"streams":	[{
					"socket":	5,
					"start":	0,
					"end":	1.000004,
					"seconds":	1.0000040531158447,
					"bytes":	40451328,
					"bits_per_second":	323609312.37396854,
					"retransmits":	0,
					"snd_cwnd":	93012,
					"rtt":	1123,
					"rttvar":	97,
					"pmtu":	1400,
					"omitted":	false,
					"sender":	true
				}],
			"sum":	{
				"start":	0,
				"end":	1.000004,
				"seconds":	1.0000040531158447,
				"bytes":	40451328,
				"bits_per_second":	323609312.37396854,
				"retransmits":	0,
				"omitted":	false,
				"sender":	true
			}
		}, {
			"streams":	[{
					"socket":	5,
					"start":	1.000004,
					"end":	2.000064,
					"seconds":	1.000059962272644,
					"bytes":	40728192,
					"bits_per_second":	325805999.93180305,
					"retransmits":	0,
					"snd_cwnd":	115928,
					"rtt":	926,
					"rttvar":	81,
					"pmtu":	1400,
					"omitted":	false,
					"sender":	true
				}],
			"sum":	{
				"start":	1.000004,
				"end":	2.000064,
				"seconds":	1.000059962272644,
				"bytes":	40728192,
				"bits_per_second":	325805999.93180305,
				"retransmits":	0,
				"omitted":	false,
				"sender":	true
			}
		}, {
			"streams":	[{
					"socket":	5,
					"start":	2.000064,
					"end":	3.000068,
					"seconds":	1.0000040531158447,
					"bytes":	40321152,
					"bits_per_second":	322567908.5948987,
					"retransmits":	0,
					"snd_cwnd":	115928,
					"rtt":	1274,
					"rttvar":	25,
					"pmtu":	1400,
					"omitted":	false,
					"sender":	true
				}],
			"sum":	{
				"start":	2.000064,
				"end":	3.000068,
				"seconds":	1.0000040531158447,
				"bytes":	40321152,
				"bits_per_second":	322567908.5948987,
				"retransmits":	0,
				"omitted":	false,
				"sender":	true
			}
		}, {
			"streams":	[{
					"socket":	5,
					"start":	3.000068,
					"end":	4.000003,
					"seconds":	0.99993497133255,
					"bytes":	40363136,
					"bits_per_second":	322926087.45315188,
					"retransmits":	0,
					"snd_cwnd":	115928,
					"rtt":	857,
					"rttvar":	122,
					"pmtu":	1400,
					"omitted":	false,
					"sender":	true
				}],
			"sum":	{
				"start":	3.000068,
				"end":	4.000003,
				"seconds":	0.99993497133255,
				"bytes":	40363136,
				"bits_per_second":	322926087.45315188,
				"retransmits":	0,
				"omitted":	false,
				"sender":	true
			}
		}, {
			"streams":	[{
					"socket":	5,
					"start":	4.000003,
					"end":	5.000003,
					"seconds":	1,
					"bytes":	40363648,
					"bits_per_second":	322909184,
					"retransmits":	0,
					"snd_cwnd":	115928,
					"rtt":	780,
					"rttvar":	38,
					"pmtu":	1400,
					"omitted":	false,
					"sender":	true
				}],
			"sum":	{
				"start":	4.000003,
				"end":	5.000003,
				"seconds":	1,
				"bytes":	40363648,
				"bits_per_second":	322909184,
				"retransmits":	0,
				"omitted":	false,
				"sender":	true
			}
		}, {
			"streams":	[{
					"socket":	5,
					"start":	5.000003,
					"end":	6.000003,
					"seconds":	1,
					"bytes":	40315136,
					"bits_per_second":	322521088,
					"retransmits":	0,
					"snd_cwnd":	115928,
					"rtt":	958,
					"rttvar":	57,
					"pmtu":	1400,
					"omitted":	false,
					"sender":	true
				}],
			"sum":	{
				"start":	5.000003,
				"end":	6.000003,
				"seconds":	1,
				"bytes":	40315136,
				"bits_per_second":	322521088,
				"retransmits":	0,
				"omitted":	false,
				"sender":	true
			}
		}, {
			"streams":	[{
					"socket":	5,
					"start":	6.000003,
					"end":	7.000004,
					"seconds":	1.0000009536743164,
					"bytes":	40352768,
					"bits_per_second":	322821836.13310611,
					"retransmits":	0,
					"snd_cwnd":	115928,
					"rtt":	779,
					"rttvar":	44,
					"pmtu":	1400,
					"omitted":	false,
					"sender":	true
				}],
			"sum":	{
				"start":	6.000003,
				"end":	7.000004,
				"seconds":	1.0000009536743164,
				"bytes":	40352768,
				"bits_per_second":	322821836.13310611,
				"retransmits":	0,
				"omitted":	false,
				"sender":	true
			}
		}, {
			"streams":	[{
					"socket":	5,
					"start":	7.000004,
					"end":	8.000003,
					"seconds":	0.99999898672103882,
					"bytes":	40336000,
					"bits_per_second":	322688326.97329277,
					"retransmits":	0,
					"snd_cwnd":	115928,
					"rtt":	1026,
					"rttvar":	83,
					"pmtu":	1400,
					"omitted":	false,
					"sender":	true
				}],
			"sum":	{
				"start":	7.000004,
				"end":	8.000003,
				"seconds":	0.99999898672103882,
				"bytes":	40336000,
				"bits_per_second":	322688326.97329277,
				"retransmits":	0,
				"omitted":	false,
				"sender":	true
			}
		}, {
			"streams":	[{
					"socket":	5,
					"start":	8.000003,
					"end":	9.000091,
					"seconds":	1.0000879764556885,
					"bytes":	40259712,
					"bits_per_second":	322049363.23846555,
					"retransmits":	0,
					"snd_cwnd":	115928,
					"rtt":	1032,
					"rttvar":	269,
					"pmtu":	1400,
					"omitted":	false,
					"sender":	true
				}],
			"sum":	{
				"start":	8.000003,
				"end":	9.000091,
				"seconds":	1.0000879764556885,
				"bytes":	40259712,
				"bits_per_second":	322049363.23846555,
				"retransmits":	0,
				"omitted":	false,
				"sender":	true
			}
		}, {
			"streams":	[{
					"socket":	5,
					"start":	9.000091,
					"end":	10.000018,
					"seconds":	0.99992698431015015,
					"bytes":	40250112,
					"bits_per_second":	322024408.83435953,
					"retransmits":	0,
					"snd_cwnd":	115928,
					"rtt":	1098,
					"rttvar":	44,
					"pmtu":	1400,
					"omitted":	false,
					"sender":	true
				}],
			"sum":	{
				"start":	9.000091,
				"end":	10.000018,
				"seconds":	0.99992698431015015,
				"bytes":	40250112,
				"bits_per_second":	322024408.83435953,
				"retransmits":	0,
				"omitted":	false,
				"sender":	true
			}
		}, {
			"streams":	[{
					"socket":	5,
					"start":	10.000018,
					"end":	11.000003,
					"seconds":	0.9999849796295166,
					"bytes":	40279936,
					"bits_per_second":	322244328.22919619,
					"retransmits":	0,
					"snd_cwnd":	115928,
					"rtt":	1165,
					"rttvar":	33,
					"pmtu":	1400,
					"omitted":	false,
					"sender":	true
				}],
			"sum":	{
				"start":	10.000018,
				"end":	11.000003,
				"seconds":	0.9999849796295166,
				"bytes":	40279936,
				"bits_per_second":	322244328.22919619,
				"retransmits":	0,
				"omitted":	false,
				"sender":	true
			}
		}, {
			"streams":	[{
					"socket":	5,
					"start":	11.000003,
					"end":	12.000055,
					"seconds":	1.0000519752502441,
					"bytes":	40559232,
					"bits_per_second":	324456992.26663345,
					"retransmits":	0,
					"snd_cwnd":	235900,
					"rtt":	1097,
					"rttvar":	53,
					"pmtu":	1400,
					"omitted":	false,
					"sender":	true
				}],
			"sum":	{
				"start":	11.000003,
				"end":	12.000055,
				"seconds":	1.0000519752502441,
				"bytes":	40559232,
				"bits_per_second":	324456992.26663345,
				"retransmits":	0,
				"omitted":	false,
				"sender":	true
			}
		}, {
			"streams":	[{
					"socket":	5,
					"start":	12.000055,
					"end":	13.000003,
					"seconds":	0.99994802474975586,
					"bytes":	40272128,
					"bits_per_second":	322193770.10182816,
					"retransmits":	0,
					"snd_cwnd":	235900,
					"rtt":	963,
					"rttvar":	40,
					"pmtu":	1400,
					"omitted":	false,
					"sender":	true
				}],
			"sum":	{
				"start":	12.000055,
				"end":	13.000003,