{
	"start":	{
		"connected":	[{
				"socket":	5,
				"local_host":	"10.60.0.1",
				"local_port":	58335,
				"remote_host":	"172.16.10.3",
				"remote_port":	5201
			}],
		"version":	"iperf 3.7",
		"system_info":	"Linux ueransim1 5.4.0-169-generic #187-Ubuntu SMP Thu Nov 23 14:52:28 UTC 2023 x86_64",
		"timestamp":	{
			"time":	"Mon, 23 Jun 2025 22:28:06 GMT",
			"timesecs":	1750717686
		},
		"connecting_to":	{
			"host":	"172.16.10.3",
			"port":	5201
		},
		"cookie":	"dku2qa36h7jrft3gwxhi5tv3epuicu2slp7a",
		"tcp_mss_default":	1348,
		"target_bitrate":	500000000,
		"sock_bufsize":	0,
		"sndbuf_actual":	16384,
		"rcvbuf_actual":	131072,
		"test_start":	{
			"protocol":	"TCP",
			"num_streams":	1,
			"blksize":	1518,
			"omit":	0,
			"duration":	30,
			"bytes":	0,
			"blocks":	0,
			"reverse":	0,
			"tos":	0
		}
	},
	"intervals":	[{
			"streams":	[{
					"socket":	5,
					"start":	0,
					"end":	1.000086,
					"seconds":	1.0000859498977661,
					"bytes":	62467218,
					"bits_per_second":	499694795.28343111,
					"retransmits":	0,
					"snd_cwnd":	164456,
					"rtt":	636,
					"rttvar":	45,
					"pmtu":	1400,
					"omitted":	false,
					"sender":	true
				}],
			"sum":	{
				"start":	0,
				"end":	1.000086,
				"seconds":	1.0000859498977661,
				"bytes":	62467218,
				"bits_per_second":	499694795.28343111,
				"retransmits":	0,
				"omitted":	false,
				"sender":	true
			}
		}, {
			"streams":	[{
					"socket":	5,
					"start":	1.000086,
					"end":	2.000087,
					"seconds":	1.0000009536743164,
					"bytes":	62491506,
					"bits_per_second":	499931571.22810054,
					"retransmits":	0,
					"snd_cwnd":	164456,
					"rtt":	815,
					"rttvar":	104,
					"pmtu":	1400,
					"omitted":	false,
					"sender":	true
				}],
			"sum":	{
				"start":	1.000086,
				"end":	2.000087,
				"seconds":	1.0000009536743164,
				"bytes":	62491506,
				"bits_per_second":	499931571.22810054,
				"retransmits":	0,
				"omitted":	false,
				"sender":	true
			}
		}, {
			"streams":	[{
					"socket":	5,
					"start":	2.000087,
					"end":	3.000104,
					"seconds":	1.0000170469284058,
					"bytes":	62499096,
					"bits_per_second":	499984244.80437481,
					"retransmits":	0,
					"snd_cwnd":	164456,
					"rtt":	913,
					"rttvar":	140,
					"pmtu":	1400,
					"omitted":	false,
					"sender":	true
				}],
			"sum":	{
				"start":	2.000087,
				"end":	3.000104,
				"seconds":	1.0000170469284058,
				"bytes":	62499096,
				"bits_per_second":	499984244.80437481,
				"retransmits":	0,
				"omitted":	false,
				"sender":	true
			}
		}, {
			"streams":	[{
					"socket":	5,
					"start":	3.000104,
					"end":	4.000088,
					"seconds":	0.9999840259552002,
					"bytes":	62500614,
					"bits_per_second":	500012899.22845274,
					"retransmits":	0,
					"snd_cwnd":	164456,
					"rtt":	771,
					"rttvar":	45,
					"pmtu":	1400,
					"omitted":	false,
					"sender":	true
				}],
			"sum":	{
				"start":	3.000104,
				"end":	4.000088,
				"seconds":	0.9999840259552002,
				"bytes":	62500614,
				"bits_per_second":	500012899.22845274,
				"retransmits":	0,
				"omitted":	false,
				"sender":	true
			}
		}, {
			"streams":	[{
					"socket":	5,
					"start":	4.000088,
					"end":	5.000086,
					"seconds":	0.99999797344207764,
					"bytes":	62500614,
					"bits_per_second":	500005925.29096913,
					"retransmits":	0,
					"snd_cwnd":	164456,
					"rtt":	696,
					"rttvar":	41,
					"pmtu":	1400,
					"omitted":	false,
					"sender":	true
				}],
			"sum":	{
				"start":	4.000088,
				"end":	5.000086,
				"seconds":	0.99999797344207764,
				"bytes":	62500614,
				"bits_per_second":	500005925.29096913,
				"retransmits":	0,
				"omitted":	false,
				"sender":	true
			}
		}, {
			"streams":	[{
					"socket":	5,
					"start":	5.000086,
					"end":	6.000085,
					"seconds":	0.99999898672103882,
					"bytes":	62502132,
					"bits_per_second":	500017562.65727645,
					"retransmits":	0,
					"snd_cwnd":	164456,
					"rtt":	853,
					"rttvar":	87,
					"pmtu":	1400,
					"omitted":	false,
					"sender":	true
				}],
			"sum":	{
				"start":	5.000086,
				"end":	6.000085,
				"seconds":	0.99999898672103882,
				"bytes":	62502132,
				"bits_per_second":	500017562.65727645,
				"retransmits":	0,
				"omitted":	false,
				"sender":	true
			}
		}, {
			"streams":	[{
					"socket":	5,
					"start":	6.000085,
					"end":	7.000087,
					"seconds":	1.0000020265579224,
					"bytes":	62499096,
					"bits_per_second":	499991754.73774832,
					"retransmits":	0,
					"snd_cwnd":	164456,
					"rtt":	897,
					"rttvar":	81,
					"pmtu":	1400,
					"omitted":	false,
					"sender":	true
				}],
			"sum":	{
				"start":	6.000085,
				"end":	7.000087,
				"seconds":	1.0000020265579224,
				"bytes":	62499096,
				"bits_per_second":	499991754.73774832,
				"retransmits":	0,
				"omitted":	false,
				"sender":	true
			}
		}, {
			"streams":	[{
					"socket":	5,
					"start":	7.000087,
					"end":	8.000059,
					"seconds":	0.99997198581695557,
					"bytes":	62506686,
					"bits_per_second":	500067496.98239505,
					"retransmits":	0,
					"snd_cwnd":	164456,
					"rtt":	691,
					"rttvar":	12,
					"pmtu":	1400,
					"omitted":	false,
					"sender":	true
				}],
			"sum":	{
				"start":	7.000087,
				"end":	8.000059,
				"seconds":	0.99997198581695557,
				"bytes":	62506686,
				"bits_per_second":	500067496.98239505,
				"retransmits":	0,
				"omitted":	false,
				"sender":	true
			}
		}, {
			"streams":	[{
					"socket":	5,
					"start":	8.000059,
					"end":	9.000086,
					"seconds":	1.0000269412994385,
					"bytes":	62493024,
					"bits_per_second":	499930723.21668732,
					"retransmits":	0,
					"snd_cwnd":	164456,
					"rtt":	948,
					"rttvar":	116,
					"pmtu":	1400,
					"omitted":	false,
					"sender":	true
				}],
			"sum":	{
				"start":	8.000059,
				"end":	9.000086,
				"seconds":	1.0000269412994385,
				"bytes":	62493024,
				"bits_per_second":	499930723.21668732,
				"retransmits":	0,
				"omitted":	false,
				"sender":	true
			}
		}, {
			"streams":	[{
					"socket":	5,
					"start":	9.000086,
					"end":	10.000086,
					"seconds":	1,
					"bytes":	62499096,
					"bits_per_second":	499992768,
					"retransmits":	0,
					"snd_cwnd":	164456,
					"rtt":	824,
					"rttvar":	56,
					"pmtu":	1400,
					"omitted":	false,
					"sender":	true
				}],
			"sum":	{
				"start":	9.000086,
				"end":	10.000086,
				"seconds":	1,
				"bytes":	62499096,
				"bits_per_second":	499992768,
				"retransmits":	0,
				"omitted":	false,
				"sender":	true
			}
		}, {
			"streams":	[{
					"socket":	5,
					"start":	10.000086,
					"end":	11.000088,
					"seconds":	1.0000020265579224,
					"bytes":	62500614,
					"bits_per_second":	500003898.71313787,
					"retransmits":	0,
					"snd_cwnd":	164456,
					"rtt":	912,
					"rttvar":	56,
					"pmtu":	1400,
					"omitted":	false,
					"sender":	true
				}],
			"sum":	{
				"start":	10.000086,
				"end":	11.000088,
				"seconds":	1.0000020265579224,
				"bytes":	62500614,
				"bits_per_second":	500003898.71313787,
				"retransmits":	0,
				"omitted":	false,
				"sender":	true
			}
		}, {
			"streams":	[{
					"socket":	5,
					"start":	11.000088,
					"end":	12.000092,
					"seconds":	1.0000040531158447,
					"bytes":	62499096,
					"bits_per_second":	499990741.47960347,
					"retransmits":	0,
					"snd_cwnd":	227812,
					"rtt":	1042,
					"rttvar":	112,
					"pmtu":	1400,
					"omitted":	false,
					"sender":	true
				}],
			"sum":	{
				"start":	11.000088,
				"end":	12.000092,
				"seconds":	1.0000040531158447,
				"bytes":	62499096,
				"bits_per_second":	499990741.47960347,
				"retransmits":	0,
				"omitted":	false,
				"sender":	true
			}
		}, {
			"streams":	[{
					"socket":	5,
					"start":	12.000092,
					"end":	13.000088,
					"seconds":	0.9999960064888,
					"bytes":	62502132,
					"bits_per_second":	500019052.83168769,
					"retransmits":	0,
					"snd_cwnd":	227812,
					"rtt":	710,
					"rttvar":	47,
					"pmtu":	1400,
					"omitted":	false,
					"sender":	true
				}],