{
	"start":	{
		"connected":	[{
				"socket":	5,
				"local_host":	"10.60.0.1",
				"local_port":	35785,
				"remote_host":	"172.16.10.3",
				"remote_port":	5201
			}],
		"version":	"iperf 3.7",
		"system_info":	"Linux ueransim1 5.4.0-169-generic #187-Ubuntu SMP Thu Nov 23 14:52:28 UTC 2023 x86_64",
		"timestamp":	{
			"time":	"Mon, 23 Jun 2025 22:30:14 GMT",
			"timesecs":	1750717814
		},
		"connecting_to":	{
			"host":	"172.16.10.3",
			"port":	5201
		},
		"cookie":	"iacpogawob6phuad46j44g6ciu7raof74iqk",
		"tcp_mss_default":	1348,
		"target_bitrate":	1000000000,
		"sock_bufsize":	0,
		"sndbuf_actual":	16384,
		"rcvbuf_actual":	131072,
		"test_start":	{
			"protocol":	"TCP",
			"num_streams":	1,
			"blksize":	64,
			"omit":	0,
			"duration":	30,
			"bytes":	0,
			"blocks":	0,
			"reverse":	0,
			"tos":	0
		}
	},
	"intervals":	[{
			"streams":	[{
					"socket":	5,
					"start":	0,
					"end":	1.000006,
					"seconds":	1.0000059604644775,
					"bytes":	19715776,
					"bits_per_second":	157725267.88414356,
					"retransmits":	0,
					"snd_cwnd":	45832,
					"rtt":	792,
					"rttvar":	23,
					"pmtu":	1400,
					"omitted":	false,
					"sender":	true
				}],
			"sum":	{
				"start":	0,
				"end":	1.000006,
				"seconds":	1.0000059604644775,
				"bytes":	19715776,
				"bits_per_second":	157725267.88414356,
				"retransmits":	0,
				"omitted":	false,
				"sender":	true
			}
		}, {
			"streams":	[{
					"socket":	5,
					"start":	1.000006,
					"end":	2.000004,
					"seconds":	0.99999797344207764,
					"bytes":	20821696,
					"bits_per_second":	166573905.571668,
					"retransmits":	0,
					"snd_cwnd":	45832,
					"rtt":	672,
					"rttvar":	74,
					"pmtu":	1400,
					"omitted":	false,
					"sender":	true
				}],
			"sum":	{
				"start":	1.000006,
				"end":	2.000004,
				"seconds":	0.99999797344207764,
				"bytes":	20821696,
				"bits_per_second":	166573905.571668,
				"retransmits":	0,
				"omitted":	false,
				"sender":	true
			}
		}, {
			"streams":	[{
					"socket":	5,
					"start":	2.000004,
					"end":	3.000037,
					"seconds":	1.0000330209732056,
					"bytes":	20790976,
					"bits_per_second":	166322315.875264,
					"retransmits":	0,
					"snd_cwnd":	45832,
					"rtt":	732,
					"rttvar":	65,
					"pmtu":	1400,
					"omitted":	false,
					"sender":	true
				}],
			"sum":	{
				"start":	2.000004,
				"end":	3.000037,
				"seconds":	1.0000330209732056,
				"bytes":	20790976,
				"bits_per_second":	166322315.875264,
				"retransmits":	0,
				"omitted":	false,
				"sender":	true
			}
		}, {
			"streams":	[{
					"socket":	5,
					"start":	3.000037,
					"end":	4.000097,
					"seconds":	1.000059962272644,
					"bytes":	20801984,
					"bits_per_second":	166405893.92441893,
					"retransmits":	0,
					"snd_cwnd":	45832,
					"rtt":	647,
					"rttvar":	160,
					"pmtu":	1400,
					"omitted":	false,
					"sender":	true
				}],
			"sum":	{
				"start":	3.000037,
				"end":	4.000097,
				"seconds":	1.000059962272644,
				"bytes":	20801984,
				"bits_per_second":	166405893.92441893,
				"retransmits":	0,
				"omitted":	false,
				"sender":	true
			}
		}, {
			"streams":	[{
					"socket":	5,
					"start":	4.000097,
					"end":	5.000005,
					"seconds":	0.9999079704284668,
					"bytes":	20799808,
					"bits_per_second":	166413778.98877755,
					"retransmits":	0,
					"snd_cwnd":	45832,
					"rtt":	827,
					"rttvar":	19,
					"pmtu":	1400,
					"omitted":	false,
					"sender":	true
				}],
			"sum":	{
				"start":	4.000097,
				"end":	5.000005,
				"seconds":	0.9999079704284668,
				"bytes":	20799808,
				"bits_per_second":	166413778.98877755,
				"retransmits":	0,
				"omitted":	false,
				"sender":	true
			}
		}, {
			"streams":	[{
					"socket":	5,
					"start":	5.000005,
					"end":	6.000015,
					"seconds":	1.0000100135803223,
					"bytes":	20791552,
					"bits_per_second":	166330750.43367046,
					"retransmits":	0,
					"snd_cwnd":	45832,
					"rtt":	748,
					"rttvar":	136,
					"pmtu":	1400,
					"omitted":	false,
					"sender":	true
				}],
			"sum":	{
				"start":	5.000005,
				"end":	6.000015,
				"seconds":	1.0000100135803223,
				"bytes":	20791552,
				"bits_per_second":	166330750.43367046,
				"retransmits":	0,
				"omitted":	false,
				"sender":	true
			}
		}, {
			"streams":	[{
					"socket":	5,
					"start":	6.000015,
					"end":	7.000007,
					"seconds":	0.9999920129776001,
					"bytes":	20800960,
					"bits_per_second":	166409009.11248332,
					"retransmits":	0,
					"snd_cwnd":	45832,
					"rtt":	611,
					"rttvar":	66,
					"pmtu":	1400,
					"omitted":	false,
					"sender":	true
				}],
			"sum":	{
				"start":	6.000015,
				"end":	7.000007,
				"seconds":	0.9999920129776001,
				"bytes":	20800960,
				"bits_per_second":	166409009.11248332,
				"retransmits":	0,
				"omitted":	false,
				"sender":	true
			}
		}, {
			"streams":	[{
					"socket":	5,
					"start":	7.000007,
					"end":	8.000039,
					"seconds":	1.0000319480895996,
					"bytes":	20793088,
					"bits_per_second":	166339389.77427155,
					"retransmits":	0,
					"snd_cwnd":	45832,
					"rtt":	688,
					"rttvar":	139,
					"pmtu":	1400,
					"omitted":	false,
					"sender":	true
				}],
			"sum":	{
				"start":	7.000007,
				"end":	8.000039,
				"seconds":	1.0000319480895996,
				"bytes":	20793088,
				"bits_per_second":	166339389.77427155,
				"retransmits":	0,
				"omitted":	false,
				"sender":	true
			}
		}, {
			"streams":	[{
					"socket":	5,
					"start":	8.000039,
					"end":	9.000004,
					"seconds":	0.99996501207351685,
					"bytes":	20793984,
					"bits_per_second":	166357692.51071548,
					"retransmits":	0,
					"snd_cwnd":	45832,
					"rtt":	736,
					"rttvar":	95,
					"pmtu":	1400,
					"omitted":	false,
					"sender":	true
				}],
			"sum":	{
				"start":	8.000039,
				"end":	9.000004,
				"seconds":	0.99996501207351685,
				"bytes":	20793984,
				"bits_per_second":	166357692.51071548,
				"retransmits":	0,
				"omitted":	false,
				"sender":	true
			}
		}, {
			"streams":	[{
					"socket":	5,
					"start":	9.000004,
					"end":	10.000004,
					"seconds":	1,
					"bytes":	20795008,
					"bits_per_second":	166360064,
					"retransmits":	0,
					"snd_cwnd":	45832,
					"rtt":	877,
					"rttvar":	48,
					"pmtu":	1400,
					"omitted":	false,
					"sender":	true
				}],
			"sum":	{
				"start":	9.000004,
				"end":	10.000004,
				"seconds":	1,
				"bytes":	20795008,
				"bits_per_second":	166360064,
				"retransmits":	0,
				"omitted":	false,
				"sender":	true
			}
		}, {
			"streams":	[{
					"socket":	5,
					"start":	10.000004,
					"end":	11.000003,
					"seconds":	0.99999898672103882,
					"bytes":	20792832,
					"bits_per_second":	166342824.55168447,
					"retransmits":	0,
					"snd_cwnd":	45832,
					"rtt":	865,
					"rttvar":	28,
					"pmtu":	1400,
					"omitted":	false,
					"sender":	true
				}],
			"sum":	{
				"start":	10.000004,
				"end":	11.000003,
				"seconds":	0.99999898672103882,
				"bytes":	20792832,
				"bits_per_second":	166342824.55168447,
				"retransmits":	0,
				"omitted":	false,
				"sender":	true
			}
		}, {
			"streams":	[{
					"socket":	5,
					"start":	11.000003,
					"end":	12.000003,
					"seconds":	1,
					"bytes":	20814464,
					"bits_per_second":	166515712,
					"retransmits":	0,
					"snd_cwnd":	45832,
					"rtt":	991,
					"rttvar":	11,
					"pmtu":	1400,
					"omitted":	false,
					"sender":	true
				}],
			"sum":	{
				"start":	11.000003,
				"end":	12.000003,
				"seconds":	1,
				"bytes":	20814464,
				"bits_per_second":	166515712,
				"retransmits":	0,
				"omitted":	false,
				"sender":	true
			}
		}, {
			"streams":	[{
					"socket":	5,
					"start":	12.000003,
					"end":	13.000003,
					"seconds":	1,
					"bytes":	20794688,
					"bits_per_second":	166357504,
					"retransmits":	0,
					"snd_cwnd":	45832,
					"rtt":	991,
					"rttvar":	29,
					"pmtu":	1400,
					"omitted":	false,
					"sender":	true
				}],
			"sum":	{
				"start":	12.000003,
				"end":	13.000003,
				"seconds":	1,
				"bytes":	20794688,