{
	"start":	{
		"connected":	[{
				"socket":	5,
				"local_host":	"10.60.0.1",
				"local_port":	52819,
				"remote_host":	"172.16.10.3",
				"remote_port":	5201
			}],
		"version":	"iperf 3.7",
		"system_info":	"Linux ueransim1 5.4.0-169-generic #187-Ubuntu SMP Thu Nov 23 14:52:28 UTC 2023 x86_64",
		"timestamp":	{
			"time":	"Mon, 23 Jun 2025 22:26:30 GMT",
			"timesecs":	1750717590
		},
		"connecting_to":	{
			"host":	"172.16.10.3",
			"port":	5201
		},
		"cookie":	"nb37mgpboqirg3mp4k3xo3t5on7abqinb3dd",
		"tcp_mss_default":	1348,
		"target_bitrate":	500000000,
		"sock_bufsize":	0,
		"sndbuf_actual":	16384,
		"rcvbuf_actual":	131072,
		"test_start":	{
			"protocol":	"TCP",
			"num_streams":	1,
			"blksize":	512,
			"omit":	0,
			"duration":	30,
			"bytes":	0,
			"blocks":	0,
			"reverse":	0,
			"tos":	0
		}
	},
	"intervals":	[{
			"streams":	[{
					"socket":	5,
					"start":	0,
					"end":	1.000083,
					"seconds":	1.0000829696655273,
					"bytes":	62466048,
					"bits_per_second":	499686925.1429525,
					"retransmits":	0,
					"snd_cwnd":	132104,
					"rtt":	794,
					"rttvar":	41,
					"pmtu":	1400,
					"omitted":	false,
					"sender":	true
				}],
			"sum":	{
				"start":	0,
				"end":	1.000083,
				"seconds":	1.0000829696655273,
				"bytes":	62466048,
				"bits_per_second":	499686925.1429525,
				"retransmits":	0,
				"omitted":	false,
				"sender":	true
			}
		}, {
			"streams":	[{
					"socket":	5,
					"start":	1.000083,
					"end":	2.00008,
					"seconds":	0.99999701976776123,
					"bytes":	62511616,
					"bits_per_second":	500094418.39750814,
					"retransmits":	0,
					"snd_cwnd":	132104,
					"rtt":	967,
					"rttvar":	20,
					"pmtu":	1400,
					"omitted":	false,
					"sender":	true
				}],
			"sum":	{
				"start":	1.000083,
				"end":	2.00008,
				"seconds":	0.99999701976776123,
				"bytes":	62511616,
				"bits_per_second":	500094418.39750814,
				"retransmits":	0,
				"omitted":	false,
				"sender":	true
			}
		}, {
			"streams":	[{
					"socket":	5,
					"start":	2.00008,
					"end":	3.000079,
					"seconds":	0.99999898672103882,
					"bytes":	62499840,
					"bits_per_second":	499999226.63869697,
					"retransmits":	0,
					"snd_cwnd":	132104,
					"rtt":	557,
					"rttvar":	51,
					"pmtu":	1400,
					"omitted":	false,
					"sender":	true
				}],
			"sum":	{
				"start":	2.00008,
				"end":	3.000079,
				"seconds":	0.99999898672103882,
				"bytes":	62499840,
				"bits_per_second":	499999226.63869697,
				"retransmits":	0,
				"omitted":	false,
				"sender":	true
			}
		}, {
			"streams":	[{
					"socket":	5,
					"start":	3.000079,
					"end":	4.00008,
					"seconds":	1.0000009536743164,
					"bytes":	62496256,
					"bits_per_second":	499969571.191861,
					"retransmits":	0,
					"snd_cwnd":	138844,
					"rtt":	457,
					"rttvar":	28,
					"pmtu":	1400,
					"omitted":	false,
					"sender":	true
				}],
			"sum":	{
				"start":	3.000079,
				"end":	4.00008,
				"seconds":	1.0000009536743164,
				"bytes":	62496256,
				"bits_per_second":	499969571.191861,
				"retransmits":	0,
				"omitted":	false,
				"sender":	true
			}
		}, {
			"streams":	[{
					"socket":	5,
					"start":	4.00008,
					"end":	5.00008,
					"seconds":	1,
					"bytes":	62501888,
					"bits_per_second":	500015104,
					"retransmits":	0,
					"snd_cwnd":	177936,
					"rtt":	712,
					"rttvar":	45,
					"pmtu":	1400,
					"omitted":	false,
					"sender":	true
				}],
			"sum":	{
				"start":	4.00008,
				"end":	5.00008,
				"seconds":	1,
				"bytes":	62501888,
				"bits_per_second":	500015104,
				"retransmits":	0,
				"omitted":	false,
				"sender":	true
			}
		}, {
			"streams":	[{
					"socket":	5,
					"start":	5.00008,
					"end":	6.000078,
					"seconds":	0.99999797344207764,
					"bytes":	62499840,
					"bits_per_second":	499999733.27842063,
					"retransmits":	0,
					"snd_cwnd":	177936,
					"rtt":	722,
					"rttvar":	29,
					"pmtu":	1400,
					"omitted":	false,
					"sender":	true
				}],
			"sum":	{
				"start":	5.00008,
				"end":	6.000078,
				"seconds":	0.99999797344207764,
				"bytes":	62499840,
				"bits_per_second":	499999733.27842063,
				"retransmits":	0,
				"omitted":	false,
				"sender":	true
			}
		}, {
			"streams":	[{
					"socket":	5,
					"start":	6.000078,
					"end":	7.000084,
					"seconds":	1.0000059604644775,
					"bytes":	62496768,
					"bits_per_second":	499971163.93963754,
					"retransmits":	0,
					"snd_cwnd":	177936,
					"rtt":	496,
					"rttvar":	25,
					"pmtu":	1400,
					"omitted":	false,
					"sender":	true
				}],
			"sum":	{
				"start":	6.000078,
				"end":	7.000084,
				"seconds":	1.0000059604644775,
				"bytes":	62496768,
				"bits_per_second":	499971163.93963754,
				"retransmits":	0,
				"omitted":	false,
				"sender":	true
			}
		}, {
			"streams":	[{
					"socket":	5,
					"start":	7.000084,
					"end":	8.000087,
					"seconds":	1.0000029802322388,
					"bytes":	62500352,
					"bits_per_second":	500001325.87992918,
					"retransmits":	0,
					"snd_cwnd":	177936,
					"rtt":	509,
					"rttvar":	33,
					"pmtu":	1400,
					"omitted":	false,
					"sender":	true
				}],
			"sum":	{
				"start":	7.000084,
				"end":	8.000087,
				"seconds":	1.0000029802322388,
				"bytes":	62500352,
				"bits_per_second":	500001325.87992918,
				"retransmits":	0,
				"omitted":	false,
				"sender":	true
			}
		}, {
			"streams":	[{
					"socket":	5,
					"start":	8.000087,
					"end":	9.000079,
					"seconds":	0.9999920129776001,
					"bytes":	62500864,
					"bits_per_second":	500010905.5983032,
					"retransmits":	0,
					"snd_cwnd":	177936,
					"rtt":	507,
					"rttvar":	16,
					"pmtu":	1400,
					"omitted":	false,
					"sender":	true
				}],
			"sum":	{
				"start":	8.000087,
				"end":	9.000079,
				"seconds":	0.9999920129776001,
				"bytes":	62500864,
				"bits_per_second":	500010905.5983032,
				"retransmits":	0,
				"omitted":	false,
				"sender":	true
			}
		}, {
			"streams":	[{
					"socket":	5,
					"start":	9.000079,
					"end":	10.000085,
					"seconds":	1.0000059604644775,
					"bytes":	62498304,
					"bits_per_second":	499983451.86639577,
					"retransmits":	0,
					"snd_cwnd":	177936,
					"rtt":	485,
					"rttvar":	13,
					"pmtu":	1400,
					"omitted":	false,
					"sender":	true
				}],
			"sum":	{
				"start":	9.000079,
				"end":	10.000085,
				"seconds":	1.0000059604644775,
				"bytes":	62498304,
				"bits_per_second":	499983451.86639577,
				"retransmits":	0,
				"omitted":	false,
				"sender":	true
			}
		}, {
			"streams":	[{
					"socket":	5,
					"start":	10.000085,
					"end":	11.000079,
					"seconds":	0.99999397993087769,
					"bytes":	62506496,
					"bits_per_second":	500054978.36553472,
					"retransmits":	0,
					"snd_cwnd":	177936,
					"rtt":	641,
					"rttvar":	30,
					"pmtu":	1400,
					"omitted":	false,
					"sender":	true
				}],
			"sum":	{
				"start":	10.000085,
				"end":	11.000079,
				"seconds":	0.99999397993087769,
				"bytes":	62506496,
				"bits_per_second":	500054978.36553472,
				"retransmits":	0,
				"omitted":	false,
				"sender":	true
			}
		}, {
			"streams":	[{
					"socket":	5,
					"start":	11.000079,
					"end":	12.000059,
					"seconds":	0.99997997283935547,
					"bytes":	62493184,
					"bits_per_second":	499955484.68880695,
					"retransmits":	0,
					"snd_cwnd":	177936,
					"rtt":	634,
					"rttvar":	37,
					"pmtu":	1400,
					"omitted":	false,
					"sender":	true
				}],
			"sum":	{
				"start":	11.000079,
				"end":	12.000059,
				"seconds":	0.99997997283935547,
				"bytes":	62493184,
				"bits_per_second":	499955484.68880695,
				"retransmits":	0,
				"omitted":	false,
				"sender":	true
			}
		}, {
			"streams":	[{
					"socket":	5,
					"start":	12.000059,
					"end":	13.00008,
					"seconds":	1.0000209808349609,
					"bytes":	62500864,
					"bits_per_second":	499996421.65759617,
					"retransmits":	0,
					"snd_cwnd":	177936,
					"rtt":	520,
					"rttvar":	46,
					"pmtu":	1400,
					"omitted":	false,
					"sender":	true
				}],