{
	"start":	{
		"connected":	[{
				"socket":	5,
				"local_host":	"10.60.0.1",
				"local_port":	60371,
				"remote_host":	"172.16.10.3",
				"remote_port":	5201
			}],
		"version":	"iperf 3.7",
		"system_info":	"Linux ueransim1 5.4.0-169-generic #187-Ubuntu SMP Thu Nov 23 14:52:28 UTC 2023 x86_64",
		"timestamp":	{
			"time":	"Mon, 23 Jun 2025 22:32:22 GMT",
			"timesecs":	1750717942
		},
		"connecting_to":	{
			"host":	"172.16.10.3",
			"port":	5201
		},
		"cookie":	"opd6xvs6yqek4fj4ndlkaur4y25ba2cv5mop",
		"tcp_mss_default":	1348,
		"target_bitrate":	1000000000,
		"sock_bufsize":	0,
		"sndbuf_actual":	16384,
		"rcvbuf_actual":	131072,
		"test_start":	{
			"protocol":	"TCP",
			"num_streams":	1,
			"blksize":	512,
			"omit":	0,
			"duration":	30,
			"bytes":	0,
			"blocks":	0,
			"reverse":	0,
			"tos":	0
		}
	},
	"intervals":	[{
			"streams":	[{
					"socket":	5,
					"start":	0,
					"end":	1.000004,
					"seconds":	1.0000040531158447,
					"bytes":	117787136,
					"bits_per_second":	942293268.776222,
					"retransmits":	2,
					"snd_cwnd":	753532,
					"rtt":	6134,
					"rttvar":	156,
					"pmtu":	1400,
					"omitted":	false,
					"sender":	true
				}],
			"sum":	{
				"start":	0,
				"end":	1.000004,
				"seconds":	1.0000040531158447,
				"bytes":	117787136,
				"bits_per_second":	942293268.776222,
				"retransmits":	2,
				"omitted":	false,
				"sender":	true
			}
		}, {
			"streams":	[{
					"socket":	5,
					"start":	1.000004,
					"end":	2.000014,
					"seconds":	1.0000100135803223,
					"bytes":	115255808,
					"bits_per_second":	922037231.10612619,
					"retransmits":	1,
					"snd_cwnd":	636256,
					"rtt":	5159,
					"rttvar":	96,
					"pmtu":	1400,
					"omitted":	false,
					"sender":	true
				}],
			"sum":	{
				"start":	1.000004,
				"end":	2.000014,
				"seconds":	1.0000100135803223,
				"bytes":	115255808,
				"bits_per_second":	922037231.10612619,
				"retransmits":	1,
				"omitted":	false,
				"sender":	true
			}
		}, {
			"streams":	[{
					"socket":	5,
					"start":	2.000014,
					"end":	3.000003,
					"seconds":	0.99998897314071655,
					"bytes":	117166080,
					"bits_per_second":	937338975.90498817,
					"retransmits":	0,
					"snd_cwnd":	757576,
					"rtt":	6186,
					"rttvar":	91,
					"pmtu":	1400,
					"omitted":	false,
					"sender":	true
				}],
			"sum":	{
				"start":	2.000014,
				"end":	3.000003,
				"seconds":	0.99998897314071655,
				"bytes":	117166080,
				"bits_per_second":	937338975.90498817,
				"retransmits":	0,
				"omitted":	false,
				"sender":	true
			}
		}, {
			"streams":	[{
					"socket":	5,
					"start":	3.000003,
					"end":	4.000057,
					"seconds":	1.0000540018081665,
					"bytes":	117185024,
					"bits_per_second":	937429569.10823941,
					"retransmits":	1,
					"snd_cwnd":	638952,
					"rtt":	5185,
					"rttvar":	80,
					"pmtu":	1400,
					"omitted":	false,
					"sender":	true
				}],
			"sum":	{
				"start":	3.000003,
				"end":	4.000057,
				"seconds":	1.0000540018081665,
				"bytes":	117185024,
				"bits_per_second":	937429569.10823941,
				"retransmits":	1,
				"omitted":	false,
				"sender":	true
			}
		}, {
			"streams":	[{
					"socket":	5,
					"start":	4.000057,
					"end":	5.000004,
					"seconds":	0.99994701147079468,
					"bytes":	117175296,
					"bits_per_second":	937452042.204917,
					"retransmits":	0,
					"snd_cwnd":	758924,
					"rtt":	6181,
					"rttvar":	56,
					"pmtu":	1400,
					"omitted":	false,
					"sender":	true
				}],
			"sum":	{
				"start":	4.000057,
				"end":	5.000004,
				"seconds":	0.99994701147079468,
				"bytes":	117175296,
				"bits_per_second":	937452042.204917,
				"retransmits":	0,
				"omitted":	false,
				"sender":	true
			}
		}, {
			"streams":	[{
					"socket":	5,
					"start":	5.000004,
					"end":	6.000057,
					"seconds":	1.00005304813385,
					"bytes":	111486976,
					"bits_per_second":	891848497.10155177,
					"retransmits":	1,
					"snd_cwnd":	642996,
					"rtt":	1223,
					"rttvar":	253,
					"pmtu":	1400,
					"omitted":	false,
					"sender":	true
				}],
			"sum":	{
				"start":	5.000004,
				"end":	6.000057,
				"seconds":	1.00005304813385,
				"bytes":	111486976,
				"bits_per_second":	891848497.10155177,
				"retransmits":	1,
				"omitted":	false,
				"sender":	true
			}
		}, {
			"streams":	[{
					"socket":	5,
					"start":	6.000057,
					"end":	7.000004,
					"seconds":	0.99994701147079468,
					"bytes":	96128000,
					"bits_per_second":	769064751.61005151,
					"retransmits":	0,
					"snd_cwnd":	642996,
					"rtt":	1324,
					"rttvar":	172,
					"pmtu":	1400,
					"omitted":	false,
					"sender":	true
				}],
			"sum":	{
				"start":	6.000057,
				"end":	7.000004,
				"seconds":	0.99994701147079468,
				"bytes":	96128000,
				"bits_per_second":	769064751.61005151,
				"retransmits":	0,
				"omitted":	false,
				"sender":	true
			}
		}, {
			"streams":	[{
					"socket":	5,
					"start":	7.000004,
					"end":	8.000034,
					"seconds":	1.0000300407409668,
					"bytes":	101544960,
					"bits_per_second":	812335276.8463701,
					"retransmits":	0,
					"snd_cwnd":	642996,
					"rtt":	1534,
					"rttvar":	182,
					"pmtu":	1400,
					"omitted":	false,
					"sender":	true
				}],
			"sum":	{
				"start":	7.000004,
				"end":	8.000034,
				"seconds":	1.0000300407409668,
				"bytes":	101544960,
				"bits_per_second":	812335276.8463701,
				"retransmits":	0,
				"omitted":	false,
				"sender":	true
			}
		}, {
			"streams":	[{
					"socket":	5,
					"start":	8.000034,
					"end":	9.000057,
					"seconds":	1.0000230073928833,
					"bytes":	101727232,
					"bits_per_second":	813799132.603628,
					"retransmits":	0,
					"snd_cwnd":	642996,
					"rtt":	842,
					"rttvar":	134,
					"pmtu":	1400,
					"omitted":	false,
					"sender":	true
				}],
			"sum":	{
				"start":	8.000034,
				"end":	9.000057,
				"seconds":	1.0000230073928833,
				"bytes":	101727232,
				"bits_per_second":	813799132.603628,
				"retransmits":	0,
				"omitted":	false,
				"sender":	true
			}
		}, {
			"streams":	[{
					"socket":	5,
					"start":	9.000057,
					"end":	10.000005,
					"seconds":	0.99994802474975586,
					"bytes":	101522944,
					"bits_per_second":	812225767.6375277,
					"retransmits":	0,
					"snd_cwnd":	642996,
					"rtt":	1526,
					"rttvar":	118,
					"pmtu":	1400,
					"omitted":	false,
					"sender":	true
				}],
			"sum":	{
				"start":	9.000057,
				"end":	10.000005,
				"seconds":	0.99994802474975586,
				"bytes":	101522944,
				"bits_per_second":	812225767.6375277,
				"retransmits":	0,
				"omitted":	false,
				"sender":	true
			}
		}, {
			"streams":	[{
					"socket":	5,
					"start":	10.000005,
					"end":	11.000004,
					"seconds":	0.99999898672103882,
					"bytes":	110418944,
					"bits_per_second":	883352447.08244991,
					"retransmits":	0,
					"snd_cwnd":	703656,
					"rtt":	5695,
					"rttvar":	149,
					"pmtu":	1400,
					"omitted":	false,
					"sender":	true
				}],
			"sum":	{
				"start":	10.000005,
				"end":	11.000004,
				"seconds":	0.99999898672103882,
				"bytes":	110418944,
				"bits_per_second":	883352447.08244991,
				"retransmits":	0,
				"omitted":	false,
				"sender":	true
			}
		}, {
			"streams":	[{
					"socket":	5,
					"start":	11.000004,
					"end":	12.000003,
					"seconds":	0.99999898672103882,
					"bytes":	117173760,
					"bits_per_second":	937391029.838609,
					"retransmits":	0,
					"snd_cwnd":	815540,
					"rtt":	6731,
					"rttvar":	173,
					"pmtu":	1400,
					"omitted":	false,
					"sender":	true
				}],
			"sum":	{
				"start":	11.000004,
				"end":	12.000003,
				"seconds":	0.99999898672103882,
				"bytes":	117173760,
				"bits_per_second":	937391029.838609,
				"retransmits":	0,
				"omitted":	false,
				"sender":	true
			}
		}, {
			"streams":	[{
					"socket":	5,
					"start":	12.000003,
					"end":	13.000003,
					"seconds":	1,
					"bytes":	117164032,
					"bits_per_second":	937312256,
					"retransmits":	1,
					"snd_cwnd":	695568,
					"rtt":	5776,
					"rttvar":	162,
					"pmtu":	1400,