{
	"start":	{
		"connected":	[{
				"socket":	5,
				"local_host":	"10.60.0.1",
				"local_port":	60483,
				"remote_host":	"172.16.10.3",
				"remote_port":	5201
			}],
		"version":	"iperf 3.7",
		"system_info":	"Linux ueransim1 5.4.0-169-generic #187-Ubuntu SMP Thu Nov 23 14:52:28 UTC 2023 x86_64",
		"timestamp":	{
			"time":	"Mon, 23 Jun 2025 22:22:46 GMT",
			"timesecs":	1750717366
		},
		"connecting_to":	{
			"host":	"172.16.10.3",
			"port":	5201
		},
		"cookie":	"yiyze6lmz6pwafonpwbnylqetfspo65al6it",
		"tcp_mss_default":	1348,
		"target_bitrate":	500000000,
		"sock_bufsize":	0,
		"sndbuf_actual":	16384,
		"rcvbuf_actual":	131072,
		"test_start":	{
			"protocol":	"TCP",
			"num_streams":	1,
			"blksize":	64,
			"omit":	0,
			"duration":	30,
			"bytes":	0,
			"blocks":	0,
			"reverse":	0,
			"tos":	0
		}
	},
	"intervals":	[{
			"streams":	[{
					"socket":	5,
					"start":	0,
					"end":	1.000059,
					"seconds":	1.0000590085983276,
					"bytes":	19723008,
					"bits_per_second":	157774753.93291894,
					"retransmits":	0,
					"snd_cwnd":	68748,
					"rtt":	960,
					"rttvar":	127,
					"pmtu":	1400,
					"omitted":	false,
					"sender":	true
				}],
			"sum":	{
				"start":	0,
				"end":	1.000059,
				"seconds":	1.0000590085983276,
				"bytes":	19723008,
				"bits_per_second":	157774753.93291894,
				"retransmits":	0,
				"omitted":	false,
				"sender":	true
			}
		}, {
			"streams":	[{
					"socket":	5,
					"start":	1.000059,
					"end":	2.000002,
					"seconds":	0.99994301795959473,
					"bytes":	20875840,
					"bits_per_second":	167016236.92596084,
					"retransmits":	0,
					"snd_cwnd":	68748,
					"rtt":	1242,
					"rttvar":	12,
					"pmtu":	1400,
					"omitted":	false,
					"sender":	true
				}],
			"sum":	{
				"start":	1.000059,
				"end":	2.000002,
				"seconds":	0.99994301795959473,
				"bytes":	20875840,
				"bits_per_second":	167016236.92596084,
				"retransmits":	0,
				"omitted":	false,
				"sender":	true
			}
		}, {
			"streams":	[{
					"socket":	5,
					"start":	2.000002,
					"end":	3.000004,
					"seconds":	1.0000020265579224,
					"bytes":	20929920,
					"bits_per_second":	167439020.67512614,
					"retransmits":	0,
					"snd_cwnd":	68748,
					"rtt":	1463,
					"rttvar":	25,
					"pmtu":	1400,
					"omitted":	false,
					"sender":	true
				}],
			"sum":	{
				"start":	2.000002,
				"end":	3.000004,
				"seconds":	1.0000020265579224,
				"bytes":	20929920,
				"bits_per_second":	167439020.67512614,
				"retransmits":	0,
				"omitted":	false,
				"sender":	true
			}
		}, {
			"streams":	[{
					"socket":	5,
					"start":	3.000004,
					"end":	4.000058,
					"seconds":	1.0000540018081665,
					"bytes":	20954496,
					"bits_per_second":	167626915.84344709,
					"retransmits":	0,
					"snd_cwnd":	68748,
					"rtt":	1110,
					"rttvar":	20,
					"pmtu":	1400,
					"omitted":	false,
					"sender":	true
				}],
			"sum":	{
				"start":	3.000004,
				"end":	4.000058,
				"seconds":	1.0000540018081665,
				"bytes":	20954496,
				"bits_per_second":	167626915.84344709,
				"retransmits":	0,
				"omitted":	false,
				"sender":	true
			}
		}, {
			"streams":	[{
					"socket":	5,
					"start":	4.000058,
					"end":	5.000004,
					"seconds":	0.9999459981918335,
					"bytes":	20903552,
					"bits_per_second":	167237447.12453789,
					"retransmits":	0,
					"snd_cwnd":	68748,
					"rtt":	1388,
					"rttvar":	19,
					"pmtu":	1400,
					"omitted":	false,
					"sender":	true
				}],
			"sum":	{
				"start":	4.000058,
				"end":	5.000004,
				"seconds":	0.9999459981918335,
				"bytes":	20903552,
				"bits_per_second":	167237447.12453789,
				"retransmits":	0,
				"omitted":	false,
				"sender":	true
			}
		}, {
			"streams":	[{
					"socket":	5,
					"start":	5.000004,
					"end":	6.000056,
					"seconds":	1.0000519752502441,
					"bytes":	20977344,
					"bits_per_second":	167810030.03169563,
					"retransmits":	0,
					"snd_cwnd":	68748,
					"rtt":	1372,
					"rttvar":	30,
					"pmtu":	1400,
					"omitted":	false,
					"sender":	true
				}],
			"sum":	{
				"start":	5.000004,
				"end":	6.000056,
				"seconds":	1.0000519752502441,
				"bytes":	20977344,
				"bits_per_second":	167810030.03169563,
				"retransmits":	0,
				"omitted":	false,
				"sender":	true
			}
		}, {
			"streams":	[{
					"socket":	5,
					"start":	6.000056,
					"end":	7.000058,
					"seconds":	1.0000020265579224,
					"bytes":	20930432,
					"bits_per_second":	167443116.66682538,
					"retransmits":	0,
					"snd_cwnd":	68748,
					"rtt":	1354,
					"rttvar":	146,
					"pmtu":	1400,
					"omitted":	false,
					"sender":	true
				}],
			"sum":	{
				"start":	6.000056,
				"end":	7.000058,
				"seconds":	1.0000020265579224,
				"bytes":	20930432,
				"bits_per_second":	167443116.66682538,
				"retransmits":	0,
				"omitted":	false,
				"sender":	true
			}
		}, {
			"streams":	[{
					"socket":	5,
					"start":	7.000058,
					"end":	8.000013,
					"seconds":	0.99995499849319458,
					"bytes":	20961024,
					"bits_per_second":	167695738.56092009,
					"retransmits":	0,
					"snd_cwnd":	68748,
					"rtt":	1237,
					"rttvar":	26,
					"pmtu":	1400,
					"omitted":	false,
					"sender":	true
				}],
			"sum":	{
				"start":	7.000058,
				"end":	8.000013,
				"seconds":	0.99995499849319458,
				"bytes":	20961024,
				"bits_per_second":	167695738.56092009,
				"retransmits":	0,
				"omitted":	false,
				"sender":	true
			}
		}, {
			"streams":	[{
					"socket":	5,
					"start":	8.000013,
					"end":	9.000003,
					"seconds":	0.99998998641967773,
					"bytes":	20932800,
					"bits_per_second":	167464076.91498527,
					"retransmits":	0,
					"snd_cwnd":	68748,
					"rtt":	1054,
					"rttvar":	13,
					"pmtu":	1400,
					"omitted":	false,
					"sender":	true
				}],
			"sum":	{
				"start":	8.000013,
				"end":	9.000003,
				"seconds":	0.99998998641967773,
				"bytes":	20932800,
				"bits_per_second":	167464076.91498527,
				"retransmits":	0,
				"omitted":	false,
				"sender":	true
			}
		}, {
			"streams":	[{
					"socket":	5,
					"start":	9.000003,
					"end":	10.000057,
					"seconds":	1.0000540018081665,
					"bytes":	20952704,
					"bits_per_second":	167612580.6175752,
					"retransmits":	0,
					"snd_cwnd":	68748,
					"rtt":	1284,
					"rttvar":	59,
					"pmtu":	1400,
					"omitted":	false,
					"sender":	true
				}],
			"sum":	{
				"start":	9.000003,
				"end":	10.000057,
				"seconds":	1.0000540018081665,
				"bytes":	20952704,
				"bits_per_second":	167612580.6175752,
				"retransmits":	0,
				"omitted":	false,
				"sender":	true
			}
		}, {
			"streams":	[{
					"socket":	5,
					"start":	10.000057,
					"end":	11.000003,
					"seconds":	0.9999459981918335,
					"bytes":	20914752,
					"bits_per_second":	167327051.9633612,
					"retransmits":	0,
					"snd_cwnd":	68748,
					"rtt":	1344,
					"rttvar":	80,
					"pmtu":	1400,
					"omitted":	false,
					"sender":	true
				}],
			"sum":	{
				"start":	10.000057,
				"end":	11.000003,
				"seconds":	0.9999459981918335,
				"bytes":	20914752,
				"bits_per_second":	167327051.9633612,
				"retransmits":	0,
				"omitted":	false,
				"sender":	true
			}
		}, {
			"streams":	[{
					"socket":	5,
					"start":	11.000003,
					"end":	12.000003,
					"seconds":	1,
					"bytes":	20934720,
					"bits_per_second":	167477760,
					"retransmits":	0,
					"snd_cwnd":	68748,
					"rtt":	1015,
					"rttvar":	30,
					"pmtu":	1400,
					"omitted":	false,
					"sender":	true
				}],
			"sum":	{
				"start":	11.000003,
				"end":	12.000003,
				"seconds":	1,
				"bytes":	20934720,
				"bits_per_second":	167477760,
				"retransmits":	0,
				"omitted":	false,
				"sender":	true
			}
		}, {
			"streams":	[{
					"socket":	5,
					"start":	12.000003,
					"end":	13.000003,
					"seconds":	1,
					"bytes":	20606656,
					"bits_per_second":	164853248,
					"retransmits":	0,
					"snd_cwnd":	68748,
					"rtt":	1217,
					"rttvar":	46,
					"pmtu":	1400,
					"omitted":	false,
					"sender":	true
				}],
			"sum":	{
				"start":	12.000003,