{
	"start":	{
		"connected":	[{
				"socket":	5,
				"local_host":	"10.60.0.1",
				"local_port":	50755,
				"remote_host":	"172.16.10.3",
				"remote_port":	5201
			}],
		"version":	"iperf 3.7",
		"system_info":	"Linux ueransim1 5.4.0-169-generic #187-Ubuntu SMP Thu Nov 23 14:52:28 UTC 2023 x86_64",
		"timestamp":	{
			"time":	"Mon, 23 Jun 2025 22:33:58 GMT",
			"timesecs":	1750718038
		},
		"connecting_to":	{
			"host":	"172.16.10.3",
			"port":	5201
		},
		"cookie":	"nlgsjp3rkycmp2dzbpnw2akmqbmxmm7ih7gt",
		"tcp_mss_default":	1348,
		"target_bitrate":	1000000000,
		"sock_bufsize":	0,
		"sndbuf_actual":	16384,
		"rcvbuf_actual":	131072,
		"test_start":	{
			"protocol":	"TCP",
			"num_streams":	1,
			"blksize":	1518,
			"omit":	0,
			"duration":	30,
			"bytes":	0,
			"blocks":	0,
			"reverse":	0,
			"tos":	0
		}
	},
	"intervals":	[{
			"streams":	[{
					"socket":	5,
					"start":	0,
					"end":	1.000032,
					"seconds":	1.0000319480895996,
					"bytes":	116702322,
					"bits_per_second":	933588749.62297785,
					"retransmits":	2,
					"snd_cwnd":	762968,
					"rtt":	6319,
					"rttvar":	176,
					"pmtu":	1400,
					"omitted":	false,
					"sender":	true
				}],
			"sum":	{
				"start":	0,
				"end":	1.000032,
				"seconds":	1.0000319480895996,
				"bytes":	116702322,
				"bits_per_second":	933588749.62297785,
				"retransmits":	2,
				"omitted":	false,
				"sender":	true
			}
		}, {
			"streams":	[{
					"socket":	5,
					"start":	1.000032,
					"end":	2.000004,
					"seconds":	0.99997198581695557,
					"bytes":	117185046,
					"bits_per_second":	937506631.48237967,
					"retransmits":	1,
					"snd_cwnd":	634908,
					"rtt":	5206,
					"rttvar":	129,
					"pmtu":	1400,
					"omitted":	false,
					"sender":	true
				}],
			"sum":	{
				"start":	1.000032,
				"end":	2.000004,
				"seconds":	0.99997198581695557,
				"bytes":	117185046,
				"bits_per_second":	937506631.48237967,
				"retransmits":	1,
				"omitted":	false,
				"sender":	true
			}
		}, {
			"streams":	[{
					"socket":	5,
					"start":	2.000004,
					"end":	3.000046,
					"seconds":	1.0000419616699219,
					"bytes":	117180492,
					"bits_per_second":	937404600.93755221,
					"retransmits":	0,
					"snd_cwnd":	756228,
					"rtt":	6209,
					"rttvar":	90,
					"pmtu":	1400,
					"omitted":	false,
					"sender":	true
				}],
			"sum":	{
				"start":	2.000004,
				"end":	3.000046,
				"seconds":	1.0000419616699219,
				"bytes":	117180492,
				"bits_per_second":	937404600.93755221,
				"retransmits":	0,
				"omitted":	false,
				"sender":	true
			}
		}, {
			"streams":	[{
					"socket":	5,
					"start":	3.000046,
					"end":	4.000011,
					"seconds":	0.99996501207351685,
					"bytes":	117171384,
					"bits_per_second":	937403869.81768215,
					"retransmits":	1,
					"snd_cwnd":	632212,
					"rtt":	5117,
					"rttvar":	86,
					"pmtu":	1400,
					"omitted":	false,
					"sender":	true
				}],
			"sum":	{
				"start":	3.000046,
				"end":	4.000011,
				"seconds":	0.99996501207351685,
				"bytes":	117171384,
				"bits_per_second":	937403869.81768215,
				"retransmits":	1,
				"omitted":	false,
				"sender":	true
			}
		}, {
			"streams":	[{
					"socket":	5,
					"start":	4.000011,
					"end":	5.000022,
					"seconds":	1.0000109672546387,
					"bytes":	117175938,
					"bits_per_second":	937397223.3259542,
					"retransmits":	0,
					"snd_cwnd":	753532,
					"rtt":	6143,
					"rttvar":	69,
					"pmtu":	1400,
					"omitted":	false,
					"sender":	true
				}],
			"sum":	{
				"start":	4.000011,
				"end":	5.000022,
				"seconds":	1.0000109672546387,
				"bytes":	117175938,
				"bits_per_second":	937397223.3259542,
				"retransmits":	0,
				"omitted":	false,
				"sender":	true
			}
		}, {
			"streams":	[{
					"socket":	5,
					"start":	5.000022,
					"end":	6.000005,
					"seconds":	0.999983012676239,
					"bytes":	117162276,
					"bits_per_second":	937314130.45859981,
					"retransmits":	1,
					"snd_cwnd":	638952,
					"rtt":	5181,
					"rttvar":	67,
					"pmtu":	1400,
					"omitted":	false,
					"sender":	true
				}],
			"sum":	{
				"start":	5.000022,
				"end":	6.000005,
				"seconds":	0.999983012676239,
				"bytes":	117162276,
				"bits_per_second":	937314130.45859981,
				"retransmits":	1,
				"omitted":	false,
				"sender":	true
			}
		}, {
			"streams":	[{
					"socket":	5,
					"start":	6.000005,
					"end":	7.000006,
					"seconds":	1.0000009536743164,
					"bytes":	117182010,
					"bits_per_second":	937455185.97306633,
					"retransmits":	0,
					"snd_cwnd":	758924,
					"rtt":	6210,
					"rttvar":	124,
					"pmtu":	1400,
					"omitted":	false,
					"sender":	true
				}],
			"sum":	{
				"start":	6.000005,
				"end":	7.000006,
				"seconds":	1.0000009536743164,
				"bytes":	117182010,
				"bits_per_second":	937455185.97306633,
				"retransmits":	0,
				"omitted":	false,
				"sender":	true
			}
		}, {
			"streams":	[{
					"socket":	5,
					"start":	7.000006,
					"end":	8.000013,
					"seconds":	1.0000070333480835,
					"bytes":	117168348,
					"bits_per_second":	937340191.36016154,
					"retransmits":	1,
					"snd_cwnd":	628168,
					"rtt":	5078,
					"rttvar":	179,
					"pmtu":	1400,
					"omitted":	false,
					"sender":	true
				}],
			"sum":	{
				"start":	7.000006,
				"end":	8.000013,
				"seconds":	1.0000070333480835,
				"bytes":	117168348,
				"bits_per_second":	937340191.36016154,
				"retransmits":	1,
				"omitted":	false,
				"sender":	true
			}
		}, {
			"streams":	[{
					"socket":	5,
					"start":	8.000013,
					"end":	9.000025,
					"seconds":	1.0000120401382446,
					"bytes":	117180492,
					"bits_per_second":	937432649.18130887,
					"retransmits":	0,
					"snd_cwnd":	748140,
					"rtt":	6105,
					"rttvar":	197,
					"pmtu":	1400,
					"omitted":	false,
					"sender":	true
				}],
			"sum":	{
				"start":	8.000013,
				"end":	9.000025,
				"seconds":	1.0000120401382446,
				"bytes":	117180492,
				"bits_per_second":	937432649.18130887,
				"retransmits":	0,
				"omitted":	false,
				"sender":	true
			}
		}, {
			"streams":	[{
					"socket":	5,
					"start":	9.000025,
					"end":	10.000019,
					"seconds":	0.99999397993087769,
					"bytes":	117165312,
					"bits_per_second":	937328138.7801857,
					"retransmits":	1,
					"snd_cwnd":	620080,
					"rtt":	5104,
					"rttvar":	169,
					"pmtu":	1400,
					"omitted":	false,
					"sender":	true
				}],
			"sum":	{
				"start":	9.000025,
				"end":	10.000019,
				"seconds":	0.99999397993087769,
				"bytes":	117165312,
				"bits_per_second":	937328138.7801857,
				"retransmits":	1,
				"omitted":	false,
				"sender":	true
			}
		}, {
			"streams":	[{
					"socket":	5,
					"start":	10.000019,
					"end":	11.000036,
					"seconds":	1.0000170469284058,
					"bytes":	117172902,
					"bits_per_second":	937367236.76782489,
					"retransmits":	0,
					"snd_cwnd":	742748,
					"rtt":	6178,
					"rttvar":	155,
					"pmtu":	1400,
					"omitted":	false,
					"sender":	true
				}],
			"sum":	{
				"start":	10.000019,
				"end":	11.000036,
				"seconds":	1.0000170469284058,
				"bytes":	117172902,
				"bits_per_second":	937367236.76782489,
				"retransmits":	0,
				"omitted":	false,
				"sender":	true
			}
		}, {
			"streams":	[{
					"socket":	5,
					"start":	11.000036,
					"end":	12.000057,
					"seconds":	1.0000209808349609,
					"bytes":	115852242,
					"bits_per_second":	926798490.9938184,
					"retransmits":	1,
					"snd_cwnd":	595816,
					"rtt":	4827,
					"rttvar":	71,
					"pmtu":	1400,
					"omitted":	false,
					"sender":	true
				}],
			"sum":	{
				"start":	11.000036,
				"end":	12.000057,
				"seconds":	1.0000209808349609,
				"bytes":	115852242,
				"bits_per_second":	926798490.9938184,
				"retransmits":	1,
				"omitted":	false,
				"sender":	true
			}
		}, {
			"streams":	[{
					"socket":	5,
					"start":	12.000057,
					"end":	13.000042,
					"seconds":	0.9999849796295166,
					"bytes":	117185046,
					"bits_per_second":	937494449.51395786,
					"retransmits":	0,
					"snd_cwnd":	723876,
					"rtt":	5871,