{
	"start":	{
		"connected":	[{
				"socket":	5,
				"local_host":	"10.60.0.1",
				"local_port":	42527,
				"remote_host":	"172.16.10.3",
				"remote_port":	5201
			}],
		"version":	"iperf 3.7",
		"system_info":	"Linux ueransim1 5.4.0-169-generic #187-Ubuntu SMP Thu Nov 23 14:52:28 UTC 2023 x86_64",
		"timestamp":	{
			"time":	"Mon, 23 Jun 2025 22:31:50 GMT",
			"timesecs":	1750717910
		},
		"connecting_to":	{
			"host":	"172.16.10.3",
			"port":	5201
		},
		"cookie":	"jufnamqskortloegnke2qndc4m4u2t7ohzz3",
		"tcp_mss_default":	1348,
		"target_bitrate":	1000000000,
		"sock_bufsize":	0,
		"sndbuf_actual":	16384,
		"rcvbuf_actual":	131072,
		"test_start":	{
			"protocol":	"TCP",
			"num_streams":	1,
			"blksize":	128,
			"omit":	0,
			"duration":	30,
			"bytes":	0,
			"blocks":	0,
			"reverse":	0,
			"tos":	0
		}
	},
	"intervals":	[{
			"streams":	[{
					"socket":	5,
					"start":	0,
					"end":	1.000003,
					"seconds":	1.0000029802322388,
					"bytes":	34682880,
					"bits_per_second":	277462213.09816748,
					"retransmits":	0,
					"snd_cwnd":	74140,
					"rtt":	805,
					"rttvar":	46,
					"pmtu":	1400,
					"omitted":	false,
					"sender":	true
				}],
			"sum":	{
				"start":	0,
				"end":	1.000003,
				"seconds":	1.0000029802322388,
				"bytes":	34682880,
				"bits_per_second":	277462213.09816748,
				"retransmits":	0,
				"omitted":	false,
				"sender":	true
			}
		}, {
			"streams":	[{
					"socket":	5,
					"start":	1.000003,
					"end":	2.00005,
					"seconds":	1.000046968460083,
					"bytes":	39675776,
					"bits_per_second":	317391300.61936617,
					"retransmits":	0,
					"snd_cwnd":	94360,
					"rtt":	847,
					"rttvar":	46,
					"pmtu":	1400,
					"omitted":	false,
					"sender":	true
				}],
			"sum":	{
				"start":	1.000003,
				"end":	2.00005,
				"seconds":	1.000046968460083,
				"bytes":	39675776,
				"bits_per_second":	317391300.61936617,
				"retransmits":	0,
				"omitted":	false,
				"sender":	true
			}
		}, {
			"streams":	[{
					"socket":	5,
					"start":	2.00005,
					"end":	3.000005,
					"seconds":	0.99995499849319458,
					"bytes":	39661696,
					"bits_per_second":	317307847.33125108,
					"retransmits":	0,
					"snd_cwnd":	94360,
					"rtt":	639,
					"rttvar":	34,
					"pmtu":	1400,
					"omitted":	false,
					"sender":	true
				}],
			"sum":	{
				"start":	2.00005,
				"end":	3.000005,
				"seconds":	0.99995499849319458,
				"bytes":	39661696,
				"bits_per_second":	317307847.33125108,
				"retransmits":	0,
				"omitted":	false,
				"sender":	true
			}
		}, {
			"streams":	[{
					"socket":	5,
					"start":	3.000005,
					"end":	4.000004,
					"seconds":	0.99999898672103882,
					"bytes":	39670528,
					"bits_per_second":	317364545.57881707,
					"retransmits":	0,
					"snd_cwnd":	94360,
					"rtt":	586,
					"rttvar":	58,
					"pmtu":	1400,
					"omitted":	false,
					"sender":	true
				}],
			"sum":	{
				"start":	3.000005,
				"end":	4.000004,
				"seconds":	0.99999898672103882,
				"bytes":	39670528,
				"bits_per_second":	317364545.57881707,
				"retransmits":	0,
				"omitted":	false,
				"sender":	true
			}
		}, {
			"streams":	[{
					"socket":	5,
					"start":	4.000004,
					"end":	5.000004,
					"seconds":	1,
					"bytes":	39484672,
					"bits_per_second":	315877376,
					"retransmits":	0,
					"snd_cwnd":	94360,
					"rtt":	557,
					"rttvar":	62,
					"pmtu":	1400,
					"omitted":	false,
					"sender":	true
				}],
			"sum":	{
				"start":	4.000004,
				"end":	5.000004,
				"seconds":	1,
				"bytes":	39484672,
				"bits_per_second":	315877376,
				"retransmits":	0,
				"omitted":	false,
				"sender":	true
			}
		}, {
			"streams":	[{
					"socket":	5,
					"start":	5.000004,
					"end":	6.000005,
					"seconds":	1.0000009536743164,
					"bytes":	39541888,
					"bits_per_second":	316334802.31962365,
					"retransmits":	0,
					"snd_cwnd":	94360,
					"rtt":	617,
					"rttvar":	23,
					"pmtu":	1400,
					"omitted":	false,
					"sender":	true
				}],
			"sum":	{
				"start":	5.000004,
				"end":	6.000005,
				"seconds":	1.0000009536743164,
				"bytes":	39541888,
				"bits_per_second":	316334802.31962365,
				"retransmits":	0,
				"omitted":	false,
				"sender":	true
			}
		}, {
			"streams":	[{
					"socket":	5,
					"start":	6.000005,
					"end":	7.000004,
					"seconds":	0.99999898672103882,
					"bytes":	39652224,
					"bits_per_second":	317218113.43044043,
					"retransmits":	0,
					"snd_cwnd":	144236,
					"rtt":	623,
					"rttvar":	86,
					"pmtu":	1400,
					"omitted":	false,
					"sender":	true
				}],
			"sum":	{
				"start":	6.000005,
				"end":	7.000004,
				"seconds":	0.99999898672103882,
				"bytes":	39652224,
				"bits_per_second":	317218113.43044043,
				"retransmits":	0,
				"omitted":	false,
				"sender":	true
			}
		}, {
			"streams":	[{
					"socket":	5,
					"start":	7.000004,
					"end":	8.000003,
					"seconds":	0.99999898672103882,
					"bytes":	39556992,
					"bits_per_second":	316456256.658467,
					"retransmits":	0,
					"snd_cwnd":	144236,
					"rtt":	603,
					"rttvar":	36,
					"pmtu":	1400,
					"omitted":	false,
					"sender":	true
				}],
			"sum":	{
				"start":	7.000004,
				"end":	8.000003,
				"seconds":	0.99999898672103882,
				"bytes":	39556992,
				"bits_per_second":	316456256.658467,
				"retransmits":	0,
				"omitted":	false,
				"sender":	true
			}
		}, {
			"streams":	[{
					"socket":	5,
					"start":	8.000003,
					"end":	9.000003,
					"seconds":	1,
					"bytes":	38582016,
					"bits_per_second":	308656128,
					"retransmits":	0,
					"snd_cwnd":	144236,
					"rtt":	569,
					"rttvar":	68,
					"pmtu":	1400,
					"omitted":	false,
					"sender":	true
				}],
			"sum":	{
				"start":	8.000003,
				"end":	9.000003,
				"seconds":	1,
				"bytes":	38582016,
				"bits_per_second":	308656128,
				"retransmits":	0,
				"omitted":	false,
				"sender":	true
			}
		}, {
			"streams":	[{
					"socket":	5,
					"start":	9.000003,
					"end":	10.000004,
					"seconds":	1.0000009536743164,
					"bytes":	38479104,
					"bits_per_second":	307832538.42801434,
					"retransmits":	0,
					"snd_cwnd":	144236,
					"rtt":	490,
					"rttvar":	49,
					"pmtu":	1400,
					"omitted":	false,
					"sender":	true
				}],
			"sum":	{
				"start":	9.000003,
				"end":	10.000004,
				"seconds":	1.0000009536743164,
				"bytes":	38479104,
				"bits_per_second":	307832538.42801434,
				"retransmits":	0,
				"omitted":	false,
				"sender":	true
			}
		}, {
			"streams":	[{
					"socket":	5,
					"start":	10.000004,
					"end":	11.000005,
					"seconds":	1.0000009536743164,
					"bytes":	38318592,
					"bits_per_second":	306548443.65262258,
					"retransmits":	0,
					"snd_cwnd":	144236,
					"rtt":	760,
					"rttvar":	114,
					"pmtu":	1400,
					"omitted":	false,
					"sender":	true
				}],
			"sum":	{
				"start":	10.000004,
				"end":	11.000005,
				"seconds":	1.0000009536743164,
				"bytes":	38318592,
				"bits_per_second":	306548443.65262258,
				"retransmits":	0,
				"omitted":	false,
				"sender":	true
			}
		}, {
			"streams":	[{
					"socket":	5,
					"start":	11.000005,
					"end":	12.000036,
					"seconds":	1.0000309944152832,
					"bytes":	38445696,
					"bits_per_second":	307556035.48051345,
					"retransmits":	0,
					"snd_cwnd":	144236,
					"rtt":	517,
					"rttvar":	29,
					"pmtu":	1400,
					"omitted":	false,
					"sender":	true
				}],
			"sum":	{
				"start":	11.000005,
				"end":	12.000036,
				"seconds":	1.0000309944152832,
				"bytes":	38445696,
				"bits_per_second":	307556035.48051345,
				"retransmits":	0,
				"omitted":	false,
				"sender":	true
			}
		}, {
			"streams":	[{
					"socket":	5,
					"start":	12.000036,
					"end":	13.000056,
					"seconds":	1.0000200271606445,
					"bytes":	37509888,
					"bits_per_second":	300073094.38793361,
					"retransmits":	0,
					"snd_cwnd":	144236,
					"rtt":	599,
					"rttvar":	43,
					"pmtu":	1400,
					"omitted":	false,
					"sender":	true
				}],
			"sum":	{
				"start":	12.000036,
				"end":	13.000056,