{
	"start":	{
		"connected":	[{
				"socket":	5,
				"local_host":	"10.60.0.1",
				"local_port":	41219,
				"remote_host":	"172.16.10.3",
				"remote_port":	5201
			}],
		"version":	"iperf 3.7",
		"system_info":	"Linux ueransim1 5.4.0-169-generic #187-Ubuntu SMP Thu Nov 23 14:52:28 UTC 2023 x86_64",
		"timestamp":	{
			"time":	"Mon, 23 Jun 2025 22:21:41 GMT",
			"timesecs":	1750717301
		},
		"connecting_to":	{
			"host":	"172.16.10.3",
			"port":	5201
		},
		"cookie":	"rye447cbcrwd7egb3yh75h6d56i2to5sw77j",
		"tcp_mss_default":	1348,
		"target_bitrate":	100000000,
		"sock_bufsize":	0,
		"sndbuf_actual":	16384,
		"rcvbuf_actual":	131072,
		"test_start":	{
			"protocol":	"TCP",
			"num_streams":	1,
			"blksize":	1518,
			"omit":	0,
			"duration":	30,
			"bytes":	0,
			"blocks":	0,
			"reverse":	0,
			"tos":	0
		}
	},
	"intervals":	[{
			"streams":	[{
					"socket":	5,
					"start":	0,
					"end":	1.000063,
					"seconds":	1.0000629425048828,
					"bytes":	12490104,
					"bits_per_second":	99914543.128381282,
					"retransmits":	0,
					"snd_cwnd":	56616,
					"rtt":	975,
					"rttvar":	222,
					"pmtu":	1400,
					"omitted":	false,
					"sender":	true
				}],
			"sum":	{
				"start":	0,
				"end":	1.000063,
				"seconds":	1.0000629425048828,
				"bytes":	12490104,
				"bits_per_second":	99914543.128381282,
				"retransmits":	0,
				"omitted":	false,
				"sender":	true
			}
		}, {
			"streams":	[{
					"socket":	5,
					"start":	1.000063,
					"end":	2.000104,
					"seconds":	1.0000410079956055,
					"bytes":	12499212,
					"bits_per_second":	99989595.627101928,
					"retransmits":	0,
					"snd_cwnd":	56616,
					"rtt":	866,
					"rttvar":	138,
					"pmtu":	1400,
					"omitted":	false,
					"sender":	true
				}],
			"sum":	{
				"start":	1.000063,
				"end":	2.000104,
				"seconds":	1.0000410079956055,
				"bytes":	12499212,
				"bits_per_second":	99989595.627101928,
				"retransmits":	0,
				"omitted":	false,
				"sender":	true
			}
		}, {
			"streams":	[{
					"socket":	5,
					"start":	2.000104,
					"end":	3.000081,
					"seconds":	0.9999769926071167,
					"bytes":	12500730,
					"bits_per_second":	100008140.92658983,
					"retransmits":	0,
					"snd_cwnd":	56616,
					"rtt":	1115,
					"rttvar":	28,
					"pmtu":	1400,
					"omitted":	false,
					"sender":	true
				}],
			"sum":	{
				"start":	2.000104,
				"end":	3.000081,
				"seconds":	0.9999769926071167,
				"bytes":	12500730,
				"bits_per_second":	100008140.92658983,
				"retransmits":	0,
				"omitted":	false,
				"sender":	true
			}
		}, {
			"streams":	[{
					"socket":	5,
					"start":	3.000081,
					"end":	4.000081,
					"seconds":	1,
					"bytes":	12499212,
					"bits_per_second":	99993696,
					"retransmits":	0,
					"snd_cwnd":	56616,
					"rtt":	940,
					"rttvar":	219,
					"pmtu":	1400,
					"omitted":	false,
					"sender":	true
				}],
			"sum":	{
				"start":	3.000081,
				"end":	4.000081,
				"seconds":	1,
				"bytes":	12499212,
				"bits_per_second":	99993696,
				"retransmits":	0,
				"omitted":	false,
				"sender":	true
			}
		}, {
			"streams":	[{
					"socket":	5,
					"start":	4.000081,
					"end":	5.000083,
					"seconds":	1.0000020265579224,
					"bytes":	12500730,
					"bits_per_second":	100005637.33278339,
					"retransmits":	0,
					"snd_cwnd":	56616,
					"rtt":	1042,
					"rttvar":	321,
					"pmtu":	1400,
					"omitted":	false,
					"sender":	true
				}],
			"sum":	{
				"start":	4.000081,
				"end":	5.000083,
				"seconds":	1.0000020265579224,
				"bytes":	12500730,
				"bits_per_second":	100005637.33278339,
				"retransmits":	0,
				"omitted":	false,
				"sender":	true
			}
		}, {
			"streams":	[{
					"socket":	5,
					"start":	5.000083,
					"end":	6.000058,
					"seconds":	0.99997502565383911,
					"bytes":	12499212,
					"bits_per_second":	99996193.339547232,
					"retransmits":	0,
					"snd_cwnd":	56616,
					"rtt":	1125,
					"rttvar":	42,
					"pmtu":	1400,
					"omitted":	false,
					"sender":	true
				}],
			"sum":	{
				"start":	5.000083,
				"end":	6.000058,
				"seconds":	0.99997502565383911,
				"bytes":	12499212,
				"bits_per_second":	99996193.339547232,
				"retransmits":	0,
				"omitted":	false,
				"sender":	true
			}
		}, {
			"streams":	[{
					"socket":	5,
					"start":	6.000058,
					"end":	7.000061,
					"seconds":	1.0000029802322388,
					"bytes":	12500730,
					"bits_per_second":	100005541.9602598,
					"retransmits":	0,
					"snd_cwnd":	56616,
					"rtt":	1087,
					"rttvar":	19,
					"pmtu":	1400,
					"omitted":	false,
					"sender":	true
				}],
			"sum":	{
				"start":	6.000058,
				"end":	7.000061,
				"seconds":	1.0000029802322388,
				"bytes":	12500730,
				"bits_per_second":	100005541.9602598,
				"retransmits":	0,
				"omitted":	false,
				"sender":	true
			}
		}, {
			"streams":	[{
					"socket":	5,
					"start":	7.000061,
					"end":	8.000059,
					"seconds":	0.99999797344207764,
					"bytes":	12499212,
					"bits_per_second":	99993898.643427491,
					"retransmits":	0,
					"snd_cwnd":	56616,
					"rtt":	1005,
					"rttvar":	53,
					"pmtu":	1400,
					"omitted":	false,
					"sender":	true
				}],
			"sum":	{
				"start":	7.000061,
				"end":	8.000059,
				"seconds":	0.99999797344207764,
				"bytes":	12499212,
				"bits_per_second":	99993898.643427491,
				"retransmits":	0,
				"omitted":	false,
				"sender":	true
			}
		}, {
			"streams":	[{
					"socket":	5,
					"start":	8.000059,
					"end":	9.000057,
					"seconds":	0.99999797344207764,
					"bytes":	12500730,
					"bits_per_second":	100006042.66803806,
					"retransmits":	0,
					"snd_cwnd":	56616,
					"rtt":	1100,
					"rttvar":	78,
					"pmtu":	1400,
					"omitted":	false,
					"sender":	true
				}],
			"sum":	{
				"start":	8.000059,
				"end":	9.000057,
				"seconds":	0.99999797344207764,
				"bytes":	12500730,
				"bits_per_second":	100006042.66803806,
				"retransmits":	0,
				"omitted":	false,
				"sender":	true
			}
		}, {
			"streams":	[{
					"socket":	5,
					"start":	9.000057,
					"end":	10.000059,
					"seconds":	1.0000020265579224,
					"bytes":	12499212,
					"bits_per_second":	99993493.357393846,
					"retransmits":	0,
					"snd_cwnd":	56616,
					"rtt":	888,
					"rttvar":	261,
					"pmtu":	1400,
					"omitted":	false,
					"sender":	true
				}],
			"sum":	{
				"start":	9.000057,
				"end":	10.000059,
				"seconds":	1.0000020265579224,
				"bytes":	12499212,
				"bits_per_second":	99993493.357393846,
				"retransmits":	0,
				"omitted":	false,
				"sender":	true
			}
		}, {
			"streams":	[{
					"socket":	5,
					"start":	10.000059,
					"end":	11.000061,
					"seconds":	1.0000020265579224,
					"bytes":	12500730,
					"bits_per_second":	100005637.33278339,
					"retransmits":	0,
					"snd_cwnd":	56616,
					"rtt":	1016,
					"rttvar":	61,
					"pmtu":	1400,
					"omitted":	false,
					"sender":	true
				}],
			"sum":	{
				"start":	10.000059,
				"end":	11.000061,
				"seconds":	1.0000020265579224,
				"bytes":	12500730,
				"bits_per_second":	100005637.33278339,
				"retransmits":	0,
				"omitted":	false,
				"sender":	true
			}
		}, {
			"streams":	[{
					"socket":	5,
					"start":	11.000061,
					"end":	12.000102,
					"seconds":	1.0000410079956055,
					"bytes":	12499212,
					"bits_per_second":	99989595.627101928,
					"retransmits":	0,
					"snd_cwnd":	56616,
					"rtt":	1134,
					"rttvar":	13,
					"pmtu":	1400,
					"omitted":	false,
					"sender":	true
				}],
			"sum":	{
				"start":	11.000061,
				"end":	12.000102,
				"seconds":	1.0000410079956055,
				"bytes":	12499212,
				"bits_per_second":	99989595.627101928,
				"retransmits":	0,
				"omitted":	false,
				"sender":	true
			}
		}, {
			"streams":	[{
					"socket":	5,
					"start":	12.000102,
					"end":	13.000075,
					"seconds":	0.99997299909591675,
					"bytes":	12500730,
					"bits_per_second":	100008540.32100472,
					"retransmits":	0,
					"snd_cwnd":	56616,
					"rtt":	1074,
					"rttvar":	63,
					"pmtu":	1400,
					"omitted":	false,
					"sender":	true
				}],