{
	"start":	{
		"connected":	[{
				"socket":	5,
				"local_host":	"10.60.0.1",
				"local_port":	48313,
				"remote_host":	"172.16.10.3",
				"remote_port":	5201
			}],
		"version":	"iperf 3.7",
		"system_info":	"Linux ueransim1 5.4.0-169-generic #187-Ubuntu SMP Thu Nov 23 14:52:28 UTC 2023 x86_64",
		"timestamp":	{
			"time":	"Mon, 23 Jun 2025 22:25:58 GMT",
			"timesecs":	1750717558
		},
		"connecting_to":	{
			"host":	"172.16.10.3",
			"port":	5201
		},
		"cookie":	"nhxceq7oio5fmfsjbshlcngswgjlyl35gkhf",
		"tcp_mss_default":	1348,
		"target_bitrate":	500000000,
		"sock_bufsize":	0,
		"sndbuf_actual":	16384,
		"rcvbuf_actual":	131072,
		"test_start":	{
			"protocol":	"TCP",
			"num_streams":	1,
			"blksize":	512,
			"omit":	0,
			"duration":	30,
			"bytes":	0,
			"blocks":	0,
			"reverse":	0,
			"tos":	0
		}
	},
	"intervals":	[{
			"streams":	[{
					"socket":	5,
					"start":	0,
					"end":	1.000059,
					"seconds":	1.0000590085983276,
					"bytes":	62474752,
					"bits_per_second":	499768525.35983026,
					"retransmits":	0,
					"snd_cwnd":	180632,
					"rtt":	500,
					"rttvar":	28,
					"pmtu":	1400,
					"omitted":	false,
					"sender":	true
				}],
			"sum":	{
				"start":	0,
				"end":	1.000059,
				"seconds":	1.0000590085983276,
				"bytes":	62474752,
				"bits_per_second":	499768525.35983026,
				"retransmits":	0,
				"omitted":	false,
				"sender":	true
			}
		}, {
			"streams":	[{
					"socket":	5,
					"start":	1.000059,
					"end":	2.00006,
					"seconds":	1.0000009536743164,
					"bytes":	62468608,
					"bits_per_second":	499748387.4027983,
					"retransmits":	0,
					"snd_cwnd":	180632,
					"rtt":	547,
					"rttvar":	79,
					"pmtu":	1400,
					"omitted":	false,
					"sender":	true
				}],
			"sum":	{
				"start":	1.000059,
				"end":	2.00006,
				"seconds":	1.0000009536743164,
				"bytes":	62468608,
				"bits_per_second":	499748387.4027983,
				"retransmits":	0,
				"omitted":	false,
				"sender":	true
			}
		}, {
			"streams":	[{
					"socket":	5,
					"start":	2.00006,
					"end":	3.000059,
					"seconds":	0.99999898672103882,
					"bytes":	62495232,
					"bits_per_second":	499962362.60134339,
					"retransmits":	0,
					"snd_cwnd":	180632,
					"rtt":	387,
					"rttvar":	27,
					"pmtu":	1400,
					"omitted":	false,
					"sender":	true
				}],
			"sum":	{
				"start":	2.00006,
				"end":	3.000059,
				"seconds":	0.99999898672103882,
				"bytes":	62495232,
				"bits_per_second":	499962362.60134339,
				"retransmits":	0,
				"omitted":	false,
				"sender":	true
			}
		}, {
			"streams":	[{
					"socket":	5,
					"start":	3.000059,
					"end":	4.000063,
					"seconds":	1.0000040531158447,
					"bytes":	62537728,
					"bits_per_second":	500299796.22696882,
					"retransmits":	0,
					"snd_cwnd":	180632,
					"rtt":	520,
					"rttvar":	12,
					"pmtu":	1400,
					"omitted":	false,
					"sender":	true
				}],
			"sum":	{
				"start":	3.000059,
				"end":	4.000063,
				"seconds":	1.0000040531158447,
				"bytes":	62537728,
				"bits_per_second":	500299796.22696882,
				"retransmits":	0,
				"omitted":	false,
				"sender":	true
			}
		}, {
			"streams":	[{
					"socket":	5,
					"start":	4.000063,
					"end":	5.000059,
					"seconds":	0.9999960064888,
					"bytes":	62496256,
					"bits_per_second":	499972044.64395994,
					"retransmits":	0,
					"snd_cwnd":	180632,
					"rtt":	583,
					"rttvar":	14,
					"pmtu":	1400,
					"omitted":	false,
					"sender":	true
				}],
			"sum":	{
				"start":	4.000063,
				"end":	5.000059,
				"seconds":	0.9999960064888,
				"bytes":	62496256,
				"bits_per_second":	499972044.64395994,
				"retransmits":	0,
				"omitted":	false,
				"sender":	true
			}
		}, {
			"streams":	[{
					"socket":	5,
					"start":	5.000059,
					"end":	6.000059,
					"seconds":	1,
					"bytes":	62494720,
					"bits_per_second":	499957760,
					"retransmits":	0,
					"snd_cwnd":	180632,
					"rtt":	513,
					"rttvar":	48,
					"pmtu":	1400,
					"omitted":	false,
					"sender":	true
				}],
			"sum":	{
				"start":	5.000059,
				"end":	6.000059,
				"seconds":	1,
				"bytes":	62494720,
				"bits_per_second":	499957760,
				"retransmits":	0,
				"omitted":	false,
				"sender":	true
			}
		}, {
			"streams":	[{
					"socket":	5,
					"start":	6.000059,
					"end":	7.000058,
					"seconds":	0.99999898672103882,
					"bytes":	62506496,
					"bits_per_second":	500052474.69265211,
					"retransmits":	0,
					"snd_cwnd":	217028,
					"rtt":	544,
					"rttvar":	49,
					"pmtu":	1400,
					"omitted":	false,
					"sender":	true
				}],
			"sum":	{
				"start":	6.000059,
				"end":	7.000058,
				"seconds":	0.99999898672103882,
				"bytes":	62506496,
				"bits_per_second":	500052474.69265211,
				"retransmits":	0,
				"omitted":	false,
				"sender":	true
			}
		}, {
			"streams":	[{
					"socket":	5,
					"start":	7.000058,
					"end":	8.000058,
					"seconds":	1,
					"bytes":	62504448,
					"bits_per_second":	500035584,
					"retransmits":	0,
					"snd_cwnd":	217028,
					"rtt":	411,
					"rttvar":	17,
					"pmtu":	1400,
					"omitted":	false,
					"sender":	true
				}],
			"sum":	{
				"start":	7.000058,
				"end":	8.000058,
				"seconds":	1,
				"bytes":	62504448,
				"bits_per_second":	500035584,
				"retransmits":	0,
				"omitted":	false,
				"sender":	true
			}
		}, {
			"streams":	[{
					"socket":	5,
					"start":	8.000058,
					"end":	9.000059,
					"seconds":	1.0000009536743164,
					"bytes":	62496256,
					"bits_per_second":	499969571.191861,
					"retransmits":	0,
					"snd_cwnd":	274992,
					"rtt":	630,
					"rttvar":	65,
					"pmtu":	1400,
					"omitted":	false,
					"sender":	true
				}],
			"sum":	{
				"start":	8.000058,
				"end":	9.000059,
				"seconds":	1.0000009536743164,
				"bytes":	62496256,
				"bits_per_second":	499969571.191861,
				"retransmits":	0,
				"omitted":	false,
				"sender":	true
			}
		}, {
			"streams":	[{
					"socket":	5,
					"start":	9.000059,
					"end":	10.000061,
					"seconds":	1.0000020265579224,
					"bytes":	62496256,
					"bits_per_second":	499969034.7837916,
					"retransmits":	0,
					"snd_cwnd":	274992,
					"rtt":	606,
					"rttvar":	45,
					"pmtu":	1400,
					"omitted":	false,
					"sender":	true
				}],
			"sum":	{
				"start":	9.000059,
				"end":	10.000061,
				"seconds":	1.0000020265579224,
				"bytes":	62496256,
				"bits_per_second":	499969034.7837916,
				"retransmits":	0,
				"omitted":	false,
				"sender":	true
			}
		}, {
			"streams":	[{
					"socket":	5,
					"start":	10.000061,
					"end":	11.00006,
					"seconds":	0.99999898672103882,
					"bytes":	62501888,
					"bits_per_second":	500015610.65529853,
					"retransmits":	0,
					"snd_cwnd":	274992,
					"rtt":	589,
					"rttvar":	21,
					"pmtu":	1400,
					"omitted":	false,
					"sender":	true
				}],
			"sum":	{
				"start":	10.000061,
				"end":	11.00006,
				"seconds":	0.99999898672103882,
				"bytes":	62501888,
				"bits_per_second":	500015610.65529853,
				"retransmits":	0,
				"omitted":	false,
				"sender":	true
			}
		}, {
			"streams":	[{
					"socket":	5,
					"start":	11.00006,
					"end":	12.00006,
					"seconds":	1,
					"bytes":	62500864,
					"bits_per_second":	500006912,
					"retransmits":	0,
					"snd_cwnd":	274992,
					"rtt":	511,
					"rttvar":	18,
					"pmtu":	1400,
					"omitted":	false,
					"sender":	true
				}],
			"sum":	{
				"start":	11.00006,
				"end":	12.00006,
				"seconds":	1,
				"bytes":	62500864,
				"bits_per_second":	500006912,
				"retransmits":	0,
				"omitted":	false,
				"sender":	true
			}
		}, {
			"streams":	[{
					"socket":	5,
					"start":	12.00006,
					"end":	13.00006,
					"seconds":	1,
					"bytes":	62503424,
					"bits_per_second":	500027392,
					"retransmits":	0,
					"snd_cwnd":	274992,
					"rtt":	555,
					"rttvar":	10,
					"pmtu":	1400,
					"omitted":	false,
					"sender":	true
				}],
			"sum":	{
				"start":	12.00006,
				"end":	13.00006,
				"seconds":	1,
				"bytes":	62503424,
				"bits_per_second":	500027392,
				"retransmits":	0,