{
	"start":	{
		"connected":	[{
				"socket":	5,
				"local_host":	"10.60.0.1",
				"local_port":	56191,
				"remote_host":	"172.16.10.3",
				"remote_port":	5201
			}],
		"version":	"iperf 3.7",
		"system_info":	"Linux ueransim1 5.4.0-169-generic #187-Ubuntu SMP Thu Nov 23 14:52:28 UTC 2023 x86_64",
		"timestamp":	{
			"time":	"Mon, 23 Jun 2025 22:30:46 GMT",
			"timesecs":	1750717846
		},
		"connecting_to":	{
			"host":	"172.16.10.3",
			"port":	5201
		},
		"cookie":	"i3hjnacnthvghkbc5u5bb56tlfdn4x6gr362",
		"tcp_mss_default":	1348,
		"target_bitrate":	1000000000,
		"sock_bufsize":	0,
		"sndbuf_actual":	16384,
		"rcvbuf_actual":	131072,
		"test_start":	{
			"protocol":	"TCP",
			"num_streams":	1,
			"blksize":	128,
			"omit":	0,
			"duration":	30,
			"bytes":	0,
			"blocks":	0,
			"reverse":	0,
			"tos":	0
		}
	},
	"intervals":	[{
			"streams":	[{
					"socket":	5,
					"start":	0,
					"end":	1.000003,
					"seconds":	1.0000029802322388,
					"bytes":	35844608,
					"bits_per_second":	286756009.40049613,
					"retransmits":	0,
					"snd_cwnd":	86272,
					"rtt":	727,
					"rttvar":	61,
					"pmtu":	1400,
					"omitted":	false,
					"sender":	true
				}],
			"sum":	{
				"start":	0,
				"end":	1.000003,
				"seconds":	1.0000029802322388,
				"bytes":	35844608,
				"bits_per_second":	286756009.40049613,
				"retransmits":	0,
				"omitted":	false,
				"sender":	true
			}
		}, {
			"streams":	[{
					"socket":	5,
					"start":	1.000003,
					"end":	2.000006,
					"seconds":	1.0000029802322388,
					"bytes":	40792448,
					"bits_per_second":	326338611.43514943,
					"retransmits":	0,
					"snd_cwnd":	91664,
					"rtt":	788,
					"rttvar":	59,
					"pmtu":	1400,
					"omitted":	false,
					"sender":	true
				}],
			"sum":	{
				"start":	1.000003,
				"end":	2.000006,
				"seconds":	1.0000029802322388,
				"bytes":	40792448,
				"bits_per_second":	326338611.43514943,
				"retransmits":	0,
				"omitted":	false,
				"sender":	true
			}
		}, {
			"streams":	[{
					"socket":	5,
					"start":	2.000006,
					"end":	3.000004,
					"seconds":	0.99999797344207764,
					"bytes":	40828160,
					"bits_per_second":	326625941.92639023,
					"retransmits":	0,
					"snd_cwnd":	101100,
					"rtt":	790,
					"rttvar":	62,
					"pmtu":	1400,
					"omitted":	false,
					"sender":	true
				}],
			"sum":	{
				"start":	2.000006,
				"end":	3.000004,
				"seconds":	0.99999797344207764,
				"bytes":	40828160,
				"bits_per_second":	326625941.92639023,
				"retransmits":	0,
				"omitted":	false,
				"sender":	true
			}
		}, {
			"streams":	[{
					"socket":	5,
					"start":	3.000004,
					"end":	4.000005,
					"seconds":	1.0000009536743164,
					"bytes":	40765568,
					"bits_per_second":	326124232.98369503,
					"retransmits":	0,
					"snd_cwnd":	106492,
					"rtt":	1037,
					"rttvar":	43,
					"pmtu":	1400,
					"omitted":	false,
					"sender":	true
				}],
			"sum":	{
				"start":	3.000004,
				"end":	4.000005,
				"seconds":	1.0000009536743164,
				"bytes":	40765568,
				"bits_per_second":	326124232.98369503,
				"retransmits":	0,
				"omitted":	false,
				"sender":	true
			}
		}, {
			"streams":	[{
					"socket":	5,
					"start":	4.000005,
					"end":	5.000005,
					"seconds":	1,
					"bytes":	40820864,
					"bits_per_second":	326566912,
					"retransmits":	0,
					"snd_cwnd":	106492,
					"rtt":	658,
					"rttvar":	37,
					"pmtu":	1400,
					"omitted":	false,
					"sender":	true
				}],
			"sum":	{
				"start":	4.000005,
				"end":	5.000005,
				"seconds":	1,
				"bytes":	40820864,
				"bits_per_second":	326566912,
				"retransmits":	0,
				"omitted":	false,
				"sender":	true
			}
		}, {
			"streams":	[{
					"socket":	5,
					"start":	5.000005,
					"end":	6.000004,
					"seconds":	0.99999898672103882,
					"bytes":	40721408,
					"bits_per_second":	325771594.09750247,
					"retransmits":	0,
					"snd_cwnd":	106492,
					"rtt":	948,
					"rttvar":	161,
					"pmtu":	1400,
					"omitted":	false,
					"sender":	true
				}],
			"sum":	{
				"start":	5.000005,
				"end":	6.000004,
				"seconds":	0.99999898672103882,
				"bytes":	40721408,
				"bits_per_second":	325771594.09750247,
				"retransmits":	0,
				"omitted":	false,
				"sender":	true
			}
		}, {
			"streams":	[{
					"socket":	5,
					"start":	6.000004,
					"end":	7.000043,
					"seconds":	1.0000389814376831,
					"bytes":	40830592,
					"bits_per_second":	326632003.41491359,
					"retransmits":	0,
					"snd_cwnd":	106492,
					"rtt":	652,
					"rttvar":	53,
					"pmtu":	1400,
					"omitted":	false,
					"sender":	true
				}],
			"sum":	{
				"start":	6.000004,
				"end":	7.000043,
				"seconds":	1.0000389814376831,
				"bytes":	40830592,
				"bits_per_second":	326632003.41491359,
				"retransmits":	0,
				"omitted":	false,
				"sender":	true
			}
		}, {
			"streams":	[{
					"socket":	5,
					"start":	7.000043,
					"end":	8.000004,
					"seconds":	0.99996101856231689,
					"bytes":	40739584,
					"bits_per_second":	325929377.19570625,
					"retransmits":	0,
					"snd_cwnd":	106492,
					"rtt":	879,
					"rttvar":	36,
					"pmtu":	1400,
					"omitted":	false,
					"sender":	true
				}],
			"sum":	{
				"start":	7.000043,
				"end":	8.000004,
				"seconds":	0.99996101856231689,
				"bytes":	40739584,
				"bits_per_second":	325929377.19570625,
				"retransmits":	0,
				"omitted":	false,
				"sender":	true
			}
		}, {
			"streams":	[{
					"socket":	5,
					"start":	8.000004,
					"end":	9.000003,
					"seconds":	0.99999898672103882,
					"bytes":	40777984,
					"bits_per_second":	326224202.55612105,
					"retransmits":	0,
					"snd_cwnd":	106492,
					"rtt":	829,
					"rttvar":	84,
					"pmtu":	1400,
					"omitted":	false,
					"sender":	true
				}],
			"sum":	{
				"start":	8.000004,
				"end":	9.000003,
				"seconds":	0.99999898672103882,
				"bytes":	40777984,
				"bits_per_second":	326224202.55612105,
				"retransmits":	0,
				"omitted":	false,
				"sender":	true
			}
		}, {
			"streams":	[{
					"socket":	5,
					"start":	9.000003,
					"end":	10.000005,
					"seconds":	1.0000020265579224,
					"bytes":	40761344,
					"bits_per_second":	326090091.15954238,
					"retransmits":	0,
					"snd_cwnd":	106492,
					"rtt":	851,
					"rttvar":	128,
					"pmtu":	1400,
					"omitted":	false,
					"sender":	true
				}],
			"sum":	{
				"start":	9.000003,
				"end":	10.000005,
				"seconds":	1.0000020265579224,
				"bytes":	40761344,
				"bits_per_second":	326090091.15954238,
				"retransmits":	0,
				"omitted":	false,
				"sender":	true
			}
		}, {
			"streams":	[{
					"socket":	5,
					"start":	10.000005,
					"end":	11.000003,
					"seconds":	0.99999797344207764,
					"bytes":	40804352,
					"bits_per_second":	326435477.54040313,
					"retransmits":	0,
					"snd_cwnd":	106492,
					"rtt":	1092,
					"rttvar":	228,
					"pmtu":	1400,
					"omitted":	false,
					"sender":	true
				}],
			"sum":	{
				"start":	10.000005,
				"end":	11.000003,
				"seconds":	0.99999797344207764,
				"bytes":	40804352,
				"bits_per_second":	326435477.54040313,
				"retransmits":	0,
				"omitted":	false,
				"sender":	true
			}
		}, {
			"streams":	[{
					"socket":	5,
					"start":	11.000003,
					"end":	12.000004,
					"seconds":	1.0000009536743164,
					"bytes":	40766208,
					"bits_per_second":	326129352.97881222,
					"retransmits":	0,
					"snd_cwnd":	106492,
					"rtt":	970,
					"rttvar":	12,
					"pmtu":	1400,
					"omitted":	false,
					"sender":	true
				}],
			"sum":	{
				"start":	11.000003,
				"end":	12.000004,
				"seconds":	1.0000009536743164,
				"bytes":	40766208,
				"bits_per_second":	326129352.97881222,
				"retransmits":	0,
				"omitted":	false,
				"sender":	true
			}
		}, {
			"streams":	[{
					"socket":	5,
					"start":	12.000004,
					"end":	13.000057,
					"seconds":	1.00005304813385,
					"bytes":	40734208,
					"bits_per_second":	325856377.92724782,
					"retransmits":	0,
					"snd_cwnd":	106492,
					"rtt":	1091,
					"rttvar":	38,
					"pmtu":	1400,
					"omitted":	false,
					"sender":	true
				}],