{
	"start":	{
		"connected":	[{
				"socket":	5,
				"local_host":	"10.60.0.1",
				"local_port":	54725,
				"remote_host":	"172.16.10.3",
				"remote_port":	5201
			}],
		"version":	"iperf 3.7",
		"system_info":	"Linux ueransim1 5.4.0-169-generic #187-Ubuntu SMP Thu Nov 23 14:52:28 UTC 2023 x86_64",
		"timestamp":	{
			"time":	"Mon, 23 Jun 2025 22:35:02 GMT",
			"timesecs":	1750718102
		},
		"connecting_to":	{
			"host":	"172.16.10.3",
			"port":	5201
		},
		"cookie":	"nwbhbfg7cahfqjcpjhqgult6qtk6iafmnlul",
		"tcp_mss_default":	1348,
		"target_bitrate":	1000000000,
		"sock_bufsize":	0,
		"sndbuf_actual":	16384,
		"rcvbuf_actual":	131072,
		"test_start":	{
			"protocol":	"TCP",
			"num_streams":	1,
			"blksize":	1518,
			"omit":	0,
			"duration":	30,
			"bytes":	0,
			"blocks":	0,
			"reverse":	0,
			"tos":	0
		}
	},
	"intervals":	[{
			"streams":	[{
					"socket":	5,
					"start":	0,
					"end":	1.000014,
					"seconds":	1.0000139474868774,
					"bytes":	118018428,
					"bits_per_second":	944134255.69985807,
					"retransmits":	2,
					"snd_cwnd":	777796,
					"rtt":	6414,
					"rttvar":	121,
					"pmtu":	1400,
					"omitted":	false,
					"sender":	true
				}],
			"sum":	{
				"start":	0,
				"end":	1.000014,
				"seconds":	1.0000139474868774,
				"bytes":	118018428,
				"bits_per_second":	944134255.69985807,
				"retransmits":	2,
				"omitted":	false,
				"sender":	true
			}
		}, {
			"streams":	[{
					"socket":	5,
					"start":	1.000014,
					"end":	2.000005,
					"seconds":	0.99999099969863892,
					"bytes":	117162276,
					"bits_per_second":	937306644.0422641,
					"retransmits":	1,
					"snd_cwnd":	648388,
					"rtt":	5310,
					"rttvar":	140,
					"pmtu":	1400,
					"omitted":	false,
					"sender":	true
				}],
			"sum":	{
				"start":	1.000014,
				"end":	2.000005,
				"seconds":	0.99999099969863892,
				"bytes":	117162276,
				"bits_per_second":	937306644.0422641,
				"retransmits":	1,
				"omitted":	false,
				"sender":	true
			}
		}, {
			"streams":	[{
					"socket":	5,
					"start":	2.000005,
					"end":	3.000014,
					"seconds":	1.0000089406967163,
					"bytes":	117191118,
					"bits_per_second":	937520561.91299069,
					"retransmits":	0,
					"snd_cwnd":	767012,
					"rtt":	6380,
					"rttvar":	116,
					"pmtu":	1400,
					"omitted":	false,
					"sender":	true
				}],
			"sum":	{
				"start":	2.000005,
				"end":	3.000014,
				"seconds":	1.0000089406967163,
				"bytes":	117191118,
				"bits_per_second":	937520561.91299069,
				"retransmits":	0,
				"omitted":	false,
				"sender":	true
			}
		}, {
			"streams":	[{
					"socket":	5,
					"start":	3.000014,
					"end":	4.000021,
					"seconds":	1.0000070333480835,
					"bytes":	117168348,
					"bits_per_second":	937340191.36016154,
					"retransmits":	1,
					"snd_cwnd":	640300,
					"rtt":	5312,
					"rttvar":	144,
					"pmtu":	1400,
					"omitted":	false,
					"sender":	true
				}],
			"sum":	{
				"start":	3.000014,
				"end":	4.000021,
				"seconds":	1.0000070333480835,
				"bytes":	117168348,
				"bits_per_second":	937340191.36016154,
				"retransmits":	1,
				"omitted":	false,
				"sender":	true
			}
		}, {
			"streams":	[{
					"socket":	5,
					"start":	4.000021,
					"end":	5.000035,
					"seconds":	1.0000139474868774,
					"bytes":	117107628,
					"bits_per_second":	936847957.325409,
					"retransmits":	0,
					"snd_cwnd":	761620,
					"rtt":	6271,
					"rttvar":	110,
					"pmtu":	1400,
					"omitted":	false,
					"sender":	true
				}],
			"sum":	{
				"start":	4.000021,
				"end":	5.000035,
				"seconds":	1.0000139474868774,
				"bytes":	117107628,
				"bits_per_second":	936847957.325409,
				"retransmits":	0,
				"omitted":	false,
				"sender":	true
			}
		}, {
			"streams":	[{
					"socket":	5,
					"start":	5.000035,
					"end":	6.000025,
					"seconds":	0.99998998641967773,
					"bytes":	117239694,
					"bits_per_second":	937926944.00679028,
					"retransmits":	1,
					"snd_cwnd":	610644,
					"rtt":	4982,
					"rttvar":	82,
					"pmtu":	1400,
					"omitted":	false,
					"sender":	true
				}],
			"sum":	{
				"start":	5.000035,
				"end":	6.000025,
				"seconds":	0.99998998641967773,
				"bytes":	117239694,
				"bits_per_second":	937926944.00679028,
				"retransmits":	1,
				"omitted":	false,
				"sender":	true
			}
		}, {
			"streams":	[{
					"socket":	5,
					"start":	6.000025,
					"end":	7.000003,
					"seconds":	0.99997800588607788,
					"bytes":	117174420,
					"bits_per_second":	937415977.63380444,
					"retransmits":	0,
					"snd_cwnd":	737356,
					"rtt":	6007,
					"rttvar":	60,
					"pmtu":	1400,
					"omitted":	false,
					"sender":	true
				}],
			"sum":	{
				"start":	6.000025,
				"end":	7.000003,
				"seconds":	0.99997800588607788,
				"bytes":	117174420,
				"bits_per_second":	937415977.63380444,
				"retransmits":	0,
				"omitted":	false,
				"sender":	true
			}
		}, {
			"streams":	[{
					"socket":	5,
					"start":	7.000003,
					"end":	8.000002,
					"seconds":	0.99999898672103882,
					"bytes":	117174420,
					"bits_per_second":	937396309.84395909,
					"retransmits":	1,
					"snd_cwnd":	607948,
					"rtt":	4895,
					"rttvar":	44,
					"pmtu":	1400,
					"omitted":	false,
					"sender":	true
				}],
			"sum":	{
				"start":	7.000003,
				"end":	8.000002,
				"seconds":	0.99999898672103882,
				"bytes":	117174420,
				"bits_per_second":	937396309.84395909,
				"retransmits":	1,
				"omitted":	false,
				"sender":	true
			}
		}, {
			"streams":	[{
					"socket":	5,
					"start":	8.000002,
					"end":	9.000008,
					"seconds":	1.0000059604644775,
					"bytes":	117171384,
					"bits_per_second":	937365484.866325,
					"retransmits":	0,
					"snd_cwnd":	731964,
					"rtt":	5940,
					"rttvar":	62,
					"pmtu":	1400,
					"omitted":	false,
					"sender":	true
				}],
			"sum":	{
				"start":	8.000002,
				"end":	9.000008,
				"seconds":	1.0000059604644775,
				"bytes":	117171384,
				"bits_per_second":	937365484.866325,
				"retransmits":	0,
				"omitted":	false,
				"sender":	true
			}
		}, {
			"streams":	[{
					"socket":	5,
					"start":	9.000008,
					"end":	10.000023,
					"seconds":	1.0000150203704834,
					"bytes":	117166830,
					"bits_per_second":	937320561.09791064,
					"retransmits":	1,
					"snd_cwnd":	586380,
					"rtt":	4725,
					"rttvar":	79,
					"pmtu":	1400,
					"omitted":	false,
					"sender":	true
				}],
			"sum":	{
				"start":	9.000008,
				"end":	10.000023,
				"seconds":	1.0000150203704834,
				"bytes":	117166830,
				"bits_per_second":	937320561.09791064,
				"retransmits":	1,
				"omitted":	false,
				"sender":	true
			}
		}, {
			"streams":	[{
					"socket":	5,
					"start":	10.000023,
					"end":	11.000016,
					"seconds":	0.99999302625656128,
					"bytes":	117177456,
					"bits_per_second":	937426185.36970949,
					"retransmits":	0,
					"snd_cwnd":	715788,
					"rtt":	5803,
					"rttvar":	125,
					"pmtu":	1400,
					"omitted":	false,
					"sender":	true
				}],
			"sum":	{
				"start":	10.000023,
				"end":	11.000016,
				"seconds":	0.99999302625656128,
				"bytes":	117177456,
				"bits_per_second":	937426185.36970949,
				"retransmits":	0,
				"omitted":	false,
				"sender":	true
			}
		}, {
			"streams":	[{
					"socket":	5,
					"start":	11.000016,
					"end":	12.000033,
					"seconds":	1.0000170469284058,
					"bytes":	117160758,
					"bits_per_second":	937270086.42393982,
					"retransmits":	0,
					"snd_cwnd":	824976,
					"rtt":	6860,
					"rttvar":	121,
					"pmtu":	1400,
					"omitted":	false,
					"sender":	true
				}],
			"sum":	{
				"start":	11.000016,
				"end":	12.000033,
				"seconds":	1.0000170469284058,
				"bytes":	117160758,
				"bits_per_second":	937270086.42393982,
				"retransmits":	0,
				"omitted":	false,
				"sender":	true
			}
		}, {
			"streams":	[{
					"socket":	5,
					"start":	12.000033,
					"end":	13.000004,
					"seconds":	0.99997097253799438,
					"bytes":	116700804,
					"bits_per_second":	933633533.01190662,
					"retransmits":	1,
					"snd_cwnd":	696916,
					"rtt":	5681,