{
	"start":	{
		"connected":	[{
				"socket":	5,
				"local_host":	"10.60.0.1",
				"local_port":	47323,
				"remote_host":	"172.16.10.3",
				"remote_port":	5201
			}],
		"version":	"iperf 3.7",
		"system_info":	"Linux ueransim1 5.4.0-169-generic #187-Ubuntu SMP Thu Nov 23 14:52:28 UTC 2023 x86_64",
		"timestamp":	{
			"time":	"Mon, 23 Jun 2025 22:27:34 GMT",
			"timesecs":	1750717654
		},
		"connecting_to":	{
			"host":	"172.16.10.3",
			"port":	5201
		},
		"cookie":	"72tofenk4tyfjj3loqht42xijm63cxbj7hs4",
		"tcp_mss_default":	1348,
		"target_bitrate":	500000000,
		"sock_bufsize":	0,
		"sndbuf_actual":	16384,
		"rcvbuf_actual":	131072,
		"test_start":	{
			"protocol":	"TCP",
			"num_streams":	1,
			"blksize":	1518,
			"omit":	0,
			"duration":	30,
			"bytes":	0,
			"blocks":	0,
			"reverse":	0,
			"tos":	0
		}
	},
	"intervals":	[{
			"streams":	[{
					"socket":	5,
					"start":	0,
					"end":	1.000098,
					"seconds":	1.0000979900360107,
					"bytes":	62458110,
					"bits_per_second":	499615922.61775112,
					"retransmits":	0,
					"snd_cwnd":	188720,
					"rtt":	741,
					"rttvar":	114,
					"pmtu":	1400,
					"omitted":	false,
					"sender":	true
				}],
			"sum":	{
				"start":	0,
				"end":	1.000098,
				"seconds":	1.0000979900360107,
				"bytes":	62458110,
				"bits_per_second":	499615922.61775112,
				"retransmits":	0,
				"omitted":	false,
				"sender":	true
			}
		}, {
			"streams":	[{
					"socket":	5,
					"start":	1.000098,
					"end":	2.000098,
					"seconds":	1,
					"bytes":	62500614,
					"bits_per_second":	500004912,
					"retransmits":	0,
					"snd_cwnd":	188720,
					"rtt":	689,
					"rttvar":	61,
					"pmtu":	1400,
					"omitted":	false,
					"sender":	true
				}],
			"sum":	{
				"start":	1.000098,
				"end":	2.000098,
				"seconds":	1,
				"bytes":	62500614,
				"bits_per_second":	500004912,
				"retransmits":	0,
				"omitted":	false,
				"sender":	true
			}
		}, {
			"streams":	[{
					"socket":	5,
					"start":	2.000098,
					"end":	3.000097,
					"seconds":	0.99999898672103882,
					"bytes":	62499096,
					"bits_per_second":	499993274.63266593,
					"retransmits":	0,
					"snd_cwnd":	188720,
					"rtt":	746,
					"rttvar":	61,
					"pmtu":	1400,
					"omitted":	false,
					"sender":	true
				}],
			"sum":	{
				"start":	2.000098,
				"end":	3.000097,
				"seconds":	0.99999898672103882,
				"bytes":	62499096,
				"bits_per_second":	499993274.63266593,
				"retransmits":	0,
				"omitted":	false,
				"sender":	true
			}
		}, {
			"streams":	[{
					"socket":	5,
					"start":	3.000097,
					"end":	4.000106,
					"seconds":	1.0000089406967163,
					"bytes":	62503650,
					"bits_per_second":	500024729.43054348,
					"retransmits":	0,
					"snd_cwnd":	188720,
					"rtt":	1197,
					"rttvar":	73,
					"pmtu":	1400,
					"omitted":	false,
					"sender":	true
				}],
			"sum":	{
				"start":	3.000097,
				"end":	4.000106,
				"seconds":	1.0000089406967163,
				"bytes":	62503650,
				"bits_per_second":	500024729.43054348,
				"retransmits":	0,
				"omitted":	false,
				"sender":	true
			}
		}, {
			"streams":	[{
					"socket":	5,
					"start":	4.000106,
					"end":	5.000095,
					"seconds":	0.99998897314071655,
					"bytes":	62500614,
					"bits_per_second":	500010425.54460275,
					"retransmits":	0,
					"snd_cwnd":	188720,
					"rtt":	879,
					"rttvar":	19,
					"pmtu":	1400,
					"omitted":	false,
					"sender":	true
				}],
			"sum":	{
				"start":	4.000106,
				"end":	5.000095,
				"seconds":	0.99998897314071655,
				"bytes":	62500614,
				"bits_per_second":	500010425.54460275,
				"retransmits":	0,
				"omitted":	false,
				"sender":	true
			}
		}, {
			"streams":	[{
					"socket":	5,
					"start":	5.000095,
					"end":	6.000099,
					"seconds":	1.0000040531158447,
					"bytes":	62497578,
					"bits_per_second":	499978597.52882433,
					"retransmits":	0,
					"snd_cwnd":	188720,
					"rtt":	842,
					"rttvar":	87,
					"pmtu":	1400,
					"omitted":	false,
					"sender":	true
				}],
			"sum":	{
				"start":	5.000095,
				"end":	6.000099,
				"seconds":	1.0000040531158447,
				"bytes":	62497578,
				"bits_per_second":	499978597.52882433,
				"retransmits":	0,
				"omitted":	false,
				"sender":	true
			}
		}, {
			"streams":	[{
					"socket":	5,
					"start":	6.000099,
					"end":	7.000112,
					"seconds":	1.000012993812561,
					"bytes":	62500614,
					"bits_per_second":	499998415.11431319,
					"retransmits":	0,
					"snd_cwnd":	188720,
					"rtt":	1019,
					"rttvar":	66,
					"pmtu":	1400,
					"omitted":	false,
					"sender":	true
				}],
			"sum":	{
				"start":	6.000099,
				"end":	7.000112,
				"seconds":	1.000012993812561,
				"bytes":	62500614,
				"bits_per_second":	499998415.11431319,
				"retransmits":	0,
				"omitted":	false,
				"sender":	true
			}
		}, {
			"streams":	[{
					"socket":	5,
					"start":	7.000112,
					"end":	8.000099,
					"seconds":	0.999987006187439,
					"bytes":	62497578,
					"bits_per_second":	499987120.73892981,
					"retransmits":	0,
					"snd_cwnd":	188720,
					"rtt":	729,
					"rttvar":	49,
					"pmtu":	1400,
					"omitted":	false,
					"sender":	true
				}],
			"sum":	{
				"start":	7.000112,
				"end":	8.000099,
				"seconds":	0.999987006187439,
				"bytes":	62497578,
				"bits_per_second":	499987120.73892981,
				"retransmits":	0,
				"omitted":	false,
				"sender":	true
			}
		}, {
			"streams":	[{
					"socket":	5,
					"start":	8.000099,
					"end":	9.0001,
					"seconds":	1.0000009536743164,
					"bytes":	62502132,
					"bits_per_second":	500016579.14703071,
					"retransmits":	0,
					"snd_cwnd":	188720,
					"rtt":	850,
					"rttvar":	89,
					"pmtu":	1400,
					"omitted":	false,
					"sender":	true
				}],
			"sum":	{
				"start":	8.000099,
				"end":	9.0001,
				"seconds":	1.0000009536743164,
				"bytes":	62502132,
				"bits_per_second":	500016579.14703071,
				"retransmits":	0,
				"omitted":	false,
				"sender":	true
			}
		}, {
			"streams":	[{
					"socket":	5,
					"start":	9.0001,
					"end":	10.000071,
					"seconds":	0.99997097253799438,
					"bytes":	62505168,
					"bits_per_second":	500055859.35245806,
					"retransmits":	0,
					"snd_cwnd":	188720,
					"rtt":	579,
					"rttvar":	16,
					"pmtu":	1400,
					"omitted":	false,
					"sender":	true
				}],
			"sum":	{
				"start":	9.0001,
				"end":	10.000071,
				"seconds":	0.99997097253799438,
				"bytes":	62505168,
				"bits_per_second":	500055859.35245806,
				"retransmits":	0,
				"omitted":	false,
				"sender":	true
			}
		}, {
			"streams":	[{
					"socket":	5,
					"start":	10.000071,
					"end":	11.000085,
					"seconds":	1.0000139474868774,
					"bytes":	62502132,
					"bits_per_second":	500010082.11594111,
					"retransmits":	0,
					"snd_cwnd":	188720,
					"rtt":	645,
					"rttvar":	14,
					"pmtu":	1400,
					"omitted":	false,
					"sender":	true
				}],
			"sum":	{
				"start":	10.000071,
				"end":	11.000085,
				"seconds":	1.0000139474868774,
				"bytes":	62502132,
				"bits_per_second":	500010082.11594111,
				"retransmits":	0,
				"omitted":	false,
				"sender":	true
			}
		}, {
			"streams":	[{
					"socket":	5,
					"start":	11.000085,
					"end":	12.000071,
					"seconds":	0.99998599290847778,
					"bytes":	62499096,
					"bits_per_second":	499999771.54256111,
					"retransmits":	0,
					"snd_cwnd":	188720,
					"rtt":	590,
					"rttvar":	14,
					"pmtu":	1400,
					"omitted":	false,
					"sender":	true
				}],
			"sum":	{
				"start":	11.000085,
				"end":	12.000071,
				"seconds":	0.99998599290847778,
				"bytes":	62499096,
				"bits_per_second":	499999771.54256111,
				"retransmits":	0,
				"omitted":	false,
				"sender":	true
			}
		}, {
			"streams":	[{
					"socket":	5,
					"start":	12.000071,
					"end":	13.000102,
					"seconds":	1.0000309944152832,
					"bytes":	62497578,
					"bits_per_second":	499965127.87319958,
					"retransmits":	0,
					"snd_cwnd":	188720,
					"rtt":	669,
					"rttvar":	33,
					"pmtu":	1400,
					"omitted":	false,
					"sender":	true
				}],