{
	"start":	{
		"connected":	[{
				"socket":	5,
				"local_host":	"10.60.0.1",
				"local_port":	36623,
				"remote_host":	"172.16.10.3",
				"remote_port":	5201
			}],
		"version":	"iperf 3.7",
		"system_info":	"Linux ueransim1 5.4.0-169-generic #187-Ubuntu SMP Thu Nov 23 14:52:28 UTC 2023 x86_64",
		"timestamp":	{
			"time":	"Mon, 23 Jun 2025 22:28:38 GMT",
			"timesecs":	1750717718
		},
		"connecting_to":	{
			"host":	"172.16.10.3",
			"port":	5201
		},
		"cookie":	"c652dcbsdnxyyqtazbhvq6kxsl4h323377wn",
		"tcp_mss_default":	1348,
		"target_bitrate":	500000000,
		"sock_bufsize":	0,
		"sndbuf_actual":	16384,
		"rcvbuf_actual":	131072,
		"test_start":	{
			"protocol":	"TCP",
			"num_streams":	1,
			"blksize":	1518,
			"omit":	0,
			"duration":	30,
			"bytes":	0,
			"blocks":	0,
			"reverse":	0,
			"tos":	0
		}
	},
	"intervals":	[{
			"streams":	[{
					"socket":	5,
					"start":	0,
					"end":	1.000057,
					"seconds":	1.0000569820404053,
					"bytes":	62461146,
					"bits_per_second":	499660696.31401372,
					"retransmits":	0,
					"snd_cwnd":	176588,
					"rtt":	704,
					"rttvar":	59,
					"pmtu":	1400,
					"omitted":	false,
					"sender":	true
				}],
			"sum":	{
				"start":	0,
				"end":	1.000057,
				"seconds":	1.0000569820404053,
				"bytes":	62461146,
				"bits_per_second":	499660696.31401372,
				"retransmits":	0,
				"omitted":	false,
				"sender":	true
			}
		}, {
			"streams":	[{
					"socket":	5,
					"start":	1.000057,
					"end":	2.000085,
					"seconds":	1.0000280141830444,
					"bytes":	62497578,
					"bits_per_second":	499966617.84365159,
					"retransmits":	0,
					"snd_cwnd":	176588,
					"rtt":	659,
					"rttvar":	69,
					"pmtu":	1400,
					"omitted":	false,
					"sender":	true
				}],
			"sum":	{
				"start":	1.000057,
				"end":	2.000085,
				"seconds":	1.0000280141830444,
				"bytes":	62497578,
				"bits_per_second":	499966617.84365159,
				"retransmits":	0,
				"omitted":	false,
				"sender":	true
			}
		}, {
			"streams":	[{
					"socket":	5,
					"start":	2.000085,
					"end":	3.000083,
					"seconds":	0.99999797344207764,
					"bytes":	62499096,
					"bits_per_second":	499993781.26635855,
					"retransmits":	0,
					"snd_cwnd":	176588,
					"rtt":	763,
					"rttvar":	33,
					"pmtu":	1400,
					"omitted":	false,
					"sender":	true
				}],
			"sum":	{
				"start":	2.000085,
				"end":	3.000083,
				"seconds":	0.99999797344207764,
				"bytes":	62499096,
				"bits_per_second":	499993781.26635855,
				"retransmits":	0,
				"omitted":	false,
				"sender":	true
			}
		}, {
			"streams":	[{
					"socket":	5,
					"start":	3.000083,
					"end":	4.000084,
					"seconds":	1.0000009536743164,
					"bytes":	62503650,
					"bits_per_second":	500028723.13544929,
					"retransmits":	0,
					"snd_cwnd":	176588,
					"rtt":	753,
					"rttvar":	31,
					"pmtu":	1400,
					"omitted":	false,
					"sender":	true
				}],
			"sum":	{
				"start":	3.000083,
				"end":	4.000084,
				"seconds":	1.0000009536743164,
				"bytes":	62503650,
				"bits_per_second":	500028723.13544929,
				"retransmits":	0,
				"omitted":	false,
				"sender":	true
			}
		}, {
			"streams":	[{
					"socket":	5,
					"start":	4.000084,
					"end":	5.000085,
					"seconds":	1.0000009536743164,
					"bytes":	62494542,
					"bits_per_second":	499955859.20493776,
					"retransmits":	0,
					"snd_cwnd":	176588,
					"rtt":	628,
					"rttvar":	51,
					"pmtu":	1400,
					"omitted":	false,
					"sender":	true
				}],
			"sum":	{
				"start":	4.000084,
				"end":	5.000085,
				"seconds":	1.0000009536743164,
				"bytes":	62494542,
				"bits_per_second":	499955859.20493776,
				"retransmits":	0,
				"omitted":	false,
				"sender":	true
			}
		}, {
			"streams":	[{
					"socket":	5,
					"start":	5.000085,
					"end":	6.000059,
					"seconds":	0.99997401237487793,
					"bytes":	62499096,
					"bits_per_second":	500005761.96230078,
					"retransmits":	0,
					"snd_cwnd":	176588,
					"rtt":	761,
					"rttvar":	46,
					"pmtu":	1400,
					"omitted":	false,
					"sender":	true
				}],
			"sum":	{
				"start":	5.000085,
				"end":	6.000059,
				"seconds":	0.99997401237487793,
				"bytes":	62499096,
				"bits_per_second":	500005761.96230078,
				"retransmits":	0,
				"omitted":	false,
				"sender":	true
			}
		}, {
			"streams":	[{
					"socket":	5,
					"start":	6.000059,
					"end":	7.000084,
					"seconds":	1.0000250339508057,
					"bytes":	62502132,
					"bits_per_second":	500004538.91097027,
					"retransmits":	0,
					"snd_cwnd":	176588,
					"rtt":	711,
					"rttvar":	88,
					"pmtu":	1400,
					"omitted":	false,
					"sender":	true
				}],
			"sum":	{
				"start":	6.000059,
				"end":	7.000084,
				"seconds":	1.0000250339508057,
				"bytes":	62502132,
				"bits_per_second":	500004538.91097027,
				"retransmits":	0,
				"omitted":	false,
				"sender":	true
			}
		}, {
			"streams":	[{
					"socket":	5,
					"start":	7.000084,
					"end":	8.000084,
					"seconds":	1,
					"bytes":	62502132,
					"bits_per_second":	500017056,
					"retransmits":	0,
					"snd_cwnd":	176588,
					"rtt":	662,
					"rttvar":	68,
					"pmtu":	1400,
					"omitted":	false,
					"sender":	true
				}],
			"sum":	{
				"start":	7.000084,
				"end":	8.000084,
				"seconds":	1,
				"bytes":	62502132,
				"bits_per_second":	500017056,
				"retransmits":	0,
				"omitted":	false,
				"sender":	true
			}
		}, {
			"streams":	[{
					"socket":	5,
					"start":	8.000084,
					"end":	9.000087,
					"seconds":	1.0000029802322388,
					"bytes":	62503650,
					"bits_per_second":	500027709.801299,
					"retransmits":	0,
					"snd_cwnd":	176588,
					"rtt":	689,
					"rttvar":	52,
					"pmtu":	1400,
					"omitted":	false,
					"sender":	true
				}],
			"sum":	{
				"start":	8.000084,
				"end":	9.000087,
				"seconds":	1.0000029802322388,
				"bytes":	62503650,
				"bits_per_second":	500027709.801299,
				"retransmits":	0,
				"omitted":	false,
				"sender":	true
			}
		}, {
			"streams":	[{
					"socket":	5,
					"start":	9.000087,
					"end":	10.000078,
					"seconds":	0.99999099969863892,
					"bytes":	62496060,
					"bits_per_second":	499972979.90749156,
					"retransmits":	0,
					"snd_cwnd":	176588,
					"rtt":	840,
					"rttvar":	51,
					"pmtu":	1400,
					"omitted":	false,
					"sender":	true
				}],
			"sum":	{
				"start":	9.000087,
				"end":	10.000078,
				"seconds":	0.99999099969863892,
				"bytes":	62496060,
				"bits_per_second":	499972979.90749156,
				"retransmits":	0,
				"omitted":	false,
				"sender":	true
			}
		}, {
			"streams":	[{
					"socket":	5,
					"start":	10.000078,
					"end":	11.000085,
					"seconds":	1.0000070333480835,
					"bytes":	62502132,
					"bits_per_second":	500013539.23073214,
					"retransmits":	0,
					"snd_cwnd":	176588,
					"rtt":	840,
					"rttvar":	23,
					"pmtu":	1400,
					"omitted":	false,
					"sender":	true
				}],
			"sum":	{
				"start":	10.000078,
				"end":	11.000085,
				"seconds":	1.0000070333480835,
				"bytes":	62502132,
				"bits_per_second":	500013539.23073214,
				"retransmits":	0,
				"omitted":	false,
				"sender":	true
			}
		}, {
			"streams":	[{
					"socket":	5,
					"start":	11.000085,
					"end":	12.000084,
					"seconds":	0.99999898672103882,
					"bytes":	62500614,
					"bits_per_second":	500005418.64497119,
					"retransmits":	0,
					"snd_cwnd":	296560,
					"rtt":	664,
					"rttvar":	58,
					"pmtu":	1400,
					"omitted":	false,
					"sender":	true
				}],
			"sum":	{
				"start":	11.000085,
				"end":	12.000084,
				"seconds":	0.99999898672103882,
				"bytes":	62500614,
				"bits_per_second":	500005418.64497119,
				"retransmits":	0,
				"omitted":	false,
				"sender":	true
			}
		}, {
			"streams":	[{
					"socket":	5,
					"start":	12.000084,
					"end":	13.000083,
					"seconds":	0.99999898672103882,
					"bytes":	62500614,
					"bits_per_second":	500005418.64497119,
					"retransmits":	0,
					"snd_cwnd":	296560,
					"rtt":	763,
					"rttvar":	118,
					"pmtu":	1400,
					"omitted":	false,
					"sender":	true
				}],