{
	"start":	{
		"connected":	[{
				"socket":	5,
				"local_host":	"10.60.0.1",
				"local_port":	57113,
				"remote_host":	"172.16.10.3",
				"remote_port":	5201
			}],
		"version":	"iperf 3.7",
		"system_info":	"Linux ueransim1 5.4.0-169-generic #187-Ubuntu SMP Thu Nov 23 14:52:28 UTC 2023 x86_64",
		"timestamp":	{
			"time":	"Mon, 23 Jun 2025 22:23:50 GMT",
			"timesecs":	1750717430
		},
		"connecting_to":	{
			"host":	"172.16.10.3",
			"port":	5201
		},
		"cookie":	"fjntptjbxax7ibdixo7git56ui5lmu4pvp6l",
		"tcp_mss_default":	1348,
		"target_bitrate":	500000000,
		"sock_bufsize":	0,
		"sndbuf_actual":	16384,
		"rcvbuf_actual":	131072,
		"test_start":	{
			"protocol":	"TCP",
			"num_streams":	1,
			"blksize":	64,
			"omit":	0,
			"duration":	30,
			"bytes":	0,
			"blocks":	0,
			"reverse":	0,
			"tos":	0
		}
	},
	"intervals":	[{
			"streams":	[{
					"socket":	5,
					"start":	0,
					"end":	1.000016,
					"seconds":	1.0000159740447998,
					"bytes":	18538112,
					"bits_per_second":	148302527.00878963,
					"retransmits":	0,
					"snd_cwnd":	64704,
					"rtt":	1349,
					"rttvar":	261,
					"pmtu":	1400,
					"omitted":	false,
					"sender":	true
				}],
			"sum":	{
				"start":	0,
				"end":	1.000016,
				"seconds":	1.0000159740447998,
				"bytes":	18538112,
				"bits_per_second":	148302527.00878963,
				"retransmits":	0,
				"omitted":	false,
				"sender":	true
			}
		}, {
			"streams":	[{
					"socket":	5,
					"start":	1.000016,
					"end":	2.000004,
					"seconds":	0.99998801946640015,
					"bytes":	19750464,
					"bits_per_second":	158005604.99145958,
					"retransmits":	0,
					"snd_cwnd":	68748,
					"rtt":	1395,
					"rttvar":	38,
					"pmtu":	1400,
					"omitted":	false,
					"sender":	true
				}],
			"sum":	{
				"start":	1.000016,
				"end":	2.000004,
				"seconds":	0.99998801946640015,
				"bytes":	19750464,
				"bits_per_second":	158005604.99145958,
				"retransmits":	0,
				"omitted":	false,
				"sender":	true
			}
		}, {
			"streams":	[{
					"socket":	5,
					"start":	2.000004,
					"end":	3.000004,
					"seconds":	1,
					"bytes":	19778176,
					"bits_per_second":	158225408,
					"retransmits":	0,
					"snd_cwnd":	68748,
					"rtt":	1298,
					"rttvar":	101,
					"pmtu":	1400,
					"omitted":	false,
					"sender":	true
				}],
			"sum":	{
				"start":	2.000004,
				"end":	3.000004,
				"seconds":	1,
				"bytes":	19778176,
				"bits_per_second":	158225408,
				"retransmits":	0,
				"omitted":	false,
				"sender":	true
			}
		}, {
			"streams":	[{
					"socket":	5,
					"start":	3.000004,
					"end":	4.000004,
					"seconds":	1,
					"bytes":	19751936,
					"bits_per_second":	158015488,
					"retransmits":	0,
					"snd_cwnd":	68748,
					"rtt":	1378,
					"rttvar":	47,
					"pmtu":	1400,
					"omitted":	false,
					"sender":	true
				}],
			"sum":	{
				"start":	3.000004,
				"end":	4.000004,
				"seconds":	1,
				"bytes":	19751936,
				"bits_per_second":	158015488,
				"retransmits":	0,
				"omitted":	false,
				"sender":	true
			}
		}, {
			"streams":	[{
					"socket":	5,
					"start":	4.000004,
					"end":	5.000006,
					"seconds":	1.0000020265579224,
					"bytes":	19784384,
					"bits_per_second":	158274751.24704894,
					"retransmits":	0,
					"snd_cwnd":	68748,
					"rtt":	906,
					"rttvar":	110,
					"pmtu":	1400,
					"omitted":	false,
					"sender":	true
				}],
			"sum":	{
				"start":	4.000004,
				"end":	5.000006,
				"seconds":	1.0000020265579224,
				"bytes":	19784384,
				"bits_per_second":	158274751.24704894,
				"retransmits":	0,
				"omitted":	false,
				"sender":	true
			}
		}, {
			"streams":	[{
					"socket":	5,
					"start":	5.000006,
					"end":	6.000005,
					"seconds":	0.99999898672103882,
					"bytes":	19711424,
					"bits_per_second":	157691551.78553179,
					"retransmits":	0,
					"snd_cwnd":	68748,
					"rtt":	1207,
					"rttvar":	165,
					"pmtu":	1400,
					"omitted":	false,
					"sender":	true
				}],
			"sum":	{
				"start":	5.000006,
				"end":	6.000005,
				"seconds":	0.99999898672103882,
				"bytes":	19711424,
				"bits_per_second":	157691551.78553179,
				"retransmits":	0,
				"omitted":	false,
				"sender":	true
			}
		}, {
			"streams":	[{
					"socket":	5,
					"start":	6.000005,
					"end":	7.000005,
					"seconds":	1,
					"bytes":	19741760,
					"bits_per_second":	157934080,
					"retransmits":	0,
					"snd_cwnd":	68748,
					"rtt":	1207,
					"rttvar":	203,
					"pmtu":	1400,
					"omitted":	false,
					"sender":	true
				}],
			"sum":	{
				"start":	6.000005,
				"end":	7.000005,
				"seconds":	1,
				"bytes":	19741760,
				"bits_per_second":	157934080,
				"retransmits":	0,
				"omitted":	false,
				"sender":	true
			}
		}, {
			"streams":	[{
					"socket":	5,
					"start":	7.000005,
					"end":	8.000004,
					"seconds":	0.99999898672103882,
					"bytes":	19752768,
					"bits_per_second":	158022304.12067616,
					"retransmits":	0,
					"snd_cwnd":	68748,
					"rtt":	1382,
					"rttvar":	64,
					"pmtu":	1400,
					"omitted":	false,
					"sender":	true
				}],
			"sum":	{
				"start":	7.000005,
				"end":	8.000004,
				"seconds":	0.99999898672103882,
				"bytes":	19752768,
				"bits_per_second":	158022304.12067616,
				"retransmits":	0,
				"omitted":	false,
				"sender":	true
			}
		}, {
			"streams":	[{
					"socket":	5,
					"start":	8.000004,
					"end":	9.000017,
					"seconds":	1.000012993812561,
					"bytes":	19708800,
					"bits_per_second":	157668351.28699657,
					"retransmits":	0,
					"snd_cwnd":	68748,
					"rtt":	1140,
					"rttvar":	164,
					"pmtu":	1400,
					"omitted":	false,
					"sender":	true
				}],
			"sum":	{
				"start":	8.000004,
				"end":	9.000017,
				"seconds":	1.000012993812561,
				"bytes":	19708800,
				"bits_per_second":	157668351.28699657,
				"retransmits":	0,
				"omitted":	false,
				"sender":	true
			}
		}, {
			"streams":	[{
					"socket":	5,
					"start":	9.000017,
					"end":	10.000005,
					"seconds":	0.99998801946640015,
					"bytes":	19514432,
					"bits_per_second":	156117326.36887407,
					"retransmits":	0,
					"snd_cwnd":	124016,
					"rtt":	1278,
					"rttvar":	131,
					"pmtu":	1400,
					"omitted":	false,
					"sender":	true
				}],
			"sum":	{
				"start":	9.000017,
				"end":	10.000005,
				"seconds":	0.99998801946640015,
				"bytes":	19514432,
				"bits_per_second":	156117326.36887407,
				"retransmits":	0,
				"omitted":	false,
				"sender":	true
			}
		}, {
			"streams":	[{
					"socket":	5,
					"start":	10.000005,
					"end":	11.000005,
					"seconds":	1,
					"bytes":	19787072,
					"bits_per_second":	158296576,
					"retransmits":	0,
					"snd_cwnd":	124016,
					"rtt":	814,
					"rttvar":	101,
					"pmtu":	1400,
					"omitted":	false,
					"sender":	true
				}],
			"sum":	{
				"start":	10.000005,
				"end":	11.000005,
				"seconds":	1,
				"bytes":	19787072,
				"bits_per_second":	158296576,
				"retransmits":	0,
				"omitted":	false,
				"sender":	true
			}
		}, {
			"streams":	[{
					"socket":	5,
					"start":	11.000005,
					"end":	12.000005,
					"seconds":	1,
					"bytes":	19576832,
					"bits_per_second":	156614656,
					"retransmits":	0,
					"snd_cwnd":	124016,
					"rtt":	1056,
					"rttvar":	101,
					"pmtu":	1400,
					"omitted":	false,
					"sender":	true
				}],
			"sum":	{
				"start":	11.000005,
				"end":	12.000005,
				"seconds":	1,
				"bytes":	19576832,
				"bits_per_second":	156614656,
				"retransmits":	0,
				"omitted":	false,
				"sender":	true
			}
		}, {
			"streams":	[{
					"socket":	5,
					"start":	12.000005,
					"end":	13.000004,
					"seconds":	0.99999898672103882,
					"bytes":	19749440,
					"bits_per_second":	157995680.09369859,
					"retransmits":	0,
					"snd_cwnd":	124016,
					"rtt":	1162,
					"rttvar":	215,
					"pmtu":	1400,
					"omitted":	false,
					"sender":	true
				}],
			"sum":	{
				"start":	12.000005,
				"end":	13.000004,
				"seconds":	0.99999898672103882,
				"bytes":	19749440,
				"bits_per_second":	157995680.09369859,
				"retransmits":	0,
				"omitted":	false,