{
	"start":	{
		"connected":	[{
				"socket":	5,
				"local_host":	"10.60.0.1",
				"local_port":	54509,
				"remote_host":	"172.16.10.3",
				"remote_port":	5201
			}],
		"version":	"iperf 3.7",
		"system_info":	"Linux ueransim1 5.4.0-169-generic #187-Ubuntu SMP Thu Nov 23 14:52:28 UTC 2023 x86_64",
		"timestamp":	{
			"time":	"Mon, 23 Jun 2025 22:20:37 GMT",
			"timesecs":	1750717237
		},
		"connecting_to":	{
			"host":	"172.16.10.3",
			"port":	5201
		},
		"cookie":	"metunoww3f7sgqiycxy3knrvsem4tomz6kc4",
		"tcp_mss_default":	1348,
		"target_bitrate":	100000000,
		"sock_bufsize":	0,
		"sndbuf_actual":	16384,
		"rcvbuf_actual":	131072,
		"test_start":	{
			"protocol":	"TCP",
			"num_streams":	1,
			"blksize":	512,
			"omit":	0,
			"duration":	30,
			"bytes":	0,
			"blocks":	0,
			"reverse":	0,
			"tos":	0
		}
	},
	"intervals":	[{
			"streams":	[{
					"socket":	5,
					"start":	0,
					"end":	1.000062,
					"seconds":	1.0000619888305664,
					"bytes":	12489216,
					"bits_per_second":	99907534.848749951,
					"retransmits":	0,
					"snd_cwnd":	28308,
					"rtt":	712,
					"rttvar":	93,
					"pmtu":	1400,
					"omitted":	false,
					"sender":	true
				}],
			"sum":	{
				"start":	0,
				"end":	1.000062,
				"seconds":	1.0000619888305664,
				"bytes":	12489216,
				"bits_per_second":	99907534.848749951,
				"retransmits":	0,
				"omitted":	false,
				"sender":	true
			}
		}, {
			"streams":	[{
					"socket":	5,
					"start":	1.000062,
					"end":	2.000061,
					"seconds":	0.99999898672103882,
					"bytes":	12499968,
					"bits_per_second":	99999845.327739388,
					"retransmits":	0,
					"snd_cwnd":	32352,
					"rtt":	788,
					"rttvar":	99,
					"pmtu":	1400,
					"omitted":	false,
					"sender":	true
				}],
			"sum":	{
				"start":	1.000062,
				"end":	2.000061,
				"seconds":	0.99999898672103882,
				"bytes":	12499968,
				"bits_per_second":	99999845.327739388,
				"retransmits":	0,
				"omitted":	false,
				"sender":	true
			}
		}, {
			"streams":	[{
					"socket":	5,
					"start":	2.000061,
					"end":	3.000279,
					"seconds":	1.0002180337905884,
					"bytes":	12499968,
					"bits_per_second":	99977945.429582745,
					"retransmits":	0,
					"snd_cwnd":	33700,
					"rtt":	771,
					"rttvar":	68,
					"pmtu":	1400,
					"omitted":	false,
					"sender":	true
				}],
			"sum":	{
				"start":	2.000061,
				"end":	3.000279,
				"seconds":	1.0002180337905884,
				"bytes":	12499968,
				"bits_per_second":	99977945.429582745,
				"retransmits":	0,
				"omitted":	false,
				"sender":	true
			}
		}, {
			"streams":	[{
					"socket":	5,
					"start":	3.000279,
					"end":	4.00006,
					"seconds":	0.99978101253509521,
					"bytes":	12500480,
					"bits_per_second":	100025744.38418791,
					"retransmits":	0,
					"snd_cwnd":	39092,
					"rtt":	654,
					"rttvar":	68,
					"pmtu":	1400,
					"omitted":	false,
					"sender":	true
				}],
			"sum":	{
				"start":	3.000279,
				"end":	4.00006,
				"seconds":	0.99978101253509521,
				"bytes":	12500480,
				"bits_per_second":	100025744.38418791,
				"retransmits":	0,
				"omitted":	false,
				"sender":	true
			}
		}, {
			"streams":	[{
					"socket":	5,
					"start":	4.00006,
					"end":	5.000062,
					"seconds":	1.0000020265579224,
					"bytes":	12499968,
					"bits_per_second":	99999541.345137253,
					"retransmits":	0,
					"snd_cwnd":	43136,
					"rtt":	879,
					"rttvar":	171,
					"pmtu":	1400,
					"omitted":	false,
					"sender":	true
				}],
			"sum":	{
				"start":	4.00006,
				"end":	5.000062,
				"seconds":	1.0000020265579224,
				"bytes":	12499968,
				"bits_per_second":	99999541.345137253,
				"retransmits":	0,
				"omitted":	false,
				"sender":	true
			}
		}, {
			"streams":	[{
					"socket":	5,
					"start":	5.000062,
					"end":	6.000061,
					"seconds":	0.99999898672103882,
					"bytes":	12500480,
					"bits_per_second":	100003941.33188979,
					"retransmits":	0,
					"snd_cwnd":	60660,
					"rtt":	966,
					"rttvar":	86,
					"pmtu":	1400,
					"omitted":	false,
					"sender":	true
				}],
			"sum":	{
				"start":	5.000062,
				"end":	6.000061,
				"seconds":	0.99999898672103882,
				"bytes":	12500480,
				"bits_per_second":	100003941.33188979,
				"retransmits":	0,
				"omitted":	false,
				"sender":	true
			}
		}, {
			"streams":	[{
					"socket":	5,
					"start":	6.000061,
					"end":	7.000101,
					"seconds":	1.0000400543212891,
					"bytes":	12499456,
					"bits_per_second":	99991642.902608961,
					"retransmits":	0,
					"snd_cwnd":	60660,
					"rtt":	788,
					"rttvar":	221,
					"pmtu":	1400,
					"omitted":	false,
					"sender":	true
				}],
			"sum":	{
				"start":	6.000061,
				"end":	7.000101,
				"seconds":	1.0000400543212891,
				"bytes":	12499456,
				"bits_per_second":	99991642.902608961,
				"retransmits":	0,
				"omitted":	false,
				"sender":	true
			}
		}, {
			"streams":	[{
					"socket":	5,
					"start":	7.000101,
					"end":	8.000084,
					"seconds":	0.999983012676239,
					"bytes":	12502016,
					"bits_per_second":	100017827.03520972,
					"retransmits":	0,
					"snd_cwnd":	60660,
					"rtt":	952,
					"rttvar":	268,
					"pmtu":	1400,
					"omitted":	false,
					"sender":	true
				}],
			"sum":	{
				"start":	7.000101,
				"end":	8.000084,
				"seconds":	0.999983012676239,
				"bytes":	12502016,
				"bits_per_second":	100017827.03520972,
				"retransmits":	0,
				"omitted":	false,
				"sender":	true
			}
		}, {
			"streams":	[{
					"socket":	5,
					"start":	8.000084,
					"end":	9.000081,
					"seconds":	0.99999701976776123,
					"bytes":	12497920,
					"bits_per_second":	99983657.974520847,
					"retransmits":	0,
					"snd_cwnd":	60660,
					"rtt":	801,
					"rttvar":	120,
					"pmtu":	1400,
					"omitted":	false,
					"sender":	true
				}],
			"sum":	{
				"start":	8.000084,
				"end":	9.000081,
				"seconds":	0.99999701976776123,
				"bytes":	12497920,
				"bits_per_second":	99983657.974520847,
				"retransmits":	0,
				"omitted":	false,
				"sender":	true
			}
		}, {
			"streams":	[{
					"socket":	5,
					"start":	9.000081,
					"end":	10.00009,
					"seconds":	1.0000089406967163,
					"bytes":	12500480,
					"bits_per_second":	100002945.90398994,
					"retransmits":	0,
					"snd_cwnd":	60660,
					"rtt":	1027,
					"rttvar":	123,
					"pmtu":	1400,
					"omitted":	false,
					"sender":	true
				}],
			"sum":	{
				"start":	9.000081,
				"end":	10.00009,
				"seconds":	1.0000089406967163,
				"bytes":	12500480,
				"bits_per_second":	100002945.90398994,
				"retransmits":	0,
				"omitted":	false,
				"sender":	true
			}
		}, {
			"streams":	[{
					"socket":	5,
					"start":	10.00009,
					"end":	11.00008,
					"seconds":	0.99998998641967773,
					"bytes":	12499968,
					"bits_per_second":	100000745.36549601,
					"retransmits":	0,
					"snd_cwnd":	60660,
					"rtt":	1006,
					"rttvar":	53,
					"pmtu":	1400,
					"omitted":	false,
					"sender":	true
				}],
			"sum":	{
				"start":	10.00009,
				"end":	11.00008,
				"seconds":	0.99998998641967773,
				"bytes":	12499968,
				"bits_per_second":	100000745.36549601,
				"retransmits":	0,
				"omitted":	false,
				"sender":	true
			}
		}, {
			"streams":	[{
					"socket":	5,
					"start":	11.00008,
					"end":	12.000084,
					"seconds":	1.0000040531158447,
					"bytes":	12499456,
					"bits_per_second":	99995242.707697392,
					"retransmits":	0,
					"snd_cwnd":	60660,
					"rtt":	1062,
					"rttvar":	30,
					"pmtu":	1400,
					"omitted":	false,
					"sender":	true
				}],
			"sum":	{
				"start":	11.00008,
				"end":	12.000084,
				"seconds":	1.0000040531158447,
				"bytes":	12499456,
				"bits_per_second":	99995242.707697392,
				"retransmits":	0,
				"omitted":	false,
				"sender":	true
			}
		}, {
			"streams":	[{
					"socket":	5,
					"start":	12.000084,
					"end":	13.000084,
					"seconds":	1,
					"bytes":	12500480,
					"bits_per_second":	100003840,
					"retransmits":	0,
					"snd_cwnd":	60660,
					"rtt":	1075,
					"rttvar":	70,
					"pmtu":	1400,
					"omitted":	false,
					"sender":	true
				}],