{
	"start":	{
		"connected":	[{
				"socket":	5,
				"local_host":	"10.60.0.1",
				"local_port":	57989,
				"remote_host":	"172.16.10.3",
				"remote_port":	5201
			}],
		"version":	"iperf 3.7",
		"system_info":	"Linux ueransim1 5.4.0-169-generic #187-Ubuntu SMP Thu Nov 23 14:52:28 UTC 2023 x86_64",
		"timestamp":	{
			"time":	"Mon, 23 Jun 2025 22:16:53 GMT",
			"timesecs":	1750717013
		},
		"connecting_to":	{
			"host":	"172.16.10.3",
			"port":	5201
		},
		"cookie":	"kykrgsqayocq7h3ktjb4zw3dfp5gqjxs7uv4",
		"tcp_mss_default":	1348,
		"target_bitrate":	100000000,
		"sock_bufsize":	0,
		"sndbuf_actual":	16384,
		"rcvbuf_actual":	131072,
		"test_start":	{
			"protocol":	"TCP",
			"num_streams":	1,
			"blksize":	64,
			"omit":	0,
			"duration":	30,
			"bytes":	0,
			"blocks":	0,
			"reverse":	0,
			"tos":	0
		}
	},
	"intervals":	[{
			"streams":	[{
					"socket":	5,
					"start":	0,
					"end":	1.000101,
					"seconds":	1.0001009702682495,
					"bytes":	12491584,
					"bits_per_second":	99922582.79001151,
					"retransmits":	0,
					"snd_cwnd":	40440,
					"rtt":	507,
					"rttvar":	148,
					"pmtu":	1400,
					"omitted":	false,
					"sender":	true
				}],
			"sum":	{
				"start":	0,
				"end":	1.000101,
				"seconds":	1.0001009702682495,
				"bytes":	12491584,
				"bits_per_second":	99922582.79001151,
				"retransmits":	0,
				"omitted":	false,
				"sender":	true
			}
		}, {
			"streams":	[{
					"socket":	5,
					"start":	1.000101,
					"end":	2.000004,
					"seconds":	0.99990302324295044,
					"bytes":	12505088,
					"bits_per_second":	100050406.56397006,
					"retransmits":	0,
					"snd_cwnd":	44484,
					"rtt":	529,
					"rttvar":	350,
					"pmtu":	1400,
					"omitted":	false,
					"sender":	true
				}],
			"sum":	{
				"start":	1.000101,
				"end":	2.000004,
				"seconds":	0.99990302324295044,
				"bytes":	12505088,
				"bits_per_second":	100050406.56397006,
				"retransmits":	0,
				"omitted":	false,
				"sender":	true
			}
		}, {
			"streams":	[{
					"socket":	5,
					"start":	2.000004,
					"end":	3.000105,
					"seconds":	1.0001009702682495,
					"bytes":	12494528,
					"bits_per_second":	99946132.41219984,
					"retransmits":	0,
					"snd_cwnd":	44484,
					"rtt":	439,
					"rttvar":	67,
					"pmtu":	1400,
					"omitted":	false,
					"sender":	true
				}],
			"sum":	{
				"start":	2.000004,
				"end":	3.000105,
				"seconds":	1.0001009702682495,
				"bytes":	12494528,
				"bits_per_second":	99946132.41219984,
				"retransmits":	0,
				"omitted":	false,
				"sender":	true
			}
		}, {
			"streams":	[{
					"socket":	5,
					"start":	3.000105,
					"end":	4.0001,
					"seconds":	0.99999499320983887,
					"bytes":	12499840,
					"bits_per_second":	99999220.6751142,
					"retransmits":	0,
					"snd_cwnd":	44484,
					"rtt":	414,
					"rttvar":	90,
					"pmtu":	1400,
					"omitted":	false,
					"sender":	true
				}],
			"sum":	{
				"start":	3.000105,
				"end":	4.0001,
				"seconds":	0.99999499320983887,
				"bytes":	12499840,
				"bits_per_second":	99999220.6751142,
				"retransmits":	0,
				"omitted":	false,
				"sender":	true
			}
		}, {
			"streams":	[{
					"socket":	5,
					"start":	4.0001,
					"end":	5.000101,
					"seconds":	1.0000009536743164,
					"bytes":	12500544,
					"bits_per_second":	100004256.62850893,
					"retransmits":	0,
					"snd_cwnd":	44484,
					"rtt":	416,
					"rttvar":	59,
					"pmtu":	1400,
					"omitted":	false,
					"sender":	true
				}],
			"sum":	{
				"start":	4.0001,
				"end":	5.000101,
				"seconds":	1.0000009536743164,
				"bytes":	12500544,
				"bits_per_second":	100004256.62850893,
				"retransmits":	0,
				"omitted":	false,
				"sender":	true
			}
		}, {
			"streams":	[{
					"socket":	5,
					"start":	5.000101,
					"end":	6.000079,
					"seconds":	0.99997800588607788,
					"bytes":	12504256,
					"bits_per_second":	100036248.20863944,
					"retransmits":	0,
					"snd_cwnd":	44484,
					"rtt":	551,
					"rttvar":	193,
					"pmtu":	1400,
					"omitted":	false,
					"sender":	true
				}],
			"sum":	{
				"start":	5.000101,
				"end":	6.000079,
				"seconds":	0.99997800588607788,
				"bytes":	12504256,
				"bits_per_second":	100036248.20863944,
				"retransmits":	0,
				"omitted":	false,
				"sender":	true
			}
		}, {
			"streams":	[{
					"socket":	5,
					"start":	6.000079,
					"end":	7.000011,
					"seconds":	0.99993199110031128,
					"bytes":	12503872,
					"bits_per_second":	100037779.45930833,
					"retransmits":	0,
					"snd_cwnd":	44484,
					"rtt":	562,
					"rttvar":	214,
					"pmtu":	1400,
					"omitted":	false,
					"sender":	true
				}],
			"sum":	{
				"start":	6.000079,
				"end":	7.000011,
				"seconds":	0.99993199110031128,
				"bytes":	12503872,
				"bits_per_second":	100037779.45930833,
				"retransmits":	0,
				"omitted":	false,
				"sender":	true
			}
		}, {
			"streams":	[{
					"socket":	5,
					"start":	7.000011,
					"end":	8.000084,
					"seconds":	1.0000729560852051,
					"bytes":	12492672,
					"bits_per_second":	99934085.20036523,
					"retransmits":	0,
					"snd_cwnd":	44484,
					"rtt":	527,
					"rttvar":	138,
					"pmtu":	1400,
					"omitted":	false,
					"sender":	true
				}],
			"sum":	{
				"start":	7.000011,
				"end":	8.000084,
				"seconds":	1.0000729560852051,
				"bytes":	12492672,
				"bits_per_second":	99934085.20036523,
				"retransmits":	0,
				"omitted":	false,
				"sender":	true
			}
		}, {
			"streams":	[{
					"socket":	5,
					"start":	8.000084,
					"end":	9.000057,
					"seconds":	0.99997299909591675,
					"bytes":	12504704,
					"bits_per_second":	100040333.17944063,
					"retransmits":	0,
					"snd_cwnd":	76836,
					"rtt":	546,
					"rttvar":	142,
					"pmtu":	1400,
					"omitted":	false,
					"sender":	true
				}],
			"sum":	{
				"start":	8.000084,
				"end":	9.000057,
				"seconds":	0.99997299909591675,
				"bytes":	12504704,
				"bits_per_second":	100040333.17944063,
				"retransmits":	0,
				"omitted":	false,
				"sender":	true
			}
		}, {
			"streams":	[{
					"socket":	5,
					"start":	9.000057,
					"end":	10.000101,
					"seconds":	1.0000439882278442,
					"bytes":	12496576,
					"bits_per_second":	99968210.575576022,
					"retransmits":	0,
					"snd_cwnd":	76836,
					"rtt":	562,
					"rttvar":	116,
					"pmtu":	1400,
					"omitted":	false,
					"sender":	true
				}],
			"sum":	{
				"start":	9.000057,
				"end":	10.000101,
				"seconds":	1.0000439882278442,
				"bytes":	12496576,
				"bits_per_second":	99968210.575576022,
				"retransmits":	0,
				"omitted":	false,
				"sender":	true
			}
		}, {
			"streams":	[{
					"socket":	5,
					"start":	10.000101,
					"end":	11.000056,
					"seconds":	0.99995499849319458,
					"bytes":	12506368,
					"bits_per_second":	100055446.64586316,
					"retransmits":	0,
					"snd_cwnd":	76836,
					"rtt":	578,
					"rttvar":	236,
					"pmtu":	1400,
					"omitted":	false,
					"sender":	true
				}],
			"sum":	{
				"start":	10.000101,
				"end":	11.000056,
				"seconds":	0.99995499849319458,
				"bytes":	12506368,
				"bits_per_second":	100055446.64586316,
				"retransmits":	0,
				"omitted":	false,
				"sender":	true
			}
		}, {
			"streams":	[{
					"socket":	5,
					"start":	11.000056,
					"end":	12.00008,
					"seconds":	1.0000239610671997,
					"bytes":	12495104,
					"bits_per_second":	99958436.889176518,
					"retransmits":	0,
					"snd_cwnd":	76836,
					"rtt":	498,
					"rttvar":	126,
					"pmtu":	1400,
					"omitted":	false,
					"sender":	true
				}],
			"sum":	{
				"start":	11.000056,
				"end":	12.00008,
				"seconds":	1.0000239610671997,
				"bytes":	12495104,
				"bits_per_second":	99958436.889176518,
				"retransmits":	0,
				"omitted":	false,
				"sender":	true
			}
		}, {
			"streams":	[{
					"socket":	5,
					"start":	12.00008,
					"end":	13.000104,
					"seconds":	1.0000239610671997,
					"bytes":	12493696,
					"bits_per_second":	99947173.159067512,
					"retransmits":	0,
					"snd_cwnd":	76836,
					"rtt":	412,
					"rttvar":	84,
					"pmtu":	1400,
					"omitted":	false,