{
	"start":	{
		"connected":	[{
				"socket":	5,
				"local_host":	"10.60.0.1",
				"local_port":	37533,
				"remote_host":	"172.16.10.3",
				"remote_port":	5201
			}],
		"version":	"iperf 3.7",
		"system_info":	"Linux ueransim1 5.4.0-169-generic #187-Ubuntu SMP Thu Nov 23 14:52:28 UTC 2023 x86_64",
		"timestamp":	{
			"time":	"Sat, 21 Jun 2025 13:01:16 GMT",
			"timesecs":	1750510876
		},
		"connecting_to":	{
			"host":	"172.16.10.3",
			"port":	5201
		},
		"cookie":	"km4cdtydjjpxddc5djwlbih3pihayfmqzvve",
		"tcp_mss_default":	1348,
		"target_bitrate":	100000000,
		"sock_bufsize":	0,
		"sndbuf_actual":	16384,
		"rcvbuf_actual":	131072,
		"test_start":	{
			"protocol":	"TCP",
			"num_streams":	1,
			"blksize":	1518,
			"omit":	0,
			"duration":	30,
			"bytes":	0,
			"blocks":	0,
			"reverse":	0,
			"tos":	0
		}
	},
	"intervals":	[{
			"streams":	[{
					"socket":	5,
					"start":	0,
					"end":	1.000082,
					"seconds":	1.0000820159912109,
					"bytes":	12490104,
					"bits_per_second":	99912637.565995529,
					"retransmits":	0,
					"snd_cwnd":	28308,
					"rtt":	599,
					"rttvar":	33,
					"pmtu":	1400,
					"omitted":	false,
					"sender":	true
				}],
			"sum":	{
				"start":	0,
				"end":	1.000082,
				"seconds":	1.0000820159912109,
				"bytes":	12490104,
				"bits_per_second":	99912637.565995529,
				"retransmits":	0,
				"omitted":	false,
				"sender":	true
			}
		}, {
			"streams":	[{
					"socket":	5,
					"start":	1.000082,
					"end":	2.000105,
					"seconds":	1.0000230073928833,
					"bytes":	12499212,
					"bits_per_second":	99991395.458679736,
					"retransmits":	0,
					"snd_cwnd":	28308,
					"rtt":	567,
					"rttvar":	99,
					"pmtu":	1400,
					"omitted":	false,
					"sender":	true
				}],
			"sum":	{
				"start":	1.000082,
				"end":	2.000105,
				"seconds":	1.0000230073928833,
				"bytes":	12499212,
				"bits_per_second":	99991395.458679736,
				"retransmits":	0,
				"omitted":	false,
				"sender":	true
			}
		}, {
			"streams":	[{
					"socket":	5,
					"start":	2.000105,
					"end":	3.000082,
					"seconds":	0.9999769926071167,
					"bytes":	12500730,
					"bits_per_second":	100008140.92658983,
					"retransmits":	0,
					"snd_cwnd":	28308,
					"rtt":	606,
					"rttvar":	55,
					"pmtu":	1400,
					"omitted":	false,
					"sender":	true
				}],
			"sum":	{
				"start":	2.000105,
				"end":	3.000082,
				"seconds":	0.9999769926071167,
				"bytes":	12500730,
				"bits_per_second":	100008140.92658983,
				"retransmits":	0,
				"omitted":	false,
				"sender":	true
			}
		}, {
			"streams":	[{
					"socket":	5,
					"start":	3.000082,
					"end":	4.000058,
					"seconds":	0.99997597932815552,
					"bytes":	12500730,
					"bits_per_second":	100008242.26516919,
					"retransmits":	0,
					"snd_cwnd":	28308,
					"rtt":	600,
					"rttvar":	97,
					"pmtu":	1400,
					"omitted":	false,
					"sender":	true
				}],
			"sum":	{
				"start":	3.000082,
				"end":	4.000058,
				"seconds":	0.99997597932815552,
				"bytes":	12500730,
				"bits_per_second":	100008242.26516919,
				"retransmits":	0,
				"omitted":	false,
				"sender":	true
			}
		}, {
			"streams":	[{
					"socket":	5,
					"start":	4.000058,
					"end":	5.000058,
					"seconds":	1,
					"bytes":	12499212,
					"bits_per_second":	99993696,
					"retransmits":	0,
					"snd_cwnd":	28308,
					"rtt":	549,
					"rttvar":	68,
					"pmtu":	1400,
					"omitted":	false,
					"sender":	true
				}],
			"sum":	{
				"start":	4.000058,
				"end":	5.000058,
				"seconds":	1,
				"bytes":	12499212,
				"bits_per_second":	99993696,
				"retransmits":	0,
				"omitted":	false,
				"sender":	true
			}
		}, {
			"streams":	[{
					"socket":	5,
					"start":	5.000058,
					"end":	6.000057,
					"seconds":	0.99999898672103882,
					"bytes":	12499212,
					"bits_per_second":	99993797.321611077,
					"retransmits":	0,
					"snd_cwnd":	31004,
					"rtt":	554,
					"rttvar":	187,
					"pmtu":	1400,
					"omitted":	false,
					"sender":	true
				}],
			"sum":	{
				"start":	5.000058,
				"end":	6.000057,
				"seconds":	0.99999898672103882,
				"bytes":	12499212,
				"bits_per_second":	99993797.321611077,
				"retransmits":	0,
				"omitted":	false,
				"sender":	true
			}
		}, {
			"streams":	[{
					"socket":	5,
					"start":	6.000057,
					"end":	7.000058,
					"seconds":	1.0000009536743164,
					"bytes":	12500730,
					"bits_per_second":	100005744.62708986,
					"retransmits":	0,
					"snd_cwnd":	35048,
					"rtt":	528,
					"rttvar":	54,
					"pmtu":	1400,
					"omitted":	false,
					"sender":	true
				}],
			"sum":	{
				"start":	6.000057,
				"end":	7.000058,
				"seconds":	1.0000009536743164,
				"bytes":	12500730,
				"bits_per_second":	100005744.62708986,
				"retransmits":	0,
				"omitted":	false,
				"sender":	true
			}
		}, {
			"streams":	[{
					"socket":	5,
					"start":	7.000058,
					"end":	8.000066,
					"seconds":	1.0000079870224,
					"bytes":	12499212,
					"bits_per_second":	99992897.354489,
					"retransmits":	0,
					"snd_cwnd":	39092,
					"rtt":	564,
					"rttvar":	38,
					"pmtu":	1400,
					"omitted":	false,
					"sender":	true
				}],
			"sum":	{
				"start":	7.000058,
				"end":	8.000066,
				"seconds":	1.0000079870224,
				"bytes":	12499212,
				"bits_per_second":	99992897.354489,
				"retransmits":	0,
				"omitted":	false,
				"sender":	true
			}
		}, {
			"streams":	[{
					"socket":	5,
					"start":	8.000066,
					"end":	9.000057,
					"seconds":	0.99999099969863892,
					"bytes":	12500730,
					"bits_per_second":	100006740.09079896,
					"retransmits":	0,
					"snd_cwnd":	39092,
					"rtt":	597,
					"rttvar":	46,
					"pmtu":	1400,
					"omitted":	false,
					"sender":	true
				}],
			"sum":	{
				"start":	8.000066,
				"end":	9.000057,
				"seconds":	0.99999099969863892,
				"bytes":	12500730,
				"bits_per_second":	100006740.09079896,
				"retransmits":	0,
				"omitted":	false,
				"sender":	true
			}
		}, {
			"streams":	[{
					"socket":	5,
					"start":	9.000057,
					"end":	10.000058,
					"seconds":	1.0000009536743164,
					"bytes":	12500730,
					"bits_per_second":	100005744.62708986,
					"retransmits":	0,
					"snd_cwnd":	71444,
					"rtt":	671,
					"rttvar":	79,
					"pmtu":	1400,
					"omitted":	false,
					"sender":	true
				}],
			"sum":	{
				"start":	9.000057,
				"end":	10.000058,
				"seconds":	1.0000009536743164,
				"bytes":	12500730,
				"bits_per_second":	100005744.62708986,
				"retransmits":	0,
				"omitted":	false,
				"sender":	true
			}
		}, {
			"streams":	[{
					"socket":	5,
					"start":	10.000058,
					"end":	11.000059,
					"seconds":	1.0000009536743164,
					"bytes":	12499212,
					"bits_per_second":	99993600.638671264,
					"retransmits":	0,
					"snd_cwnd":	83576,
					"rtt":	737,
					"rttvar":	108,
					"pmtu":	1400,
					"omitted":	false,
					"sender":	true
				}],
			"sum":	{
				"start":	10.000058,
				"end":	11.000059,
				"seconds":	1.0000009536743164,
				"bytes":	12499212,
				"bits_per_second":	99993600.638671264,
				"retransmits":	0,
				"omitted":	false,
				"sender":	true
			}
		}, {
			"streams":	[{
					"socket":	5,
					"start":	11.000059,
					"end":	12.00008,
					"seconds":	1.0000209808349609,
					"bytes":	12499212,
					"bits_per_second":	99991598.09278293,
					"retransmits":	0,
					"snd_cwnd":	138844,
					"rtt":	839,
					"rttvar":	213,
					"pmtu":	1400,
					"omitted":	false,
					"sender":	true
				}],
			"sum":	{
				"start":	11.000059,
				"end":	12.00008,
				"seconds":	1.0000209808349609,
				"bytes":	12499212,
				"bits_per_second":	99991598.09278293,
				"retransmits":	0,
				"omitted":	false,
				"sender":	true
			}
		}, {
			"streams":	[{
					"socket":	5,
					"start":	12.00008,
					"end":	13.000058,
					"seconds":	0.99997800588607788,
					"bytes":	12500730,
					"bits_per_second":	100008039.58821583,
					"retransmits":	0,
					"snd_cwnd":	145584,
					"rtt":	569,
					"rttvar":	108,
					"pmtu":	1400,
					"omitted":	false,
					"sender":	true
				}],
			"sum":	{
				"start":	12.00008,