{
	"start":	{
		"connected":	[{
				"socket":	5,
				"local_host":	"10.60.0.1",
				"local_port":	55907,
				"remote_host":	"172.16.10.3",
				"remote_port":	5201
			}],
		"version":	"iperf 3.7",
		"system_info":	"Linux ueransim1 5.4.0-169-generic #187-Ubuntu SMP Thu Nov 23 14:52:28 UTC 2023 x86_64",
		"timestamp":	{
			"time":	"Sat, 21 Jun 2025 13:11:57 GMT",
			"timesecs":	1750511517
		},
		"connecting_to":	{
			"host":	"172.16.10.3",
			"port":	5201
		},
		"cookie":	"wx47xbsh3gwb5c7dmazy4ndni2onc3pdltba",
		"tcp_mss_default":	1348,
		"target_bitrate":	1000000000,
		"sock_bufsize":	0,
		"sndbuf_actual":	16384,
		"rcvbuf_actual":	131072,
		"test_start":	{
			"protocol":	"TCP",
			"num_streams":	1,
			"blksize":	128,
			"omit":	0,
			"duration":	30,
			"bytes":	0,
			"blocks":	0,
			"reverse":	0,
			"tos":	0
		}
	},
	"intervals":	[{
			"streams":	[{
					"socket":	5,
					"start":	0,
					"end":	1.000009,
					"seconds":	1.0000089406967163,
					"bytes":	39611392,
					"bits_per_second":	316888302.79779172,
					"retransmits":	0,
					"snd_cwnd":	56616,
					"rtt":	428,
					"rttvar":	76,
					"pmtu":	1400,
					"omitted":	false,
					"sender":	true
				}],
			"sum":	{
				"start":	0,
				"end":	1.000009,
				"seconds":	1.0000089406967163,
				"bytes":	39611392,
				"bits_per_second":	316888302.79779172,
				"retransmits":	0,
				"omitted":	false,
				"sender":	true
			}
		}, {
			"streams":	[{
					"socket":	5,
					"start":	1.000009,
					"end":	2.000037,
					"seconds":	1.0000280141830444,
					"bytes":	39801728,
					"bits_per_second":	318404904.146733,
					"retransmits":	0,
					"snd_cwnd":	56616,
					"rtt":	402,
					"rttvar":	53,
					"pmtu":	1400,
					"omitted":	false,
					"sender":	true
				}],
			"sum":	{
				"start":	1.000009,
				"end":	2.000037,
				"seconds":	1.0000280141830444,
				"bytes":	39801728,
				"bits_per_second":	318404904.146733,
				"retransmits":	0,
				"omitted":	false,
				"sender":	true
			}
		}, {
			"streams":	[{
					"socket":	5,
					"start":	2.000037,
					"end":	3.000004,
					"seconds":	0.99996697902679443,
					"bytes":	39846528,
					"bits_per_second":	318782750.51666319,
					"retransmits":	0,
					"snd_cwnd":	68748,
					"rtt":	464,
					"rttvar":	72,
					"pmtu":	1400,
					"omitted":	false,
					"sender":	true
				}],
			"sum":	{
				"start":	2.000037,
				"end":	3.000004,
				"seconds":	0.99996697902679443,
				"bytes":	39846528,
				"bits_per_second":	318782750.51666319,
				"retransmits":	0,
				"omitted":	false,
				"sender":	true
			}
		}, {
			"streams":	[{
					"socket":	5,
					"start":	3.000004,
					"end":	4.000003,
					"seconds":	0.99999898672103882,
					"bytes":	39844736,
					"bits_per_second":	318758210.99098891,
					"retransmits":	0,
					"snd_cwnd":	68748,
					"rtt":	348,
					"rttvar":	42,
					"pmtu":	1400,
					"omitted":	false,
					"sender":	true
				}],
			"sum":	{
				"start":	3.000004,
				"end":	4.000003,
				"seconds":	0.99999898672103882,
				"bytes":	39844736,
				"bits_per_second":	318758210.99098891,
				"retransmits":	0,
				"omitted":	false,
				"sender":	true
			}
		}, {
			"streams":	[{
					"socket":	5,
					"start":	4.000003,
					"end":	5.000023,
					"seconds":	1.0000200271606445,
					"bytes":	39725952,
					"bits_per_second":	317801251.34328634,
					"retransmits":	0,
					"snd_cwnd":	68748,
					"rtt":	380,
					"rttvar":	49,
					"pmtu":	1400,
					"omitted":	false,
					"sender":	true
				}],
			"sum":	{
				"start":	4.000003,
				"end":	5.000023,
				"seconds":	1.0000200271606445,
				"bytes":	39725952,
				"bits_per_second":	317801251.34328634,
				"retransmits":	0,
				"omitted":	false,
				"sender":	true
			}
		}, {
			"streams":	[{
					"socket":	5,
					"start":	5.000023,
					"end":	6.000002,
					"seconds":	0.99997901916503906,
					"bytes":	39732096,
					"bits_per_second":	317863437.04031265,
					"retransmits":	0,
					"snd_cwnd":	68748,
					"rtt":	459,
					"rttvar":	65,
					"pmtu":	1400,
					"omitted":	false,
					"sender":	true
				}],
			"sum":	{
				"start":	5.000023,
				"end":	6.000002,
				"seconds":	0.99997901916503906,
				"bytes":	39732096,
				"bits_per_second":	317863437.04031265,
				"retransmits":	0,
				"omitted":	false,
				"sender":	true
			}
		}, {
			"streams":	[{
					"socket":	5,
					"start":	6.000002,
					"end":	7.000003,
					"seconds":	1.0000009536743164,
					"bytes":	39876352,
					"bits_per_second":	319010511.76786828,
					"retransmits":	0,
					"snd_cwnd":	68748,
					"rtt":	336,
					"rttvar":	52,
					"pmtu":	1400,
					"omitted":	false,
					"sender":	true
				}],
			"sum":	{
				"start":	6.000002,
				"end":	7.000003,
				"seconds":	1.0000009536743164,
				"bytes":	39876352,
				"bits_per_second":	319010511.76786828,
				"retransmits":	0,
				"omitted":	false,
				"sender":	true
			}
		}, {
			"streams":	[{
					"socket":	5,
					"start":	7.000003,
					"end":	8.000006,
					"seconds":	1.0000029802322388,
					"bytes":	39871872,
					"bits_per_second":	318974025.38332623,
					"retransmits":	0,
					"snd_cwnd":	68748,
					"rtt":	385,
					"rttvar":	71,
					"pmtu":	1400,
					"omitted":	false,
					"sender":	true
				}],
			"sum":	{
				"start":	7.000003,
				"end":	8.000006,
				"seconds":	1.0000029802322388,
				"bytes":	39871872,
				"bits_per_second":	318974025.38332623,
				"retransmits":	0,
				"omitted":	false,
				"sender":	true
			}
		}, {
			"streams":	[{
					"socket":	5,
					"start":	8.000006,
					"end":	9.000002,
					"seconds":	0.9999960064888,
					"bytes":	40036224,
					"bits_per_second":	320291071.08597964,
					"retransmits":	0,
					"snd_cwnd":	68748,
					"rtt":	357,
					"rttvar":	45,
					"pmtu":	1400,
					"omitted":	false,
					"sender":	true
				}],
			"sum":	{
				"start":	8.000006,
				"end":	9.000002,
				"seconds":	0.9999960064888,
				"bytes":	40036224,
				"bits_per_second":	320291071.08597964,
				"retransmits":	0,
				"omitted":	false,
				"sender":	true
			}
		}, {
			"streams":	[{
					"socket":	5,
					"start":	9.000002,
					"end":	10.000003,
					"seconds":	1.0000009536743164,
					"bytes":	40043520,
					"bits_per_second":	320347854.49247885,
					"retransmits":	0,
					"snd_cwnd":	68748,
					"rtt":	391,
					"rttvar":	42,
					"pmtu":	1400,
					"omitted":	false,
					"sender":	true
				}],
			"sum":	{
				"start":	9.000002,
				"end":	10.000003,
				"seconds":	1.0000009536743164,
				"bytes":	40043520,
				"bits_per_second":	320347854.49247885,
				"retransmits":	0,
				"omitted":	false,
				"sender":	true
			}
		}, {
			"streams":	[{
					"socket":	5,
					"start":	10.000003,
					"end":	11.000042,
					"seconds":	1.0000389814376831,
					"bytes":	40041088,
					"bits_per_second":	320316217.61332422,
					"retransmits":	0,
					"snd_cwnd":	68748,
					"rtt":	395,
					"rttvar":	69,
					"pmtu":	1400,
					"omitted":	false,
					"sender":	true
				}],
			"sum":	{
				"start":	10.000003,
				"end":	11.000042,
				"seconds":	1.0000389814376831,
				"bytes":	40041088,
				"bits_per_second":	320316217.61332422,
				"retransmits":	0,
				"omitted":	false,
				"sender":	true
			}
		}, {
			"streams":	[{
					"socket":	5,
					"start":	11.000042,
					"end":	12.000003,
					"seconds":	0.99996101856231689,
					"bytes":	40027520,
					"bits_per_second":	320232643.12882221,
					"retransmits":	0,
					"snd_cwnd":	68748,
					"rtt":	367,
					"rttvar":	34,
					"pmtu":	1400,
					"omitted":	false,
					"sender":	true
				}],
			"sum":	{
				"start":	11.000042,
				"end":	12.000003,
				"seconds":	0.99996101856231689,
				"bytes":	40027520,
				"bits_per_second":	320232643.12882221,
				"retransmits":	0,
				"omitted":	false,
				"sender":	true
			}
		}, {
			"streams":	[{
					"socket":	5,
					"start":	12.000003,
					"end":	13.000003,
					"seconds":	1,
					"bytes":	39976448,
					"bits_per_second":	319811584,
					"retransmits":	0,
					"snd_cwnd":	68748,
					"rtt":	382,
					"rttvar":	47,
					"pmtu":	1400,
					"omitted":	false,
					"sender":	true
				}],