{
	"start":	{
		"connected":	[{
				"socket":	5,
				"local_host":	"10.60.0.1",
				"local_port":	37867,
				"remote_host":	"172.16.10.3",
				"remote_port":	5201
			}],
		"version":	"iperf 3.7",
		"system_info":	"Linux ueransim1 5.4.0-169-generic #187-Ubuntu SMP Thu Nov 23 14:52:28 UTC 2023 x86_64",
		"timestamp":	{
			"time":	"Sat, 21 Jun 2025 13:13:01 GMT",
			"timesecs":	1750511581
		},
		"connecting_to":	{
			"host":	"172.16.10.3",
			"port":	5201
		},
		"cookie":	"c7uemrjtq3t5ugvw3rknyo3bnxkqjnhacwmo",
		"tcp_mss_default":	1348,
		"target_bitrate":	1000000000,
		"sock_bufsize":	0,
		"sndbuf_actual":	16384,
		"rcvbuf_actual":	131072,
		"test_start":	{
			"protocol":	"TCP",
			"num_streams":	1,
			"blksize":	512,
			"omit":	0,
			"duration":	30,
			"bytes":	0,
			"blocks":	0,
			"reverse":	0,
			"tos":	0
		}
	},
	"intervals":	[{
			"streams":	[{
					"socket":	5,
					"start":	0,
					"end":	1.000004,
					"seconds":	1.0000040531158447,
					"bytes":	94444032,
					"bits_per_second":	755549193.67159164,
					"retransmits":	0,
					"snd_cwnd":	378788,
					"rtt":	384,
					"rttvar":	67,
					"pmtu":	1400,
					"omitted":	false,
					"sender":	true
				}],
			"sum":	{
				"start":	0,
				"end":	1.000004,
				"seconds":	1.0000040531158447,
				"bytes":	94444032,
				"bits_per_second":	755549193.67159164,
				"retransmits":	0,
				"omitted":	false,
				"sender":	true
			}
		}, {
			"streams":	[{
					"socket":	5,
					"start":	1.000004,
					"end":	2.000003,
					"seconds":	0.99999898672103882,
					"bytes":	98561024,
					"bits_per_second":	788488990.95930564,
					"retransmits":	0,
					"snd_cwnd":	378788,
					"rtt":	381,
					"rttvar":	43,
					"pmtu":	1400,
					"omitted":	false,
					"sender":	true
				}],
			"sum":	{
				"start":	1.000004,
				"end":	2.000003,
				"seconds":	0.99999898672103882,
				"bytes":	98561024,
				"bits_per_second":	788488990.95930564,
				"retransmits":	0,
				"omitted":	false,
				"sender":	true
			}
		}, {
			"streams":	[{
					"socket":	5,
					"start":	2.000003,
					"end":	3.000005,
					"seconds":	1.0000020265579224,
					"bytes":	110879744,
					"bits_per_second":	887036154.369854,
					"retransmits":	2,
					"snd_cwnd":	700960,
					"rtt":	5714,
					"rttvar":	137,
					"pmtu":	1400,
					"omitted":	false,
					"sender":	true
				}],
			"sum":	{
				"start":	2.000003,
				"end":	3.000005,
				"seconds":	1.0000020265579224,
				"bytes":	110879744,
				"bits_per_second":	887036154.369854,
				"retransmits":	2,
				"omitted":	false,
				"sender":	true
			}
		}, {
			"streams":	[{
					"socket":	5,
					"start":	3.000005,
					"end":	4.00001,
					"seconds":	1.0000050067901611,
					"bytes":	101588992,
					"bits_per_second":	812707866.94224787,
					"retransmits":	0,
					"snd_cwnd":	715788,
					"rtt":	1432,
					"rttvar":	55,
					"pmtu":	1400,
					"omitted":	false,
					"sender":	true
				}],
			"sum":	{
				"start":	3.000005,
				"end":	4.00001,
				"seconds":	1.0000050067901611,
				"bytes":	101588992,
				"bits_per_second":	812707866.94224787,
				"retransmits":	0,
				"omitted":	false,
				"sender":	true
			}
		}, {
			"streams":	[{
					"socket":	5,
					"start":	4.00001,
					"end":	5.000053,
					"seconds":	1.0000430345535278,
					"bytes":	101725184,
					"bits_per_second":	813766451.92406547,
					"retransmits":	0,
					"snd_cwnd":	715788,
					"rtt":	1449,
					"rttvar":	224,
					"pmtu":	1400,
					"omitted":	false,
					"sender":	true
				}],
			"sum":	{
				"start":	4.00001,
				"end":	5.000053,
				"seconds":	1.0000430345535278,
				"bytes":	101725184,
				"bits_per_second":	813766451.92406547,
				"retransmits":	0,
				"omitted":	false,
				"sender":	true
			}
		}, {
			"streams":	[{
					"socket":	5,
					"start":	5.000053,
					"end":	6.000004,
					"seconds":	0.99995100498199463,
					"bytes":	101823488,
					"bits_per_second":	814627816.70454717,
					"retransmits":	0,
					"snd_cwnd":	715788,
					"rtt":	1426,
					"rttvar":	161,
					"pmtu":	1400,
					"omitted":	false,
					"sender":	true
				}],
			"sum":	{
				"start":	5.000053,
				"end":	6.000004,
				"seconds":	0.99995100498199463,
				"bytes":	101823488,
				"bits_per_second":	814627816.70454717,
				"retransmits":	0,
				"omitted":	false,
				"sender":	true
			}
		}, {
			"streams":	[{
					"socket":	5,
					"start":	6.000004,
					"end":	7.000004,
					"seconds":	1,
					"bytes":	101654016,
					"bits_per_second":	813232128,
					"retransmits":	0,
					"snd_cwnd":	715788,
					"rtt":	937,
					"rttvar":	189,
					"pmtu":	1400,
					"omitted":	false,
					"sender":	true
				}],
			"sum":	{
				"start":	6.000004,
				"end":	7.000004,
				"seconds":	1,
				"bytes":	101654016,
				"bits_per_second":	813232128,
				"retransmits":	0,
				"omitted":	false,
				"sender":	true
			}
		}, {
			"streams":	[{
					"socket":	5,
					"start":	7.000004,
					"end":	8.000046,
					"seconds":	1.0000419616699219,
					"bytes":	101547008,
					"bits_per_second":	812341976.774107,
					"retransmits":	0,
					"snd_cwnd":	715788,
					"rtt":	795,
					"rttvar":	150,
					"pmtu":	1400,
					"omitted":	false,
					"sender":	true
				}],
			"sum":	{
				"start":	7.000004,
				"end":	8.000046,
				"seconds":	1.0000419616699219,
				"bytes":	101547008,
				"bits_per_second":	812341976.774107,
				"retransmits":	0,
				"omitted":	false,
				"sender":	true
			}
		}, {
			"streams":	[{
					"socket":	5,
					"start":	8.000046,
					"end":	9.000004,
					"seconds":	0.99995797872543335,
					"bytes":	101658624,
					"bits_per_second":	813303168.03573,
					"retransmits":	0,
					"snd_cwnd":	715788,
					"rtt":	1124,
					"rttvar":	79,
					"pmtu":	1400,
					"omitted":	false,
					"sender":	true
				}],
			"sum":	{
				"start":	8.000046,
				"end":	9.000004,
				"seconds":	0.99995797872543335,
				"bytes":	101658624,
				"bits_per_second":	813303168.03573,
				"retransmits":	0,
				"omitted":	false,
				"sender":	true
			}
		}, {
			"streams":	[{
					"socket":	5,
					"start":	9.000004,
					"end":	10.000005,
					"seconds":	1.0000009536743164,
					"bytes":	101779968,
					"bits_per_second":	814238967.48120928,
					"retransmits":	0,
					"snd_cwnd":	715788,
					"rtt":	1640,
					"rttvar":	83,
					"pmtu":	1400,
					"omitted":	false,
					"sender":	true
				}],
			"sum":	{
				"start":	9.000004,
				"end":	10.000005,
				"seconds":	1.0000009536743164,
				"bytes":	101779968,
				"bits_per_second":	814238967.48120928,
				"retransmits":	0,
				"omitted":	false,
				"sender":	true
			}
		}, {
			"streams":	[{
					"socket":	5,
					"start":	10.000005,
					"end":	11.000057,
					"seconds":	1.0000519752502441,
					"bytes":	101686784,
					"bits_per_second":	813451992.62912154,
					"retransmits":	0,
					"snd_cwnd":	715788,
					"rtt":	844,
					"rttvar":	230,
					"pmtu":	1400,
					"omitted":	false,
					"sender":	true
				}],
			"sum":	{
				"start":	10.000005,
				"end":	11.000057,
				"seconds":	1.0000519752502441,
				"bytes":	101686784,
				"bits_per_second":	813451992.62912154,
				"retransmits":	0,
				"omitted":	false,
				"sender":	true
			}
		}, {
			"streams":	[{
					"socket":	5,
					"start":	11.000057,
					"end":	12.000003,
					"seconds":	0.9999459981918335,
					"bytes":	101581312,
					"bits_per_second":	812694382.966167,
					"retransmits":	0,
					"snd_cwnd":	715788,
					"rtt":	1798,
					"rttvar":	22,
					"pmtu":	1400,
					"omitted":	false,
					"sender":	true
				}],
			"sum":	{
				"start":	11.000057,
				"end":	12.000003,
				"seconds":	0.9999459981918335,
				"bytes":	101581312,
				"bits_per_second":	812694382.966167,
				"retransmits":	0,
				"omitted":	false,
				"sender":	true
			}
		}, {
			"streams":	[{
					"socket":	5,
					"start":	12.000003,
					"end":	13.000005,
					"seconds":	1.0000020265579224,
					"bytes":	101710848,
					"bits_per_second":	813685135.01994336,
					"retransmits":	0,
					"snd_cwnd":	715788,
					"rtt":	2139,
					"rttvar":	185,
					"pmtu":	1400,
					"omitted":	false,