{
	"start":	{
		"connected":	[{
				"socket":	5,
				"local_host":	"10.60.0.1",
				"local_port":	43567,
				"remote_host":	"172.16.10.3",
				"remote_port":	5201
			}],
		"version":	"iperf 3.7",
		"system_info":	"Linux ueransim1 5.4.0-169-generic #187-Ubuntu SMP Thu Nov 23 14:52:28 UTC 2023 x86_64",
		"timestamp":	{
			"time":	"Sat, 21 Jun 2025 13:15:09 GMT",
			"timesecs":	1750511709
		},
		"connecting_to":	{
			"host":	"172.16.10.3",
			"port":	5201
		},
		"cookie":	"5dhrcngvz44ip3loohvmt3ijtc6gvxvd5fxx",
		"tcp_mss_default":	1348,
		"target_bitrate":	1000000000,
		"sock_bufsize":	0,
		"sndbuf_actual":	16384,
		"rcvbuf_actual":	131072,
		"test_start":	{
			"protocol":	"TCP",
			"num_streams":	1,
			"blksize":	1518,
			"omit":	0,
			"duration":	30,
			"bytes":	0,
			"blocks":	0,
			"reverse":	0,
			"tos":	0
		}
	},
	"intervals":	[{
			"streams":	[{
					"socket":	5,
					"start":	0,
					"end":	1.000002,
					"seconds":	1.0000020265579224,
					"bytes":	113535774,
					"bits_per_second":	908284351.30915213,
					"retransmits":	2,
					"snd_cwnd":	744096,
					"rtt":	6229,
					"rttvar":	137,
					"pmtu":	1400,
					"omitted":	false,
					"sender":	true
				}],
			"sum":	{
				"start":	0,
				"end":	1.000002,
				"seconds":	1.0000020265579224,
				"bytes":	113535774,
				"bits_per_second":	908284351.30915213,
				"retransmits":	2,
				"omitted":	false,
				"sender":	true
			}
		}, {
			"streams":	[{
					"socket":	5,
					"start":	1.000002,
					"end":	2.000018,
					"seconds":	1.0000159740447998,
					"bytes":	117180492,
					"bits_per_second":	937428961.46777284,
					"retransmits":	1,
					"snd_cwnd":	601208,
					"rtt":	4898,
					"rttvar":	138,
					"pmtu":	1400,
					"omitted":	false,
					"sender":	true
				}],
			"sum":	{
				"start":	1.000002,
				"end":	2.000018,
				"seconds":	1.0000159740447998,
				"bytes":	117180492,
				"bits_per_second":	937428961.46777284,
				"retransmits":	1,
				"omitted":	false,
				"sender":	true
			}
		}, {
			"streams":	[{
					"socket":	5,
					"start":	2.000018,
					"end":	3.000056,
					"seconds":	1.0000380277633667,
					"bytes":	117175938,
					"bits_per_second":	937371857.84480333,
					"retransmits":	0,
					"snd_cwnd":	730616,
					"rtt":	6069,
					"rttvar":	103,
					"pmtu":	1400,
					"omitted":	false,
					"sender":	true
				}],
			"sum":	{
				"start":	2.000018,
				"end":	3.000056,
				"seconds":	1.0000380277633667,
				"bytes":	117175938,
				"bits_per_second":	937371857.84480333,
				"retransmits":	0,
				"omitted":	false,
				"sender":	true
			}
		}, {
			"streams":	[{
					"socket":	5,
					"start":	3.000056,
					"end":	4.000002,
					"seconds":	0.9999459981918335,
					"bytes":	117156204,
					"bits_per_second":	937300247.90818191,
					"retransmits":	0,
					"snd_cwnd":	837108,
					"rtt":	6942,
					"rttvar":	101,
					"pmtu":	1400,
					"omitted":	false,
					"sender":	true
				}],
			"sum":	{
				"start":	3.000056,
				"end":	4.000002,
				"seconds":	0.9999459981918335,
				"bytes":	117156204,
				"bits_per_second":	937300247.90818191,
				"retransmits":	0,
				"omitted":	false,
				"sender":	true
			}
		}, {
			"streams":	[{
					"socket":	5,
					"start":	4.000002,
					"end":	5.00004,
					"seconds":	1.0000380277633667,
					"bytes":	117177456,
					"bits_per_second":	937384001.3830117,
					"retransmits":	1,
					"snd_cwnd":	702308,
					"rtt":	5561,
					"rttvar":	87,
					"pmtu":	1400,
					"omitted":	false,
					"sender":	true
				}],
			"sum":	{
				"start":	4.000002,
				"end":	5.00004,
				"seconds":	1.0000380277633667,
				"bytes":	117177456,
				"bits_per_second":	937384001.3830117,
				"retransmits":	1,
				"omitted":	false,
				"sender":	true
			}
		}, {
			"streams":	[{
					"socket":	5,
					"start":	5.00004,
					"end":	6.000002,
					"seconds":	0.9999619722366333,
					"bytes":	117178974,
					"bits_per_second":	937467441.79004037,
					"retransmits":	0,
					"snd_cwnd":	815540,
					"rtt":	6666,
					"rttvar":	72,
					"pmtu":	1400,
					"omitted":	false,
					"sender":	true
				}],
			"sum":	{
				"start":	5.00004,
				"end":	6.000002,
				"seconds":	0.9999619722366333,
				"bytes":	117178974,
				"bits_per_second":	937467441.79004037,
				"retransmits":	0,
				"omitted":	false,
				"sender":	true
			}
		}, {
			"streams":	[{
					"socket":	5,
					"start":	6.000002,
					"end":	7.000013,
					"seconds":	1.0000109672546387,
					"bytes":	117078786,
					"bits_per_second":	936620015.84978652,
					"retransmits":	1,
					"snd_cwnd":	665912,
					"rtt":	5390,
					"rttvar":	137,
					"pmtu":	1400,
					"omitted":	false,
					"sender":	true
				}],
			"sum":	{
				"start":	6.000002,
				"end":	7.000013,
				"seconds":	1.0000109672546387,
				"bytes":	117078786,
				"bits_per_second":	936620015.84978652,
				"retransmits":	1,
				"omitted":	false,
				"sender":	true
			}
		}, {
			"streams":	[{
					"socket":	5,
					"start":	7.000013,
					"end":	8.00002,
					"seconds":	1.0000070333480835,
					"bytes":	116996814,
					"bits_per_second":	935967929.01176023,
					"retransmits":	0,
					"snd_cwnd":	783188,
					"rtt":	6463,
					"rttvar":	135,
					"pmtu":	1400,
					"omitted":	false,
					"sender":	true
				}],
			"sum":	{
				"start":	7.000013,
				"end":	8.00002,
				"seconds":	1.0000070333480835,
				"bytes":	116996814,
				"bits_per_second":	935967929.01176023,
				"retransmits":	0,
				"omitted":	false,
				"sender":	true
			}
		}, {
			"streams":	[{
					"socket":	5,
					"start":	8.00002,
					"end":	9.000027,
					"seconds":	1.0000070333480835,
					"bytes":	117172902,
					"bits_per_second":	937376623.10392439,
					"retransmits":	1,
					"snd_cwnd":	655128,
					"rtt":	5300,
					"rttvar":	90,
					"pmtu":	1400,
					"omitted":	false,
					"sender":	true
				}],
			"sum":	{
				"start":	8.00002,
				"end":	9.000027,
				"seconds":	1.0000070333480835,
				"bytes":	117172902,
				"bits_per_second":	937376623.10392439,
				"retransmits":	1,
				"omitted":	false,
				"sender":	true
			}
		}, {
			"streams":	[{
					"socket":	5,
					"start":	9.000027,
					"end":	10.000024,
					"seconds":	0.99999701976776123,
					"bytes":	117175938,
					"bits_per_second":	937410297.70039022,
					"retransmits":	0,
					"snd_cwnd":	773752,
					"rtt":	6499,
					"rttvar":	111,
					"pmtu":	1400,
					"omitted":	false,
					"sender":	true
				}],
			"sum":	{
				"start":	9.000027,
				"end":	10.000024,
				"seconds":	0.99999701976776123,
				"bytes":	117175938,
				"bits_per_second":	937410297.70039022,
				"retransmits":	0,
				"omitted":	false,
				"sender":	true
			}
		}, {
			"streams":	[{
					"socket":	5,
					"start":	10.000024,
					"end":	11.000036,
					"seconds":	1.0000120401382446,
					"bytes":	117157722,
					"bits_per_second":	937250491.374514,
					"retransmits":	1,
					"snd_cwnd":	628168,
					"rtt":	5082,
					"rttvar":	150,
					"pmtu":	1400,
					"omitted":	false,
					"sender":	true
				}],
			"sum":	{
				"start":	10.000024,
				"end":	11.000036,
				"seconds":	1.0000120401382446,
				"bytes":	117157722,
				"bits_per_second":	937250491.374514,
				"retransmits":	1,
				"omitted":	false,
				"sender":	true
			}
		}, {
			"streams":	[{
					"socket":	5,
					"start":	11.000036,
					"end":	12.000038,
					"seconds":	1.0000020265579224,
					"bytes":	117178974,
					"bits_per_second":	937429892.24402523,
					"retransmits":	0,
					"snd_cwnd":	749488,
					"rtt":	6151,
					"rttvar":	111,
					"pmtu":	1400,
					"omitted":	false,
					"sender":	true
				}],
			"sum":	{
				"start":	11.000036,
				"end":	12.000038,
				"seconds":	1.0000020265579224,
				"bytes":	117178974,
				"bits_per_second":	937429892.24402523,
				"retransmits":	0,
				"omitted":	false,
				"sender":	true
			}
		}, {
			"streams":	[{
					"socket":	5,
					"start":	12.000038,
					"end":	13.000007,
					"seconds":	0.9999690055847168,
					"bytes":	117113700,
					"bits_per_second":	936938639.86529887,
					"retransmits":	0,
					"snd_cwnd":	853284,
					"rtt":	7058,
					"rttvar":	62,