{
	"start":	{
		"connected":	[{
				"socket":	5,
				"local_host":	"10.60.0.1",
				"local_port":	45665,
				"remote_host":	"172.16.10.3",
				"remote_port":	5201
			}],
		"version":	"iperf 3.7",
		"system_info":	"Linux ueransim1 5.4.0-169-generic #187-Ubuntu SMP Thu Nov 23 14:52:28 UTC 2023 x86_64",
		"timestamp":	{
			"time":	"Sat, 21 Jun 2025 13:06:36 GMT",
			"timesecs":	1750511196
		},
		"connecting_to":	{
			"host":	"172.16.10.3",
			"port":	5201
		},
		"cookie":	"5jrqc6cqhpnblqs6hnulok6djy6pzis6s54e",
		"tcp_mss_default":	1348,
		"target_bitrate":	500000000,
		"sock_bufsize":	0,
		"sndbuf_actual":	16384,
		"rcvbuf_actual":	131072,
		"test_start":	{
			"protocol":	"TCP",
			"num_streams":	1,
			"blksize":	512,
			"omit":	0,
			"duration":	30,
			"bytes":	0,
			"blocks":	0,
			"reverse":	0,
			"tos":	0
		}
	},
	"intervals":	[{
			"streams":	[{
					"socket":	5,
					"start":	0,
					"end":	1.000058,
					"seconds":	1.0000580549240112,
					"bytes":	62442496,
					"bits_per_second":	499510968.92865604,
					"retransmits":	0,
					"snd_cwnd":	130756,
					"rtt":	322,
					"rttvar":	45,
					"pmtu":	1400,
					"omitted":	false,
					"sender":	true
				}],
			"sum":	{
				"start":	0,
				"end":	1.000058,
				"seconds":	1.0000580549240112,
				"bytes":	62442496,
				"bits_per_second":	499510968.92865604,
				"retransmits":	0,
				"omitted":	false,
				"sender":	true
			}
		}, {
			"streams":	[{
					"socket":	5,
					"start":	1.000058,
					"end":	2.000087,
					"seconds":	1.0000289678573608,
					"bytes":	62538752,
					"bits_per_second":	500295523.51063669,
					"retransmits":	0,
					"snd_cwnd":	130756,
					"rtt":	396,
					"rttvar":	34,
					"pmtu":	1400,
					"omitted":	false,
					"sender":	true
				}],
			"sum":	{
				"start":	1.000058,
				"end":	2.000087,
				"seconds":	1.0000289678573608,
				"bytes":	62538752,
				"bits_per_second":	500295523.51063669,
				"retransmits":	0,
				"omitted":	false,
				"sender":	true
			}
		}, {
			"streams":	[{
					"socket":	5,
					"start":	2.000087,
					"end":	3.00008,
					"seconds":	0.99999302625656128,
					"bytes":	62497280,
					"bits_per_second":	499981726.74428636,
					"retransmits":	0,
					"snd_cwnd":	130756,
					"rtt":	425,
					"rttvar":	30,
					"pmtu":	1400,
					"omitted":	false,
					"sender":	true
				}],
			"sum":	{
				"start":	2.000087,
				"end":	3.00008,
				"seconds":	0.99999302625656128,
				"bytes":	62497280,
				"bits_per_second":	499981726.74428636,
				"retransmits":	0,
				"omitted":	false,
				"sender":	true
			}
		}, {
			"streams":	[{
					"socket":	5,
					"start":	3.00008,
					"end":	4.000081,
					"seconds":	1.0000009536743164,
					"bytes":	62501376,
					"bits_per_second":	500010531.15279853,
					"retransmits":	0,
					"snd_cwnd":	130756,
					"rtt":	340,
					"rttvar":	20,
					"pmtu":	1400,
					"omitted":	false,
					"sender":	true
				}],
			"sum":	{
				"start":	3.00008,
				"end":	4.000081,
				"seconds":	1.0000009536743164,
				"bytes":	62501376,
				"bits_per_second":	500010531.15279853,
				"retransmits":	0,
				"omitted":	false,
				"sender":	true
			}
		}, {
			"streams":	[{
					"socket":	5,
					"start":	4.000081,
					"end":	5.000059,
					"seconds":	0.99997800588607788,
					"bytes":	62510080,
					"bits_per_second":	500091639.07248127,
					"retransmits":	0,
					"snd_cwnd":	130756,
					"rtt":	789,
					"rttvar":	104,
					"pmtu":	1400,
					"omitted":	false,
					"sender":	true
				}],
			"sum":	{
				"start":	4.000081,
				"end":	5.000059,
				"seconds":	0.99997800588607788,
				"bytes":	62510080,
				"bits_per_second":	500091639.07248127,
				"retransmits":	0,
				"omitted":	false,
				"sender":	true
			}
		}, {
			"streams":	[{
					"socket":	5,
					"start":	5.000059,
					"end":	6.000082,
					"seconds":	1.0000230073928833,
					"bytes":	62489088,
					"bits_per_second":	499901202.57662946,
					"retransmits":	0,
					"snd_cwnd":	130756,
					"rtt":	489,
					"rttvar":	64,
					"pmtu":	1400,
					"omitted":	false,
					"sender":	true
				}],
			"sum":	{
				"start":	5.000059,
				"end":	6.000082,
				"seconds":	1.0000230073928833,
				"bytes":	62489088,
				"bits_per_second":	499901202.57662946,
				"retransmits":	0,
				"omitted":	false,
				"sender":	true
			}
		}, {
			"streams":	[{
					"socket":	5,
					"start":	6.000082,
					"end":	7.000089,
					"seconds":	1.0000070333480835,
					"bytes":	62491648,
					"bits_per_second":	499929667.82062894,
					"retransmits":	0,
					"snd_cwnd":	130756,
					"rtt":	366,
					"rttvar":	16,
					"pmtu":	1400,
					"omitted":	false,
					"sender":	true
				}],
			"sum":	{
				"start":	6.000082,
				"end":	7.000089,
				"seconds":	1.0000070333480835,
				"bytes":	62491648,
				"bits_per_second":	499929667.82062894,
				"retransmits":	0,
				"omitted":	false,
				"sender":	true
			}
		}, {
			"streams":	[{
					"socket":	5,
					"start":	7.000089,
					"end":	8.000058,
					"seconds":	0.9999690055847168,
					"bytes":	62518784,
					"bits_per_second":	500165774.34572053,
					"retransmits":	0,
					"snd_cwnd":	130756,
					"rtt":	728,
					"rttvar":	94,
					"pmtu":	1400,
					"omitted":	false,
					"sender":	true
				}],
			"sum":	{
				"start":	7.000089,
				"end":	8.000058,
				"seconds":	0.9999690055847168,
				"bytes":	62518784,
				"bits_per_second":	500165774.34572053,
				"retransmits":	0,
				"omitted":	false,
				"sender":	true
			}
		}, {
			"streams":	[{
					"socket":	5,
					"start":	8.000058,
					"end":	9.000095,
					"seconds":	1.0000369548797607,
					"bytes":	62493184,
					"bits_per_second":	499926997.25792718,
					"retransmits":	0,
					"snd_cwnd":	130756,
					"rtt":	418,
					"rttvar":	30,
					"pmtu":	1400,
					"omitted":	false,
					"sender":	true
				}],
			"sum":	{
				"start":	8.000058,
				"end":	9.000095,
				"seconds":	1.0000369548797607,
				"bytes":	62493184,
				"bits_per_second":	499926997.25792718,
				"retransmits":	0,
				"omitted":	false,
				"sender":	true
			}
		}, {
			"streams":	[{
					"socket":	5,
					"start":	9.000095,
					"end":	10.000081,
					"seconds":	0.99998599290847778,
					"bytes":	62492160,
					"bits_per_second":	499944282.76532471,
					"retransmits":	0,
					"snd_cwnd":	130756,
					"rtt":	598,
					"rttvar":	55,
					"pmtu":	1400,
					"omitted":	false,
					"sender":	true
				}],
			"sum":	{
				"start":	9.000095,
				"end":	10.000081,
				"seconds":	0.99998599290847778,
				"bytes":	62492160,
				"bits_per_second":	499944282.76532471,
				"retransmits":	0,
				"omitted":	false,
				"sender":	true
			}
		}, {
			"streams":	[{
					"socket":	5,
					"start":	10.000081,
					"end":	11.000083,
					"seconds":	1.0000020265579224,
					"bytes":	62495232,
					"bits_per_second":	499960842.80039316,
					"retransmits":	0,
					"snd_cwnd":	130756,
					"rtt":	346,
					"rttvar":	21,
					"pmtu":	1400,
					"omitted":	false,
					"sender":	true
				}],
			"sum":	{
				"start":	10.000081,
				"end":	11.000083,
				"seconds":	1.0000020265579224,
				"bytes":	62495232,
				"bits_per_second":	499960842.80039316,
				"retransmits":	0,
				"omitted":	false,
				"sender":	true
			}
		}, {
			"streams":	[{
					"socket":	5,
					"start":	11.000083,
					"end":	12.000089,
					"seconds":	1.0000059604644775,
					"bytes":	62502400,
					"bits_per_second":	500016219.67108446,
					"retransmits":	0,
					"snd_cwnd":	130756,
					"rtt":	603,
					"rttvar":	91,
					"pmtu":	1400,
					"omitted":	false,
					"sender":	true
				}],
			"sum":	{
				"start":	11.000083,
				"end":	12.000089,
				"seconds":	1.0000059604644775,
				"bytes":	62502400,
				"bits_per_second":	500016219.67108446,
				"retransmits":	0,
				"omitted":	false,
				"sender":	true
			}
		}, {
			"streams":	[{
					"socket":	5,
					"start":	12.000089,
					"end":	13.000087,
					"seconds":	0.99999797344207764,
					"bytes":	62469120,
					"bits_per_second":	499753972.7803728,
					"retransmits":	0,
					"snd_cwnd":	130756,
					"rtt":	422,
					"rttvar":	10,
					"pmtu":	1400,