{
	"start":	{
		"connected":	[{
				"socket":	5,
				"local_host":	"10.60.0.1",
				"local_port":	39359,
				"remote_host":	"172.16.10.3",
				"remote_port":	5201
			}],
		"version":	"iperf 3.7",
		"system_info":	"Linux ueransim1 5.4.0-169-generic #187-Ubuntu SMP Thu Nov 23 14:52:28 UTC 2023 x86_64",
		"timestamp":	{
			"time":	"Sat, 21 Jun 2025 13:09:49 GMT",
			"timesecs":	1750511389
		},
		"connecting_to":	{
			"host":	"172.16.10.3",
			"port":	5201
		},
		"cookie":	"vjel475duvsxrm7btvmylkwujzk6ckhz7yfi",
		"tcp_mss_default":	1348,
		"target_bitrate":	1000000000,
		"sock_bufsize":	0,
		"sndbuf_actual":	16384,
		"rcvbuf_actual":	131072,
		"test_start":	{
			"protocol":	"TCP",
			"num_streams":	1,
			"blksize":	64,
			"omit":	0,
			"duration":	30,
			"bytes":	0,
			"blocks":	0,
			"reverse":	0,
			"tos":	0
		}
	},
	"intervals":	[{
			"streams":	[{
					"socket":	5,
					"start":	0,
					"end":	1.000057,
					"seconds":	1.0000569820404053,
					"bytes":	18119808,
					"bits_per_second":	144950204.44159377,
					"retransmits":	0,
					"snd_cwnd":	33700,
					"rtt":	509,
					"rttvar":	59,
					"pmtu":	1400,
					"omitted":	false,
					"sender":	true
				}],
			"sum":	{
				"start":	0,
				"end":	1.000057,
				"seconds":	1.0000569820404053,
				"bytes":	18119808,
				"bits_per_second":	144950204.44159377,
				"retransmits":	0,
				"omitted":	false,
				"sender":	true
			}
		}, {
			"streams":	[{
					"socket":	5,
					"start":	1.000057,
					"end":	2.000004,
					"seconds":	0.99994701147079468,
					"bytes":	20664192,
					"bits_per_second":	165322296.18531969,
					"retransmits":	0,
					"snd_cwnd":	33700,
					"rtt":	509,
					"rttvar":	70,
					"pmtu":	1400,
					"omitted":	false,
					"sender":	true
				}],
			"sum":	{
				"start":	1.000057,
				"end":	2.000004,
				"seconds":	0.99994701147079468,
				"bytes":	20664192,
				"bits_per_second":	165322296.18531969,
				"retransmits":	0,
				"omitted":	false,
				"sender":	true
			}
		}, {
			"streams":	[{
					"socket":	5,
					"start":	2.000004,
					"end":	3.000005,
					"seconds":	1.0000009536743164,
					"bytes":	20629056,
					"bits_per_second":	165032290.61294305,
					"retransmits":	0,
					"snd_cwnd":	33700,
					"rtt":	509,
					"rttvar":	48,
					"pmtu":	1400,
					"omitted":	false,
					"sender":	true
				}],
			"sum":	{
				"start":	2.000004,
				"end":	3.000005,
				"seconds":	1.0000009536743164,
				"bytes":	20629056,
				"bits_per_second":	165032290.61294305,
				"retransmits":	0,
				"omitted":	false,
				"sender":	true
			}
		}, {
			"streams":	[{
					"socket":	5,
					"start":	3.000005,
					"end":	4.000003,
					"seconds":	0.99999797344207764,
					"bytes":	20690112,
					"bits_per_second":	165521231.4383629,
					"retransmits":	0,
					"snd_cwnd":	35048,
					"rtt":	483,
					"rttvar":	72,
					"pmtu":	1400,
					"omitted":	false,
					"sender":	true
				}],
			"sum":	{
				"start":	3.000005,
				"end":	4.000003,
				"seconds":	0.99999797344207764,
				"bytes":	20690112,
				"bits_per_second":	165521231.4383629,
				"retransmits":	0,
				"omitted":	false,
				"sender":	true
			}
		}, {
			"streams":	[{
					"socket":	5,
					"start":	4.000003,
					"end":	5.000003,
					"seconds":	1,
					"bytes":	20685760,
					"bits_per_second":	165486080,
					"retransmits":	0,
					"snd_cwnd":	37744,
					"rtt":	438,
					"rttvar":	58,
					"pmtu":	1400,
					"omitted":	false,
					"sender":	true
				}],
			"sum":	{
				"start":	4.000003,
				"end":	5.000003,
				"seconds":	1,
				"bytes":	20685760,
				"bits_per_second":	165486080,
				"retransmits":	0,
				"omitted":	false,
				"sender":	true
			}
		}, {
			"streams":	[{
					"socket":	5,
					"start":	5.000003,
					"end":	6.000004,
					"seconds":	1.0000009536743164,
					"bytes":	20546176,
					"bits_per_second":	164369251.24526668,
					"retransmits":	0,
					"snd_cwnd":	47180,
					"rtt":	483,
					"rttvar":	55,
					"pmtu":	1400,
					"omitted":	false,
					"sender":	true
				}],
			"sum":	{
				"start":	5.000003,
				"end":	6.000004,
				"seconds":	1.0000009536743164,
				"bytes":	20546176,
				"bits_per_second":	164369251.24526668,
				"retransmits":	0,
				"omitted":	false,
				"sender":	true
			}
		}, {
			"streams":	[{
					"socket":	5,
					"start":	6.000004,
					"end":	7.000003,
					"seconds":	0.99999898672103882,
					"bytes":	20417472,
					"bits_per_second":	163339941.50892624,
					"retransmits":	0,
					"snd_cwnd":	63356,
					"rtt":	454,
					"rttvar":	84,
					"pmtu":	1400,
					"omitted":	false,
					"sender":	true
				}],
			"sum":	{
				"start":	6.000004,
				"end":	7.000003,
				"seconds":	0.99999898672103882,
				"bytes":	20417472,
				"bits_per_second":	163339941.50892624,
				"retransmits":	0,
				"omitted":	false,
				"sender":	true
			}
		}, {
			"streams":	[{
					"socket":	5,
					"start":	7.000003,
					"end":	8.000004,
					"seconds":	1.0000009536743164,
					"bytes":	20497024,
					"bits_per_second":	163976035.62026632,
					"retransmits":	0,
					"snd_cwnd":	71444,
					"rtt":	490,
					"rttvar":	103,
					"pmtu":	1400,
					"omitted":	false,
					"sender":	true
				}],
			"sum":	{
				"start":	7.000003,
				"end":	8.000004,
				"seconds":	1.0000009536743164,
				"bytes":	20497024,
				"bits_per_second":	163976035.62026632,
				"retransmits":	0,
				"omitted":	false,
				"sender":	true
			}
		}, {
			"streams":	[{
					"socket":	5,
					"start":	8.000004,
					"end":	9.000057,
					"seconds":	1.00005304813385,
					"bytes":	20564352,
					"bits_per_second":	164506089.25895783,
					"retransmits":	0,
					"snd_cwnd":	75488,
					"rtt":	508,
					"rttvar":	65,
					"pmtu":	1400,
					"omitted":	false,
					"sender":	true
				}],
			"sum":	{
				"start":	8.000004,
				"end":	9.000057,
				"seconds":	1.00005304813385,
				"bytes":	20564352,
				"bits_per_second":	164506089.25895783,
				"retransmits":	0,
				"omitted":	false,
				"sender":	true
			}
		}, {
			"streams":	[{
					"socket":	5,
					"start":	9.000057,
					"end":	10.000005,
					"seconds":	0.99994802474975586,
					"bytes":	20516416,
					"bits_per_second":	164139859.2102575,
					"retransmits":	0,
					"snd_cwnd":	75488,
					"rtt":	520,
					"rttvar":	54,
					"pmtu":	1400,
					"omitted":	false,
					"sender":	true
				}],
			"sum":	{
				"start":	9.000057,
				"end":	10.000005,
				"seconds":	0.99994802474975586,
				"bytes":	20516416,
				"bits_per_second":	164139859.2102575,
				"retransmits":	0,
				"omitted":	false,
				"sender":	true
			}
		}, {
			"streams":	[{
					"socket":	5,
					"start":	10.000005,
					"end":	11.000004,
					"seconds":	0.99999898672103882,
					"bytes":	20513152,
					"bits_per_second":	164105382.2845313,
					"retransmits":	0,
					"snd_cwnd":	75488,
					"rtt":	550,
					"rttvar":	116,
					"pmtu":	1400,
					"omitted":	false,
					"sender":	true
				}],
			"sum":	{
				"start":	10.000005,
				"end":	11.000004,
				"seconds":	0.99999898672103882,
				"bytes":	20513152,
				"bits_per_second":	164105382.2845313,
				"retransmits":	0,
				"omitted":	false,
				"sender":	true
			}
		}, {
			"streams":	[{
					"socket":	5,
					"start":	11.000004,
					"end":	12.000067,
					"seconds":	1.0000629425048828,
					"bytes":	20530752,
					"bits_per_second":	164235678.59499809,
					"retransmits":	0,
					"snd_cwnd":	75488,
					"rtt":	508,
					"rttvar":	95,
					"pmtu":	1400,
					"omitted":	false,
					"sender":	true
				}],
			"sum":	{
				"start":	11.000004,
				"end":	12.000067,
				"seconds":	1.0000629425048828,
				"bytes":	20530752,
				"bits_per_second":	164235678.59499809,
				"retransmits":	0,
				"omitted":	false,
				"sender":	true
			}
		}, {
			"streams":	[{
					"socket":	5,
					"start":	12.000067,
					"end":	13.000004,
					"seconds":	0.99993699789047241,
					"bytes":	20511616,
					"bits_per_second":	164103266.85199204,
					"retransmits":	0,
					"snd_cwnd":	75488,
					"rtt":	436,
					"rttvar":	92,
					"pmtu":	1400,
					"omitted":	false,
					"sender":	true
				}],