{
	"start":	{
		"connected":	[{
				"socket":	5,
				"local_host":	"10.60.0.1",
				"local_port":	38191,
				"remote_host":	"172.16.10.3",
				"remote_port":	5201
			}],
		"version":	"iperf 3.7",
		"system_info":	"Linux ueransim1 5.4.0-169-generic #187-Ubuntu SMP Thu Nov 23 14:52:28 UTC 2023 x86_64",
		"timestamp":	{
			"time":	"Sat, 21 Jun 2025 12:59:08 GMT",
			"timesecs":	1750510748
		},
		"connecting_to":	{
			"host":	"172.16.10.3",
			"port":	5201
		},
		"cookie":	"i22gaquotb3x4g4s6dayaf4odewdcqhgjnwx",
		"tcp_mss_default":	1348,
		"target_bitrate":	100000000,
		"sock_bufsize":	0,
		"sndbuf_actual":	16384,
		"rcvbuf_actual":	131072,
		"test_start":	{
			"protocol":	"TCP",
			"num_streams":	1,
			"blksize":	128,
			"omit":	0,
			"duration":	30,
			"bytes":	0,
			"blocks":	0,
			"reverse":	0,
			"tos":	0
		}
	},
	"intervals":	[{
			"streams":	[{
					"socket":	5,
					"start":	0,
					"end":	1.00008,
					"seconds":	1.0000799894332886,
					"bytes":	12495488,
					"bits_per_second":	99955908.583518565,
					"retransmits":	0,
					"snd_cwnd":	35048,
					"rtt":	290,
					"rttvar":	24,
					"pmtu":	1400,
					"omitted":	false,
					"sender":	true
				}],
			"sum":	{
				"start":	0,
				"end":	1.00008,
				"seconds":	1.0000799894332886,
				"bytes":	12495488,
				"bits_per_second":	99955908.583518565,
				"retransmits":	0,
				"omitted":	false,
				"sender":	true
			}
		}, {
			"streams":	[{
					"socket":	5,
					"start":	1.00008,
					"end":	2.000082,
					"seconds":	1.0000020265579224,
					"bytes":	12499584,
					"bits_per_second":	99996469.351362824,
					"retransmits":	0,
					"snd_cwnd":	35048,
					"rtt":	369,
					"rttvar":	29,
					"pmtu":	1400,
					"omitted":	false,
					"sender":	true
				}],
			"sum":	{
				"start":	1.00008,
				"end":	2.000082,
				"seconds":	1.0000020265579224,
				"bytes":	12499584,
				"bits_per_second":	99996469.351362824,
				"retransmits":	0,
				"omitted":	false,
				"sender":	true
			}
		}, {
			"streams":	[{
					"socket":	5,
					"start":	2.000082,
					"end":	3.000085,
					"seconds":	1.0000029802322388,
					"bytes":	12495488,
					"bits_per_second":	99963606.085238442,
					"retransmits":	0,
					"snd_cwnd":	35048,
					"rtt":	301,
					"rttvar":	33,
					"pmtu":	1400,
					"omitted":	false,
					"sender":	true
				}],
			"sum":	{
				"start":	2.000082,
				"end":	3.000085,
				"seconds":	1.0000029802322388,
				"bytes":	12495488,
				"bits_per_second":	99963606.085238442,
				"retransmits":	0,
				"omitted":	false,
				"sender":	true
			}
		}, {
			"streams":	[{
					"socket":	5,
					"start":	3.000085,
					"end":	4.000087,
					"seconds":	1.0000020265579224,
					"bytes":	12501376,
					"bits_per_second":	100010805.32231015,
					"retransmits":	0,
					"snd_cwnd":	35048,
					"rtt":	341,
					"rttvar":	47,
					"pmtu":	1400,
					"omitted":	false,
					"sender":	true
				}],
			"sum":	{
				"start":	3.000085,
				"end":	4.000087,
				"seconds":	1.0000020265579224,
				"bytes":	12501376,
				"bits_per_second":	100010805.32231015,
				"retransmits":	0,
				"omitted":	false,
				"sender":	true
			}
		}, {
			"streams":	[{
					"socket":	5,
					"start":	4.000087,
					"end":	5.000086,
					"seconds":	0.99999898672103882,
					"bytes":	12500352,
					"bits_per_second":	100002917.33085218,
					"retransmits":	0,
					"snd_cwnd":	35048,
					"rtt":	313,
					"rttvar":	34,
					"pmtu":	1400,
					"omitted":	false,
					"sender":	true
				}],
			"sum":	{
				"start":	4.000087,
				"end":	5.000086,
				"seconds":	0.99999898672103882,
				"bytes":	12500352,
				"bits_per_second":	100002917.33085218,
				"retransmits":	0,
				"omitted":	false,
				"sender":	true
			}
		}, {
			"streams":	[{
					"socket":	5,
					"start":	5.000086,
					"end":	6.000086,
					"seconds":	1,
					"bytes":	12499584,
					"bits_per_second":	99996672,
					"retransmits":	0,
					"snd_cwnd":	35048,
					"rtt":	327,
					"rttvar":	43,
					"pmtu":	1400,
					"omitted":	false,
					"sender":	true
				}],
			"sum":	{
				"start":	5.000086,
				"end":	6.000086,
				"seconds":	1,
				"bytes":	12499584,
				"bits_per_second":	99996672,
				"retransmits":	0,
				"omitted":	false,
				"sender":	true
			}
		}, {
			"streams":	[{
					"socket":	5,
					"start":	6.000086,
					"end":	7.000084,
					"seconds":	0.99999797344207764,
					"bytes":	12499968,
					"bits_per_second":	99999946.655684128,
					"retransmits":	0,
					"snd_cwnd":	35048,
					"rtt":	341,
					"rttvar":	18,
					"pmtu":	1400,
					"omitted":	false,
					"sender":	true
				}],
			"sum":	{
				"start":	6.000086,
				"end":	7.000084,
				"seconds":	0.99999797344207764,
				"bytes":	12499968,
				"bits_per_second":	99999946.655684128,
				"retransmits":	0,
				"omitted":	false,
				"sender":	true
			}
		}, {
			"streams":	[{
					"socket":	5,
					"start":	7.000084,
					"end":	8.000083,
					"seconds":	0.99999898672103882,
					"bytes":	12500736,
					"bits_per_second":	100005989.33396499,
					"retransmits":	0,
					"snd_cwnd":	47180,
					"rtt":	340,
					"rttvar":	37,
					"pmtu":	1400,
					"omitted":	false,
					"sender":	true
				}],
			"sum":	{
				"start":	7.000084,
				"end":	8.000083,
				"seconds":	0.99999898672103882,
				"bytes":	12500736,
				"bits_per_second":	100005989.33396499,
				"retransmits":	0,
				"omitted":	false,
				"sender":	true
			}
		}, {
			"streams":	[{
					"socket":	5,
					"start":	8.000083,
					"end":	9.000078,
					"seconds":	0.99999499320983887,
					"bytes":	12501888,
					"bits_per_second":	100015604.75714585,
					"retransmits":	0,
					"snd_cwnd":	47180,
					"rtt":	329,
					"rttvar":	50,
					"pmtu":	1400,
					"omitted":	false,
					"sender":	true
				}],
			"sum":	{
				"start":	8.000083,
				"end":	9.000078,
				"seconds":	0.99999499320983887,
				"bytes":	12501888,
				"bits_per_second":	100015604.75714585,
				"retransmits":	0,
				"omitted":	false,
				"sender":	true
			}
		}, {
			"streams":	[{
					"socket":	5,
					"start":	9.000078,
					"end":	10.000057,
					"seconds":	0.99997901916503906,
					"bytes":	12497152,
					"bits_per_second":	99979313.649479181,
					"retransmits":	0,
					"snd_cwnd":	47180,
					"rtt":	330,
					"rttvar":	54,
					"pmtu":	1400,
					"omitted":	false,
					"sender":	true
				}],
			"sum":	{
				"start":	9.000078,
				"end":	10.000057,
				"seconds":	0.99997901916503906,
				"bytes":	12497152,
				"bits_per_second":	99979313.649479181,
				"retransmits":	0,
				"omitted":	false,
				"sender":	true
			}
		}, {
			"streams":	[{
					"socket":	5,
					"start":	10.000057,
					"end":	11.000057,
					"seconds":	1,
					"bytes":	12500736,
					"bits_per_second":	100005888,
					"retransmits":	0,
					"snd_cwnd":	47180,
					"rtt":	393,
					"rttvar":	72,
					"pmtu":	1400,
					"omitted":	false,
					"sender":	true
				}],
			"sum":	{
				"start":	10.000057,
				"end":	11.000057,
				"seconds":	1,
				"bytes":	12500736,
				"bits_per_second":	100005888,
				"retransmits":	0,
				"omitted":	false,
				"sender":	true
			}
		}, {
			"streams":	[{
					"socket":	5,
					"start":	11.000057,
					"end":	12.000057,
					"seconds":	1,
					"bytes":	12504320,
					"bits_per_second":	100034560,
					"retransmits":	0,
					"snd_cwnd":	47180,
					"rtt":	346,
					"rttvar":	25,
					"pmtu":	1400,
					"omitted":	false,
					"sender":	true
				}],
			"sum":	{
				"start":	11.000057,
				"end":	12.000057,
				"seconds":	1,
				"bytes":	12504320,
				"bits_per_second":	100034560,
				"retransmits":	0,
				"omitted":	false,
				"sender":	true
			}
		}, {
			"streams":	[{
					"socket":	5,
					"start":	12.000057,
					"end":	13.000063,
					"seconds":	1.0000059604644775,
					"bytes":	12494976,
					"bits_per_second":	99959212.1966665,
					"retransmits":	0,
					"snd_cwnd":	47180,
					"rtt":	317,
					"rttvar":	82,
					"pmtu":	1400,
					"omitted":	false,
					"sender":	true
				}],
			"sum":	{
				"start":	12.000057,
				"end":	13.000063,
				"seconds":	1.0000059604644775,
				"bytes":	12494976,