{
	"start":	{
		"connected":	[{
				"socket":	5,
				"local_host":	"10.60.0.1",
				"local_port":	36899,
				"remote_host":	"172.16.10.3",
				"remote_port":	5201
			}],
		"version":	"iperf 3.7",
		"system_info":	"Linux ueransim1 5.4.0-169-generic #187-Ubuntu SMP Thu Nov 23 14:52:28 UTC 2023 x86_64",
		"timestamp":	{
			"time":	"Sat, 21 Jun 2025 13:05:32 GMT",
			"timesecs":	1750511132
		},
		"connecting_to":	{
			"host":	"172.16.10.3",
			"port":	5201
		},
		"cookie":	"t67mgm3ii7qfcicmhrkgzsin6d5dbpcmtobz",
		"tcp_mss_default":	1348,
		"target_bitrate":	500000000,
		"sock_bufsize":	0,
		"sndbuf_actual":	16384,
		"rcvbuf_actual":	131072,
		"test_start":	{
			"protocol":	"TCP",
			"num_streams":	1,
			"blksize":	128,
			"omit":	0,
			"duration":	30,
			"bytes":	0,
			"blocks":	0,
			"reverse":	0,
			"tos":	0
		}
	},
	"intervals":	[{
			"streams":	[{
					"socket":	5,
					"start":	0,
					"end":	1.000003,
					"seconds":	1.0000029802322388,
					"bytes":	37271424,
					"bits_per_second":	298170503.38265318,
					"retransmits":	0,
					"snd_cwnd":	41788,
					"rtt":	374,
					"rttvar":	62,
					"pmtu":	1400,
					"omitted":	false,
					"sender":	true
				}],
			"sum":	{
				"start":	0,
				"end":	1.000003,
				"seconds":	1.0000029802322388,
				"bytes":	37271424,
				"bits_per_second":	298170503.38265318,
				"retransmits":	0,
				"omitted":	false,
				"sender":	true
			}
		}, {
			"streams":	[{
					"socket":	5,
					"start":	1.000003,
					"end":	2.000048,
					"seconds":	1.0000449419021606,
					"bytes":	39764224,
					"bits_per_second":	318099496.00357324,
					"retransmits":	0,
					"snd_cwnd":	41788,
					"rtt":	398,
					"rttvar":	61,
					"pmtu":	1400,
					"omitted":	false,
					"sender":	true
				}],
			"sum":	{
				"start":	1.000003,
				"end":	2.000048,
				"seconds":	1.0000449419021606,
				"bytes":	39764224,
				"bits_per_second":	318099496.00357324,
				"retransmits":	0,
				"omitted":	false,
				"sender":	true
			}
		}, {
			"streams":	[{
					"socket":	5,
					"start":	2.000048,
					"end":	3.000002,
					"seconds":	0.9999539852142334,
					"bytes":	39880064,
					"bits_per_second":	319055193.25636542,
					"retransmits":	0,
					"snd_cwnd":	41788,
					"rtt":	403,
					"rttvar":	82,
					"pmtu":	1400,
					"omitted":	false,
					"sender":	true
				}],
			"sum":	{
				"start":	2.000048,
				"end":	3.000002,
				"seconds":	0.9999539852142334,
				"bytes":	39880064,
				"bits_per_second":	319055193.25636542,
				"retransmits":	0,
				"omitted":	false,
				"sender":	true
			}
		}, {
			"streams":	[{
					"socket":	5,
					"start":	3.000002,
					"end":	4.000002,
					"seconds":	1,
					"bytes":	39870208,
					"bits_per_second":	318961664,
					"retransmits":	0,
					"snd_cwnd":	62008,
					"rtt":	376,
					"rttvar":	47,
					"pmtu":	1400,
					"omitted":	false,
					"sender":	true
				}],
			"sum":	{
				"start":	3.000002,
				"end":	4.000002,
				"seconds":	1,
				"bytes":	39870208,
				"bits_per_second":	318961664,
				"retransmits":	0,
				"omitted":	false,
				"sender":	true
			}
		}, {
			"streams":	[{
					"socket":	5,
					"start":	4.000002,
					"end":	5.000047,
					"seconds":	1.0000449419021606,
					"bytes":	39851008,
					"bits_per_second":	318793736.80307114,
					"retransmits":	0,
					"snd_cwnd":	62008,
					"rtt":	368,
					"rttvar":	76,
					"pmtu":	1400,
					"omitted":	false,
					"sender":	true
				}],
			"sum":	{
				"start":	4.000002,
				"end":	5.000047,
				"seconds":	1.0000449419021606,
				"bytes":	39851008,
				"bits_per_second":	318793736.80307114,
				"retransmits":	0,
				"omitted":	false,
				"sender":	true
			}
		}, {
			"streams":	[{
					"socket":	5,
					"start":	5.000047,
					"end":	6.000002,
					"seconds":	0.99995499849319458,
					"bytes":	39874816,
					"bits_per_second":	319012884.06047308,
					"retransmits":	0,
					"snd_cwnd":	62008,
					"rtt":	389,
					"rttvar":	55,
					"pmtu":	1400,
					"omitted":	false,
					"sender":	true
				}],
			"sum":	{
				"start":	5.000047,
				"end":	6.000002,
				"seconds":	0.99995499849319458,
				"bytes":	39874816,
				"bits_per_second":	319012884.06047308,
				"retransmits":	0,
				"omitted":	false,
				"sender":	true
			}
		}, {
			"streams":	[{
					"socket":	5,
					"start":	6.000002,
					"end":	7.000003,
					"seconds":	1.0000009536743164,
					"bytes":	39872128,
					"bits_per_second":	318976719.80009478,
					"retransmits":	0,
					"snd_cwnd":	90316,
					"rtt":	375,
					"rttvar":	53,
					"pmtu":	1400,
					"omitted":	false,
					"sender":	true
				}],
			"sum":	{
				"start":	6.000002,
				"end":	7.000003,
				"seconds":	1.0000009536743164,
				"bytes":	39872128,
				"bits_per_second":	318976719.80009478,
				"retransmits":	0,
				"omitted":	false,
				"sender":	true
			}
		}, {
			"streams":	[{
					"socket":	5,
					"start":	7.000003,
					"end":	8.000003,
					"seconds":	1,
					"bytes":	40143616,
					"bits_per_second":	321148928,
					"retransmits":	0,
					"snd_cwnd":	90316,
					"rtt":	415,
					"rttvar":	59,
					"pmtu":	1400,
					"omitted":	false,
					"sender":	true
				}],
			"sum":	{
				"start":	7.000003,
				"end":	8.000003,
				"seconds":	1,
				"bytes":	40143616,
				"bits_per_second":	321148928,
				"retransmits":	0,
				"omitted":	false,
				"sender":	true
			}
		}, {
			"streams":	[{
					"socket":	5,
					"start":	8.000003,
					"end":	9.000003,
					"seconds":	1,
					"bytes":	40000896,
					"bits_per_second":	320007168,
					"retransmits":	0,
					"snd_cwnd":	90316,
					"rtt":	380,
					"rttvar":	67,
					"pmtu":	1400,
					"omitted":	false,
					"sender":	true
				}],
			"sum":	{
				"start":	8.000003,
				"end":	9.000003,
				"seconds":	1,
				"bytes":	40000896,
				"bits_per_second":	320007168,
				"retransmits":	0,
				"omitted":	false,
				"sender":	true
			}
		}, {
			"streams":	[{
					"socket":	5,
					"start":	9.000003,
					"end":	10.000056,
					"seconds":	1.00005304813385,
					"bytes":	39881984,
					"bits_per_second":	319038947.57920545,
					"retransmits":	0,
					"snd_cwnd":	90316,
					"rtt":	399,
					"rttvar":	67,
					"pmtu":	1400,
					"omitted":	false,
					"sender":	true
				}],
			"sum":	{
				"start":	9.000003,
				"end":	10.000056,
				"seconds":	1.00005304813385,
				"bytes":	39881984,
				"bits_per_second":	319038947.57920545,
				"retransmits":	0,
				"omitted":	false,
				"sender":	true
			}
		}, {
			"streams":	[{
					"socket":	5,
					"start":	10.000056,
					"end":	11.000003,
					"seconds":	0.99994701147079468,
					"bytes":	39934336,
					"bits_per_second":	319491617.390899,
					"retransmits":	0,
					"snd_cwnd":	90316,
					"rtt":	403,
					"rttvar":	54,
					"pmtu":	1400,
					"omitted":	false,
					"sender":	true
				}],
			"sum":	{
				"start":	10.000056,
				"end":	11.000003,
				"seconds":	0.99994701147079468,
				"bytes":	39934336,
				"bits_per_second":	319491617.390899,
				"retransmits":	0,
				"omitted":	false,
				"sender":	true
			}
		}, {
			"streams":	[{
					"socket":	5,
					"start":	11.000003,
					"end":	12.000002,
					"seconds":	0.99999898672103882,
					"bytes":	39733248,
					"bits_per_second":	317866306.0872404,
					"retransmits":	0,
					"snd_cwnd":	90316,
					"rtt":	371,
					"rttvar":	79,
					"pmtu":	1400,
					"omitted":	false,
					"sender":	true
				}],
			"sum":	{
				"start":	11.000003,
				"end":	12.000002,
				"seconds":	0.99999898672103882,
				"bytes":	39733248,
				"bits_per_second":	317866306.0872404,
				"retransmits":	0,
				"omitted":	false,
				"sender":	true
			}
		}, {
			"streams":	[{
					"socket":	5,
					"start":	12.000002,
					"end":	13.000003,
					"seconds":	1.0000009536743164,
					"bytes":	39824000,
					"bits_per_second":	318591696.16728193,
					"retransmits":	0,
					"snd_cwnd":	90316,
					"rtt":	380,
					"rttvar":	57,
					"pmtu":	1400,
					"omitted":	false,
					"sender":	true
				}],
			"sum":	{
				"start":	12.000002,
				"end":	13.000003,
				"seconds":	1.0000009536743164,
				"bytes":	39824000,