{
	"start":	{
		"connected":	[{
				"socket":	5,
				"local_host":	"10.60.0.1",
				"local_port":	37025,
				"remote_host":	"172.16.10.3",
				"remote_port":	5201
			}],
		"version":	"iperf 3.7",
		"system_info":	"Linux ueransim1 5.4.0-169-generic #187-Ubuntu SMP Thu Nov 23 14:52:28 UTC 2023 x86_64",
		"timestamp":	{
			"time":	"Sat, 21 Jun 2025 12:58:04 GMT",
			"timesecs":	1750510684
		},
		"connecting_to":	{
			"host":	"172.16.10.3",
			"port":	5201
		},
		"cookie":	"6qxfp447272u7hylhjkct45kvkemsuipte7e",
		"tcp_mss_default":	1348,
		"target_bitrate":	100000000,
		"sock_bufsize":	0,
		"sndbuf_actual":	16384,
		"rcvbuf_actual":	131072,
		"test_start":	{
			"protocol":	"TCP",
			"num_streams":	1,
			"blksize":	128,
			"omit":	0,
			"duration":	30,
			"bytes":	0,
			"blocks":	0,
			"reverse":	0,
			"tos":	0
		}
	},
	"intervals":	[{
			"streams":	[{
					"socket":	5,
					"start":	0,
					"end":	1.000088,
					"seconds":	1.0000879764556885,
					"bytes":	12492288,
					"bits_per_second":	99929512.55566667,
					"retransmits":	0,
					"snd_cwnd":	32352,
					"rtt":	297,
					"rttvar":	42,
					"pmtu":	1400,
					"omitted":	false,
					"sender":	true
				}],
			"sum":	{
				"start":	0,
				"end":	1.000088,
				"seconds":	1.0000879764556885,
				"bytes":	12492288,
				"bits_per_second":	99929512.55566667,
				"retransmits":	0,
				"omitted":	false,
				"sender":	true
			}
		}, {
			"streams":	[{
					"socket":	5,
					"start":	1.000088,
					"end":	2.000086,
					"seconds":	0.99999797344207764,
					"bytes":	12499200,
					"bits_per_second":	99993802.643232927,
					"retransmits":	0,
					"snd_cwnd":	32352,
					"rtt":	382,
					"rttvar":	79,
					"pmtu":	1400,
					"omitted":	false,
					"sender":	true
				}],
			"sum":	{
				"start":	1.000088,
				"end":	2.000086,
				"seconds":	0.99999797344207764,
				"bytes":	12499200,
				"bits_per_second":	99993802.643232927,
				"retransmits":	0,
				"omitted":	false,
				"sender":	true
			}
		}, {
			"streams":	[{
					"socket":	5,
					"start":	2.000086,
					"end":	3.000056,
					"seconds":	0.999970018863678,
					"bytes":	12500096,
					"bits_per_second":	100003766.22654796,
					"retransmits":	0,
					"snd_cwnd":	33700,
					"rtt":	362,
					"rttvar":	44,
					"pmtu":	1400,
					"omitted":	false,
					"sender":	true
				}],
			"sum":	{
				"start":	2.000086,
				"end":	3.000056,
				"seconds":	0.999970018863678,
				"bytes":	12500096,
				"bits_per_second":	100003766.22654796,
				"retransmits":	0,
				"omitted":	false,
				"sender":	true
			}
		}, {
			"streams":	[{
					"socket":	5,
					"start":	3.000056,
					"end":	4.00008,
					"seconds":	1.0000239610671997,
					"bytes":	12503680,
					"bits_per_second":	100027043.24529502,
					"retransmits":	0,
					"snd_cwnd":	33700,
					"rtt":	303,
					"rttvar":	30,
					"pmtu":	1400,
					"omitted":	false,
					"sender":	true
				}],
			"sum":	{
				"start":	3.000056,
				"end":	4.00008,
				"seconds":	1.0000239610671997,
				"bytes":	12503680,
				"bits_per_second":	100027043.24529502,
				"retransmits":	0,
				"omitted":	false,
				"sender":	true
			}
		}, {
			"streams":	[{
					"socket":	5,
					"start":	4.00008,
					"end":	5.000087,
					"seconds":	1.0000070333480835,
					"bytes":	12496768,
					"bits_per_second":	99973440.851991385,
					"retransmits":	0,
					"snd_cwnd":	33700,
					"rtt":	326,
					"rttvar":	98,
					"pmtu":	1400,
					"omitted":	false,
					"sender":	true
				}],
			"sum":	{
				"start":	4.00008,
				"end":	5.000087,
				"seconds":	1.0000070333480835,
				"bytes":	12496768,
				"bits_per_second":	99973440.851991385,
				"retransmits":	0,
				"omitted":	false,
				"sender":	true
			}
		}, {
			"streams":	[{
					"socket":	5,
					"start":	5.000087,
					"end":	6.000056,
					"seconds":	0.9999690055847168,
					"bytes":	12503552,
					"bits_per_second":	100031516.41836128,
					"retransmits":	0,
					"snd_cwnd":	33700,
					"rtt":	339,
					"rttvar":	35,
					"pmtu":	1400,
					"omitted":	false,
					"sender":	true
				}],
			"sum":	{
				"start":	5.000087,
				"end":	6.000056,
				"seconds":	0.9999690055847168,
				"bytes":	12503552,
				"bits_per_second":	100031516.41836128,
				"retransmits":	0,
				"omitted":	false,
				"sender":	true
			}
		}, {
			"streams":	[{
					"socket":	5,
					"start":	6.000056,
					"end":	7.000055,
					"seconds":	0.99999898672103882,
					"bytes":	12499584,
					"bits_per_second":	99996773.3246266,
					"retransmits":	0,
					"snd_cwnd":	33700,
					"rtt":	423,
					"rttvar":	28,
					"pmtu":	1400,
					"omitted":	false,
					"sender":	true
				}],
			"sum":	{
				"start":	6.000056,
				"end":	7.000055,
				"seconds":	0.99999898672103882,
				"bytes":	12499584,
				"bits_per_second":	99996773.3246266,
				"retransmits":	0,
				"omitted":	false,
				"sender":	true
			}
		}, {
			"streams":	[{
					"socket":	5,
					"start":	7.000055,
					"end":	8.000056,
					"seconds":	1.0000009536743164,
					"bytes":	12496896,
					"bits_per_second":	99975072.656340927,
					"retransmits":	0,
					"snd_cwnd":	33700,
					"rtt":	349,
					"rttvar":	110,
					"pmtu":	1400,
					"omitted":	false,
					"sender":	true
				}],
			"sum":	{
				"start":	7.000055,
				"end":	8.000056,
				"seconds":	1.0000009536743164,
				"bytes":	12496896,
				"bits_per_second":	99975072.656340927,
				"retransmits":	0,
				"omitted":	false,
				"sender":	true
			}
		}, {
			"streams":	[{
					"socket":	5,
					"start":	8.000056,
					"end":	9.000078,
					"seconds":	1.0000220537185669,
					"bytes":	12499840,
					"bits_per_second":	99996514.705007032,
					"retransmits":	0,
					"snd_cwnd":	33700,
					"rtt":	358,
					"rttvar":	90,
					"pmtu":	1400,
					"omitted":	false,
					"sender":	true
				}],
			"sum":	{
				"start":	8.000056,
				"end":	9.000078,
				"seconds":	1.0000220537185669,
				"bytes":	12499840,
				"bits_per_second":	99996514.705007032,
				"retransmits":	0,
				"omitted":	false,
				"sender":	true
			}
		}, {
			"streams":	[{
					"socket":	5,
					"start":	9.000078,
					"end":	10.000087,
					"seconds":	1.0000089406967163,
					"bytes":	12499968,
					"bits_per_second":	99998849.9406107,
					"retransmits":	0,
					"snd_cwnd":	33700,
					"rtt":	351,
					"rttvar":	75,
					"pmtu":	1400,
					"omitted":	false,
					"sender":	true
				}],
			"sum":	{
				"start":	9.000078,
				"end":	10.000087,
				"seconds":	1.0000089406967163,
				"bytes":	12499968,
				"bits_per_second":	99998849.9406107,
				"retransmits":	0,
				"omitted":	false,
				"sender":	true
			}
		}, {
			"streams":	[{
					"socket":	5,
					"start":	10.000087,
					"end":	11.000062,
					"seconds":	0.99997502565383911,
					"bytes":	12500352,
					"bits_per_second":	100005313.56731896,
					"retransmits":	0,
					"snd_cwnd":	33700,
					"rtt":	328,
					"rttvar":	92,
					"pmtu":	1400,
					"omitted":	false,
					"sender":	true
				}],
			"sum":	{
				"start":	10.000087,
				"end":	11.000062,
				"seconds":	0.99997502565383911,
				"bytes":	12500352,
				"bits_per_second":	100005313.56731896,
				"retransmits":	0,
				"omitted":	false,
				"sender":	true
			}
		}, {
			"streams":	[{
					"socket":	5,
					"start":	11.000062,
					"end":	12.000057,
					"seconds":	0.99999499320983887,
					"bytes":	12499584,
					"bits_per_second":	99997172.664860234,
					"retransmits":	0,
					"snd_cwnd":	33700,
					"rtt":	277,
					"rttvar":	19,
					"pmtu":	1400,
					"omitted":	false,
					"sender":	true
				}],
			"sum":	{
				"start":	11.000062,
				"end":	12.000057,
				"seconds":	0.99999499320983887,
				"bytes":	12499584,
				"bits_per_second":	99997172.664860234,
				"retransmits":	0,
				"omitted":	false,
				"sender":	true
			}
		}, {
			"streams":	[{
					"socket":	5,
					"start":	12.000057,
					"end":	13.000085,
					"seconds":	1.0000280141830444,
					"bytes":	12499968,
					"bits_per_second":	99996942.667344227,
					"retransmits":	0,
					"snd_cwnd":	45832,
					"rtt":	297,
					"rttvar":	31,
					"pmtu":	1400,
					"omitted":	false,