{
	"start":	{
		"connected":	[{
				"socket":	5,
				"local_host":	"10.60.0.1",
				"local_port":	38721,
				"remote_host":	"172.16.10.3",
				"remote_port":	5201
			}],
		"version":	"iperf 3.7",
		"system_info":	"Linux ueransim1 5.4.0-169-generic #187-Ubuntu SMP Thu Nov 23 14:52:28 UTC 2023 x86_64",
		"timestamp":	{
			"time":	"Sat, 21 Jun 2025 13:13:33 GMT",
			"timesecs":	1750511613
		},
		"connecting_to":	{
			"host":	"172.16.10.3",
			"port":	5201
		},
		"cookie":	"6vbpkwwr5zn6swrten65v3sq3tshe325oqxv",
		"tcp_mss_default":	1348,
		"target_bitrate":	1000000000,
		"sock_bufsize":	0,
		"sndbuf_actual":	16384,
		"rcvbuf_actual":	131072,
		"test_start":	{
			"protocol":	"TCP",
			"num_streams":	1,
			"blksize":	512,
			"omit":	0,
			"duration":	30,
			"bytes":	0,
			"blocks":	0,
			"reverse":	0,
			"tos":	0
		}
	},
	"intervals":	[{
			"streams":	[{
					"socket":	5,
					"start":	0,
					"end":	1.000003,
					"seconds":	1.0000029802322388,
					"bytes":	106447872,
					"bits_per_second":	851580438.09252453,
					"retransmits":	24,
					"snd_cwnd":	467756,
					"rtt":	1112,
					"rttvar":	103,
					"pmtu":	1400,
					"omitted":	false,
					"sender":	true
				}],
			"sum":	{
				"start":	0,
				"end":	1.000003,
				"seconds":	1.0000029802322388,
				"bytes":	106447872,
				"bits_per_second":	851580438.09252453,
				"retransmits":	24,
				"omitted":	false,
				"sender":	true
			}
		}, {
			"streams":	[{
					"socket":	5,
					"start":	1.000003,
					"end":	2.000057,
					"seconds":	1.0000540018081665,
					"bytes":	101868544,
					"bits_per_second":	814904345.69185,
					"retransmits":	0,
					"snd_cwnd":	467756,
					"rtt":	1366,
					"rttvar":	115,
					"pmtu":	1400,
					"omitted":	false,
					"sender":	true
				}],
			"sum":	{
				"start":	1.000003,
				"end":	2.000057,
				"seconds":	1.0000540018081665,
				"bytes":	101868544,
				"bits_per_second":	814904345.69185,
				"retransmits":	0,
				"omitted":	false,
				"sender":	true
			}
		}, {
			"streams":	[{
					"socket":	5,
					"start":	2.000057,
					"end":	3.000047,
					"seconds":	0.99998998641967773,
					"bytes":	102165504,
					"bits_per_second":	817332216.42179906,
					"retransmits":	0,
					"snd_cwnd":	467756,
					"rtt":	1275,
					"rttvar":	73,
					"pmtu":	1400,
					"omitted":	false,
					"sender":	true
				}],
			"sum":	{
				"start":	2.000057,
				"end":	3.000047,
				"seconds":	0.99998998641967773,
				"bytes":	102165504,
				"bits_per_second":	817332216.42179906,
				"retransmits":	0,
				"omitted":	false,
				"sender":	true
			}
		}, {
			"streams":	[{
					"socket":	5,
					"start":	3.000047,
					"end":	4.000009,
					"seconds":	0.9999619722366333,
					"bytes":	102093824,
					"bits_per_second":	816781652.379399,
					"retransmits":	0,
					"snd_cwnd":	467756,
					"rtt":	1194,
					"rttvar":	87,
					"pmtu":	1400,
					"omitted":	false,
					"sender":	true
				}],
			"sum":	{
				"start":	3.000047,
				"end":	4.000009,
				"seconds":	0.9999619722366333,
				"bytes":	102093824,
				"bits_per_second":	816781652.379399,
				"retransmits":	0,
				"omitted":	false,
				"sender":	true
			}
		}, {
			"streams":	[{
					"socket":	5,
					"start":	4.000009,
					"end":	5.000057,
					"seconds":	1.000048041343689,
					"bytes":	101191168,
					"bits_per_second":	809490454.99083889,
					"retransmits":	0,
					"snd_cwnd":	467756,
					"rtt":	761,
					"rttvar":	130,
					"pmtu":	1400,
					"omitted":	false,
					"sender":	true
				}],
			"sum":	{
				"start":	4.000009,
				"end":	5.000057,
				"seconds":	1.000048041343689,
				"bytes":	101191168,
				"bits_per_second":	809490454.99083889,
				"retransmits":	0,
				"omitted":	false,
				"sender":	true
			}
		}, {
			"streams":	[{
					"socket":	5,
					"start":	5.000057,
					"end":	6.000003,
					"seconds":	0.9999459981918335,
					"bytes":	103386624,
					"bits_per_second":	827137658.92918479,
					"retransmits":	0,
					"snd_cwnd":	562116,
					"rtt":	4564,
					"rttvar":	170,
					"pmtu":	1400,
					"omitted":	false,
					"sender":	true
				}],
			"sum":	{
				"start":	5.000057,
				"end":	6.000003,
				"seconds":	0.9999459981918335,
				"bytes":	103386624,
				"bits_per_second":	827137658.92918479,
				"retransmits":	0,
				"omitted":	false,
				"sender":	true
			}
		}, {
			"streams":	[{
					"socket":	5,
					"start":	6.000003,
					"end":	7.00003,
					"seconds":	1.0000269412994385,
					"bytes":	110872064,
					"bits_per_second":	886952616.34397531,
					"retransmits":	0,
					"snd_cwnd":	680740,
					"rtt":	1227,
					"rttvar":	86,
					"pmtu":	1400,
					"omitted":	false,
					"sender":	true
				}],
			"sum":	{
				"start":	6.000003,
				"end":	7.00003,
				"seconds":	1.0000269412994385,
				"bytes":	110872064,
				"bits_per_second":	886952616.34397531,
				"retransmits":	0,
				"omitted":	false,
				"sender":	true
			}
		}, {
			"streams":	[{
					"socket":	5,
					"start":	7.00003,
					"end":	8.000035,
					"seconds":	1.0000050067901611,
					"bytes":	101871104,
					"bits_per_second":	814964751.6424998,
					"retransmits":	0,
					"snd_cwnd":	680740,
					"rtt":	1105,
					"rttvar":	73,
					"pmtu":	1400,
					"omitted":	false,
					"sender":	true
				}],
			"sum":	{
				"start":	7.00003,
				"end":	8.000035,
				"seconds":	1.0000050067901611,
				"bytes":	101871104,
				"bits_per_second":	814964751.6424998,
				"retransmits":	0,
				"omitted":	false,
				"sender":	true
			}
		}, {
			"streams":	[{
					"socket":	5,
					"start":	8.000035,
					"end":	9.000003,
					"seconds":	0.99996799230575562,
					"bytes":	101888512,
					"bits_per_second":	815134186.56581175,
					"retransmits":	0,
					"snd_cwnd":	680740,
					"rtt":	969,
					"rttvar":	138,
					"pmtu":	1400,
					"omitted":	false,
					"sender":	true
				}],
			"sum":	{
				"start":	8.000035,
				"end":	9.000003,
				"seconds":	0.99996799230575562,
				"bytes":	101888512,
				"bits_per_second":	815134186.56581175,
				"retransmits":	0,
				"omitted":	false,
				"sender":	true
			}
		}, {
			"streams":	[{
					"socket":	5,
					"start":	9.000003,
					"end":	10.000006,
					"seconds":	1.0000029802322388,
					"bytes":	102012928,
					"bits_per_second":	816100991.829514,
					"retransmits":	0,
					"snd_cwnd":	680740,
					"rtt":	1160,
					"rttvar":	74,
					"pmtu":	1400,
					"omitted":	false,
					"sender":	true
				}],
			"sum":	{
				"start":	9.000003,
				"end":	10.000006,
				"seconds":	1.0000029802322388,
				"bytes":	102012928,
				"bits_per_second":	816100991.829514,
				"retransmits":	0,
				"omitted":	false,
				"sender":	true
			}
		}, {
			"streams":	[{
					"socket":	5,
					"start":	10.000006,
					"end":	11.000057,
					"seconds":	1.0000510215759277,
					"bytes":	101861888,
					"bits_per_second":	814853528.88880587,
					"retransmits":	0,
					"snd_cwnd":	680740,
					"rtt":	748,
					"rttvar":	120,
					"pmtu":	1400,
					"omitted":	false,
					"sender":	true
				}],
			"sum":	{
				"start":	10.000006,
				"end":	11.000057,
				"seconds":	1.0000510215759277,
				"bytes":	101861888,
				"bits_per_second":	814853528.88880587,
				"retransmits":	0,
				"omitted":	false,
				"sender":	true
			}
		}, {
			"streams":	[{
					"socket":	5,
					"start":	11.000057,
					"end":	12.000005,
					"seconds":	0.99994802474975586,
					"bytes":	101935104,
					"bits_per_second":	815523219.02338862,
					"retransmits":	0,
					"snd_cwnd":	680740,
					"rtt":	1327,
					"rttvar":	175,
					"pmtu":	1400,
					"omitted":	false,
					"sender":	true
				}],
			"sum":	{
				"start":	11.000057,
				"end":	12.000005,
				"seconds":	0.99994802474975586,
				"bytes":	101935104,
				"bits_per_second":	815523219.02338862,
				"retransmits":	0,
				"omitted":	false,
				"sender":	true
			}
		}, {
			"streams":	[{
					"socket":	5,
					"start":	12.000005,
					"end":	13.00008,
					"seconds":	1.0000749826431274,
					"bytes":	102183936,
					"bits_per_second":	817410196.42295289,
					"retransmits":	0,
					"snd_cwnd":	680740,
					"rtt":	630,
					"rttvar":	147,