{
	"start":	{
		"connected":	[{
				"socket":	5,
				"local_host":	"10.60.0.1",
				"local_port":	39785,
				"remote_host":	"172.16.10.3",
				"remote_port":	5201
			}],
		"version":	"iperf 3.7",
		"system_info":	"Linux ueransim1 5.4.0-169-generic #187-Ubuntu SMP Thu Nov 23 14:52:28 UTC 2023 x86_64",
		"timestamp":	{
			"time":	"Sat, 21 Jun 2025 13:07:40 GMT",
			"timesecs":	1750511260
		},
		"connecting_to":	{
			"host":	"172.16.10.3",
			"port":	5201
		},
		"cookie":	"nxaonc6xz7l46wmyla7kvrahkalmvsvb447i",
		"tcp_mss_default":	1348,
		"target_bitrate":	500000000,
		"sock_bufsize":	0,
		"sndbuf_actual":	16384,
		"rcvbuf_actual":	131072,
		"test_start":	{
			"protocol":	"TCP",
			"num_streams":	1,
			"blksize":	1518,
			"omit":	0,
			"duration":	30,
			"bytes":	0,
			"blocks":	0,
			"reverse":	0,
			"tos":	0
		}
	},
	"intervals":	[{
			"streams":	[{
					"socket":	5,
					"start":	0,
					"end":	1.000087,
					"seconds":	1.0000870227813721,
					"bytes":	62456592,
					"bits_per_second":	499609258.61271626,
					"retransmits":	0,
					"snd_cwnd":	122668,
					"rtt":	617,
					"rttvar":	110,
					"pmtu":	1400,
					"omitted":	false,
					"sender":	true
				}],
			"sum":	{
				"start":	0,
				"end":	1.000087,
				"seconds":	1.0000870227813721,
				"bytes":	62456592,
				"bits_per_second":	499609258.61271626,
				"retransmits":	0,
				"omitted":	false,
				"sender":	true
			}
		}, {
			"streams":	[{
					"socket":	5,
					"start":	1.000087,
					"end":	2.000086,
					"seconds":	0.99999898672103882,
					"bytes":	62503650,
					"bits_per_second":	500029706.66958171,
					"retransmits":	0,
					"snd_cwnd":	129408,
					"rtt":	709,
					"rttvar":	56,
					"pmtu":	1400,
					"omitted":	false,
					"sender":	true
				}],
			"sum":	{
				"start":	1.000087,
				"end":	2.000086,
				"seconds":	0.99999898672103882,
				"bytes":	62503650,
				"bits_per_second":	500029706.66958171,
				"retransmits":	0,
				"omitted":	false,
				"sender":	true
			}
		}, {
			"streams":	[{
					"socket":	5,
					"start":	2.000086,
					"end":	3.000082,
					"seconds":	0.9999960064888,
					"bytes":	62503650,
					"bits_per_second":	500031196.88018507,
					"retransmits":	0,
					"snd_cwnd":	129408,
					"rtt":	875,
					"rttvar":	56,
					"pmtu":	1400,
					"omitted":	false,
					"sender":	true
				}],
			"sum":	{
				"start":	2.000086,
				"end":	3.000082,
				"seconds":	0.9999960064888,
				"bytes":	62503650,
				"bits_per_second":	500031196.88018507,
				"retransmits":	0,
				"omitted":	false,
				"sender":	true
			}
		}, {
			"streams":	[{
					"socket":	5,
					"start":	3.000082,
					"end":	4.000083,
					"seconds":	1.0000009536743164,
					"bytes":	62496060,
					"bits_per_second":	499968003.19335634,
					"retransmits":	0,
					"snd_cwnd":	129408,
					"rtt":	792,
					"rttvar":	53,
					"pmtu":	1400,
					"omitted":	false,
					"sender":	true
				}],
			"sum":	{
				"start":	3.000082,
				"end":	4.000083,
				"seconds":	1.0000009536743164,
				"bytes":	62496060,
				"bits_per_second":	499968003.19335634,
				"retransmits":	0,
				"omitted":	false,
				"sender":	true
			}
		}, {
			"streams":	[{
					"socket":	5,
					"start":	4.000083,
					"end":	5.000087,
					"seconds":	1.0000040531158447,
					"bytes":	62499096,
					"bits_per_second":	499990741.47960347,
					"retransmits":	0,
					"snd_cwnd":	129408,
					"rtt":	679,
					"rttvar":	98,
					"pmtu":	1400,
					"omitted":	false,
					"sender":	true
				}],
			"sum":	{
				"start":	4.000083,
				"end":	5.000087,
				"seconds":	1.0000040531158447,
				"bytes":	62499096,
				"bits_per_second":	499990741.47960347,
				"retransmits":	0,
				"omitted":	false,
				"sender":	true
			}
		}, {
			"streams":	[{
					"socket":	5,
					"start":	5.000087,
					"end":	6.000085,
					"seconds":	0.99999797344207764,
					"bytes":	62499096,
					"bits_per_second":	499993781.26635855,
					"retransmits":	0,
					"snd_cwnd":	129408,
					"rtt":	663,
					"rttvar":	111,
					"pmtu":	1400,
					"omitted":	false,
					"sender":	true
				}],
			"sum":	{
				"start":	5.000087,
				"end":	6.000085,
				"seconds":	0.99999797344207764,
				"bytes":	62499096,
				"bits_per_second":	499993781.26635855,
				"retransmits":	0,
				"omitted":	false,
				"sender":	true
			}
		}, {
			"streams":	[{
					"socket":	5,
					"start":	6.000085,
					"end":	7.000086,
					"seconds":	1.0000009536743164,
					"bytes":	62506686,
					"bits_per_second":	500053011.11228645,
					"retransmits":	0,
					"snd_cwnd":	129408,
					"rtt":	718,
					"rttvar":	36,
					"pmtu":	1400,
					"omitted":	false,
					"sender":	true
				}],
			"sum":	{
				"start":	6.000085,
				"end":	7.000086,
				"seconds":	1.0000009536743164,
				"bytes":	62506686,
				"bits_per_second":	500053011.11228645,
				"retransmits":	0,
				"omitted":	false,
				"sender":	true
			}
		}, {
			"streams":	[{
					"socket":	5,
					"start":	7.000086,
					"end":	8.000088,
					"seconds":	1.0000020265579224,
					"bytes":	62493024,
					"bits_per_second":	499943178.83619022,
					"retransmits":	0,
					"snd_cwnd":	129408,
					"rtt":	673,
					"rttvar":	91,
					"pmtu":	1400,
					"omitted":	false,
					"sender":	true
				}],
			"sum":	{
				"start":	7.000086,
				"end":	8.000088,
				"seconds":	1.0000020265579224,
				"bytes":	62493024,
				"bits_per_second":	499943178.83619022,
				"retransmits":	0,
				"omitted":	false,
				"sender":	true
			}
		}, {
			"streams":	[{
					"socket":	5,
					"start":	8.000088,
					"end":	9.000087,
					"seconds":	0.99999898672103882,
					"bytes":	62499096,
					"bits_per_second":	499993274.63266593,
					"retransmits":	0,
					"snd_cwnd":	129408,
					"rtt":	663,
					"rttvar":	90,
					"pmtu":	1400,
					"omitted":	false,
					"sender":	true
				}],
			"sum":	{
				"start":	8.000088,
				"end":	9.000087,
				"seconds":	0.99999898672103882,
				"bytes":	62499096,
				"bits_per_second":	499993274.63266593,
				"retransmits":	0,
				"omitted":	false,
				"sender":	true
			}
		}, {
			"streams":	[{
					"socket":	5,
					"start":	9.000087,
					"end":	10.000086,
					"seconds":	0.99999898672103882,
					"bytes":	62500614,
					"bits_per_second":	500005418.64497119,
					"retransmits":	0,
					"snd_cwnd":	210288,
					"rtt":	753,
					"rttvar":	92,
					"pmtu":	1400,
					"omitted":	false,
					"sender":	true
				}],
			"sum":	{
				"start":	9.000087,
				"end":	10.000086,
				"seconds":	0.99999898672103882,
				"bytes":	62500614,
				"bits_per_second":	500005418.64497119,
				"retransmits":	0,
				"omitted":	false,
				"sender":	true
			}
		}, {
			"streams":	[{
					"socket":	5,
					"start":	10.000086,
					"end":	11.000084,
					"seconds":	0.99999797344207764,
					"bytes":	62497578,
					"bits_per_second":	499981637.241748,
					"retransmits":	0,
					"snd_cwnd":	210288,
					"rtt":	677,
					"rttvar":	104,
					"pmtu":	1400,
					"omitted":	false,
					"sender":	true
				}],
			"sum":	{
				"start":	10.000086,
				"end":	11.000084,
				"seconds":	0.99999797344207764,
				"bytes":	62497578,
				"bits_per_second":	499981637.241748,
				"retransmits":	0,
				"omitted":	false,
				"sender":	true
			}
		}, {
			"streams":	[{
					"socket":	5,
					"start":	11.000084,
					"end":	12.000057,
					"seconds":	0.99997299909591675,
					"bytes":	62497578,
					"bits_per_second":	499994124.29339224,
					"retransmits":	0,
					"snd_cwnd":	210288,
					"rtt":	679,
					"rttvar":	116,
					"pmtu":	1400,
					"omitted":	false,
					"sender":	true
				}],
			"sum":	{
				"start":	11.000084,
				"end":	12.000057,
				"seconds":	0.99997299909591675,
				"bytes":	62497578,
				"bits_per_second":	499994124.29339224,
				"retransmits":	0,
				"omitted":	false,
				"sender":	true
			}
		}, {
			"streams":	[{
					"socket":	5,
					"start":	12.000057,
					"end":	13.000064,
					"seconds":	1.0000070333480835,
					"bytes":	62514276,
					"bits_per_second":	500110690.54743308,
					"retransmits":	0,
					"snd_cwnd":	210288,
					"rtt":	778,
					"rttvar":	61,
					"pmtu":	1400,