{
	"start":	{
		"connected":	[{
				"socket":	5,
				"local_host":	"10.60.0.1",
				"local_port":	38953,
				"remote_host":	"172.16.10.3",
				"remote_port":	5201
			}],
		"version":	"iperf 3.7",
		"system_info":	"Linux ueransim1 5.4.0-169-generic #187-Ubuntu SMP Thu Nov 23 14:52:28 UTC 2023 x86_64",
		"timestamp":	{
			"time":	"Sat, 21 Jun 2025 13:14:05 GMT",
			"timesecs":	1750511645
		},
		"connecting_to":	{
			"host":	"172.16.10.3",
			"port":	5201
		},
		"cookie":	"rwdarvpjemgtfvh5r43uf7fekrmsylsmxcef",
		"tcp_mss_default":	1348,
		"target_bitrate":	1000000000,
		"sock_bufsize":	0,
		"sndbuf_actual":	16384,
		"rcvbuf_actual":	131072,
		"test_start":	{
			"protocol":	"TCP",
			"num_streams":	1,
			"blksize":	1518,
			"omit":	0,
			"duration":	30,
			"bytes":	0,
			"blocks":	0,
			"reverse":	0,
			"tos":	0
		}
	},
	"intervals":	[{
			"streams":	[{
					"socket":	5,
					"start":	0,
					"end":	1.000026,
					"seconds":	1.0000259876251221,
					"bytes":	112559700,
					"bits_per_second":	900454199.33382809,
					"retransmits":	26,
					"snd_cwnd":	597164,
					"rtt":	4846,
					"rttvar":	53,
					"pmtu":	1400,
					"omitted":	false,
					"sender":	true
				}],
			"sum":	{
				"start":	0,
				"end":	1.000026,
				"seconds":	1.0000259876251221,
				"bytes":	112559700,
				"bits_per_second":	900454199.33382809,
				"retransmits":	26,
				"omitted":	false,
				"sender":	true
			}
		}, {
			"streams":	[{
					"socket":	5,
					"start":	1.000026,
					"end":	2.000002,
					"seconds":	0.99997597932815552,
					"bytes":	117298896,
					"bits_per_second":	938413709.32776618,
					"retransmits":	0,
					"snd_cwnd":	725224,
					"rtt":	5904,
					"rttvar":	65,
					"pmtu":	1400,
					"omitted":	false,
					"sender":	true
				}],
			"sum":	{
				"start":	1.000026,
				"end":	2.000002,
				"seconds":	0.99997597932815552,
				"bytes":	117298896,
				"bits_per_second":	938413709.32776618,
				"retransmits":	0,
				"omitted":	false,
				"sender":	true
			}
		}, {
			"streams":	[{
					"socket":	5,
					"start":	2.000002,
					"end":	3.000022,
					"seconds":	1.0000200271606445,
					"bytes":	117394530,
					"bits_per_second":	939137431.74378717,
					"retransmits":	1,
					"snd_cwnd":	587728,
					"rtt":	4659,
					"rttvar":	137,
					"pmtu":	1400,
					"omitted":	false,
					"sender":	true
				}],
			"sum":	{
				"start":	2.000002,
				"end":	3.000022,
				"seconds":	1.0000200271606445,
				"bytes":	117394530,
				"bits_per_second":	939137431.74378717,
				"retransmits":	1,
				"omitted":	false,
				"sender":	true
			}
		}, {
			"streams":	[{
					"socket":	5,
					"start":	3.000022,
					"end":	4.000004,
					"seconds":	0.99998199939727783,
					"bytes":	117165312,
					"bits_per_second":	937339368.67359138,
					"retransmits":	0,
					"snd_cwnd":	714440,
					"rtt":	5841,
					"rttvar":	157,
					"pmtu":	1400,
					"omitted":	false,
					"sender":	true
				}],
			"sum":	{
				"start":	3.000022,
				"end":	4.000004,
				"seconds":	0.99998199939727783,
				"bytes":	117165312,
				"bits_per_second":	937339368.67359138,
				"retransmits":	0,
				"omitted":	false,
				"sender":	true
			}
		}, {
			"streams":	[{
					"socket":	5,
					"start":	4.000004,
					"end":	5.000003,
					"seconds":	0.99999898672103882,
					"bytes":	117156204,
					"bits_per_second":	937250581.69629574,
					"retransmits":	0,
					"snd_cwnd":	823628,
					"rtt":	6830,
					"rttvar":	124,
					"pmtu":	1400,
					"omitted":	false,
					"sender":	true
				}],
			"sum":	{
				"start":	4.000004,
				"end":	5.000003,
				"seconds":	0.99999898672103882,
				"bytes":	117156204,
				"bits_per_second":	937250581.69629574,
				"retransmits":	0,
				"omitted":	false,
				"sender":	true
			}
		}, {
			"streams":	[{
					"socket":	5,
					"start":	5.000003,
					"end":	6.000014,
					"seconds":	1.0000109672546387,
					"bytes":	117233622,
					"bits_per_second":	937858690.26492882,
					"retransmits":	1,
					"snd_cwnd":	692872,
					"rtt":	5764,
					"rttvar":	138,
					"pmtu":	1400,
					"omitted":	false,
					"sender":	true
				}],
			"sum":	{
				"start":	5.000003,
				"end":	6.000014,
				"seconds":	1.0000109672546387,
				"bytes":	117233622,
				"bits_per_second":	937858690.26492882,
				"retransmits":	1,
				"omitted":	false,
				"sender":	true
			}
		}, {
			"streams":	[{
					"socket":	5,
					"start":	6.000014,
					"end":	7.000022,
					"seconds":	1.0000079870224,
					"bytes":	117171384,
					"bits_per_second":	937363585.25604773,
					"retransmits":	0,
					"snd_cwnd":	806104,
					"rtt":	6660,
					"rttvar":	106,
					"pmtu":	1400,
					"omitted":	false,
					"sender":	true
				}],
			"sum":	{
				"start":	6.000014,
				"end":	7.000022,
				"seconds":	1.0000079870224,
				"bytes":	117171384,
				"bits_per_second":	937363585.25604773,
				"retransmits":	0,
				"omitted":	false,
				"sender":	true
			}
		}, {
			"streams":	[{
					"socket":	5,
					"start":	7.000022,
					"end":	8.000024,
					"seconds":	1.0000020265579224,
					"bytes":	114519438,
					"bits_per_second":	916153647.36156785,
					"retransmits":	2,
					"snd_cwnd":	508196,
					"rtt":	4096,
					"rttvar":	108,
					"pmtu":	1400,
					"omitted":	false,
					"sender":	true
				}],
			"sum":	{
				"start":	7.000022,
				"end":	8.000024,
				"seconds":	1.0000020265579224,
				"bytes":	114519438,
				"bits_per_second":	916153647.36156785,
				"retransmits":	2,
				"omitted":	false,
				"sender":	true
			}
		}, {
			"streams":	[{
					"socket":	5,
					"start":	8.000024,
					"end":	9.000021,
					"seconds":	0.99999701976776123,
					"bytes":	117185046,
					"bits_per_second":	937483161.91754246,
					"retransmits":	0,
					"snd_cwnd":	653780,
					"rtt":	5358,
					"rttvar":	68,
					"pmtu":	1400,
					"omitted":	false,
					"sender":	true
				}],
			"sum":	{
				"start":	8.000024,
				"end":	9.000021,
				"seconds":	0.99999701976776123,
				"bytes":	117185046,
				"bits_per_second":	937483161.91754246,
				"retransmits":	0,
				"omitted":	false,
				"sender":	true
			}
		}, {
			"streams":	[{
					"socket":	5,
					"start":	9.000021,
					"end":	10.000003,
					"seconds":	0.99998199939727783,
					"bytes":	117159240,
					"bits_per_second":	937290791.79917836,
					"retransmits":	0,
					"snd_cwnd":	769708,
					"rtt":	6304,
					"rttvar":	73,
					"pmtu":	1400,
					"omitted":	false,
					"sender":	true
				}],
			"sum":	{
				"start":	9.000021,
				"end":	10.000003,
				"seconds":	0.99998199939727783,
				"bytes":	117159240,
				"bits_per_second":	937290791.79917836,
				"retransmits":	0,
				"omitted":	false,
				"sender":	true
			}
		}, {
			"streams":	[{
					"socket":	5,
					"start":	10.000003,
					"end":	11.000056,
					"seconds":	1.00005304813385,
					"bytes":	117221478,
					"bits_per_second":	937722079.59360754,
					"retransmits":	1,
					"snd_cwnd":	613340,
					"rtt":	4927,
					"rttvar":	68,
					"pmtu":	1400,
					"omitted":	false,
					"sender":	true
				}],
			"sum":	{
				"start":	10.000003,
				"end":	11.000056,
				"seconds":	1.00005304813385,
				"bytes":	117221478,
				"bits_per_second":	937722079.59360754,
				"retransmits":	1,
				"omitted":	false,
				"sender":	true
			}
		}, {
			"streams":	[{
					"socket":	5,
					"start":	11.000056,
					"end":	12.000057,
					"seconds":	1.0000009536743164,
					"bytes":	117118254,
					"bits_per_second":	936945138.45948553,
					"retransmits":	0,
					"snd_cwnd":	738704,
					"rtt":	6039,
					"rttvar":	56,
					"pmtu":	1400,
					"omitted":	false,
					"sender":	true
				}],
			"sum":	{
				"start":	11.000056,
				"end":	12.000057,
				"seconds":	1.0000009536743164,
				"bytes":	117118254,
				"bits_per_second":	936945138.45948553,
				"retransmits":	0,
				"omitted":	false,
				"sender":	true
			}
		}, {
			"streams":	[{
					"socket":	5,
					"start":	12.000057,
					"end":	13.00006,
					"seconds":	1.0000029802322388,
					"bytes":	117160758,
					"bits_per_second":	937283270.67817986,
					"retransmits":	0,
					"snd_cwnd":	846544,
					"rtt":	6955,