{
	"start":	{
		"connected":	[{
				"socket":	5,
				"local_host":	"10.60.0.1",
				"local_port":	47447,
				"remote_host":	"172.16.10.3",
				"remote_port":	5201
			}],
		"version":	"iperf 3.7",
		"system_info":	"Linux ueransim1 5.4.0-169-generic #187-Ubuntu SMP Thu Nov 23 14:52:28 UTC 2023 x86_64",
		"timestamp":	{
			"time":	"Sat, 21 Jun 2025 12:57:00 GMT",
			"timesecs":	1750510620
		},
		"connecting_to":	{
			"host":	"172.16.10.3",
			"port":	5201
		},
		"cookie":	"6ltnl3xiddrrvdiyhkaqjqxmcprnn2swqf4z",
		"tcp_mss_default":	1348,
		"target_bitrate":	100000000,
		"sock_bufsize":	0,
		"sndbuf_actual":	16384,
		"rcvbuf_actual":	131072,
		"test_start":	{
			"protocol":	"TCP",
			"num_streams":	1,
			"blksize":	64,
			"omit":	0,
			"duration":	30,
			"bytes":	0,
			"blocks":	0,
			"reverse":	0,
			"tos":	0
		}
	},
	"intervals":	[{
			"streams":	[{
					"socket":	5,
					"start":	0,
					"end":	1.000056,
					"seconds":	1.0000560283660889,
					"bytes":	12498624,
					"bits_per_second":	99983390.094017,
					"retransmits":	0,
					"snd_cwnd":	31004,
					"rtt":	296,
					"rttvar":	16,
					"pmtu":	1400,
					"omitted":	false,
					"sender":	true
				}],
			"sum":	{
				"start":	0,
				"end":	1.000056,
				"seconds":	1.0000560283660889,
				"bytes":	12498624,
				"bits_per_second":	99983390.094017,
				"retransmits":	0,
				"omitted":	false,
				"sender":	true
			}
		}, {
			"streams":	[{
					"socket":	5,
					"start":	1.000056,
					"end":	2.000086,
					"seconds":	1.0000300407409668,
					"bytes":	12493888,
					"bits_per_second":	99948101.484973162,
					"retransmits":	0,
					"snd_cwnd":	31004,
					"rtt":	360,
					"rttvar":	67,
					"pmtu":	1400,
					"omitted":	false,
					"sender":	true
				}],
			"sum":	{
				"start":	1.000056,
				"end":	2.000086,
				"seconds":	1.0000300407409668,
				"bytes":	12493888,
				"bits_per_second":	99948101.484973162,
				"retransmits":	0,
				"omitted":	false,
				"sender":	true
			}
		}, {
			"streams":	[{
					"socket":	5,
					"start":	2.000086,
					"end":	3.000101,
					"seconds":	1.0000150203704834,
					"bytes":	12497280,
					"bits_per_second":	99976738.312350824,
					"retransmits":	0,
					"snd_cwnd":	35048,
					"rtt":	356,
					"rttvar":	71,
					"pmtu":	1400,
					"omitted":	false,
					"sender":	true
				}],
			"sum":	{
				"start":	2.000086,
				"end":	3.000101,
				"seconds":	1.0000150203704834,
				"bytes":	12497280,
				"bits_per_second":	99976738.312350824,
				"retransmits":	0,
				"omitted":	false,
				"sender":	true
			}
		}, {
			"streams":	[{
					"socket":	5,
					"start":	3.000101,
					"end":	4.000002,
					"seconds":	0.99990099668502808,
					"bytes":	12509568,
					"bits_per_second":	100086452.89061995,
					"retransmits":	0,
					"snd_cwnd":	35048,
					"rtt":	362,
					"rttvar":	38,
					"pmtu":	1400,
					"omitted":	false,
					"sender":	true
				}],
			"sum":	{
				"start":	3.000101,
				"end":	4.000002,
				"seconds":	0.99990099668502808,
				"bytes":	12509568,
				"bits_per_second":	100086452.89061995,
				"retransmits":	0,
				"omitted":	false,
				"sender":	true
			}
		}, {
			"streams":	[{
					"socket":	5,
					"start":	4.000002,
					"end":	5.000002,
					"seconds":	1,
					"bytes":	12500096,
					"bits_per_second":	100000768,
					"retransmits":	0,
					"snd_cwnd":	35048,
					"rtt":	342,
					"rttvar":	46,
					"pmtu":	1400,
					"omitted":	false,
					"sender":	true
				}],
			"sum":	{
				"start":	4.000002,
				"end":	5.000002,
				"seconds":	1,
				"bytes":	12500096,
				"bits_per_second":	100000768,
				"retransmits":	0,
				"omitted":	false,
				"sender":	true
			}
		}, {
			"streams":	[{
					"socket":	5,
					"start":	5.000002,
					"end":	6.000102,
					"seconds":	1.0001000165939331,
					"bytes":	12491008,
					"bits_per_second":	99918070.534912735,
					"retransmits":	0,
					"snd_cwnd":	35048,
					"rtt":	321,
					"rttvar":	30,
					"pmtu":	1400,
					"omitted":	false,
					"sender":	true
				}],
			"sum":	{
				"start":	5.000002,
				"end":	6.000102,
				"seconds":	1.0001000165939331,
				"bytes":	12491008,
				"bits_per_second":	99918070.534912735,
				"retransmits":	0,
				"omitted":	false,
				"sender":	true
			}
		}, {
			"streams":	[{
					"socket":	5,
					"start":	6.000102,
					"end":	7.0001,
					"seconds":	0.99999797344207764,
					"bytes":	12499520,
					"bits_per_second":	99996362.64842093,
					"retransmits":	0,
					"snd_cwnd":	40440,
					"rtt":	349,
					"rttvar":	60,
					"pmtu":	1400,
					"omitted":	false,
					"sender":	true
				}],
			"sum":	{
				"start":	6.000102,
				"end":	7.0001,
				"seconds":	0.99999797344207764,
				"bytes":	12499520,
				"bits_per_second":	99996362.64842093,
				"retransmits":	0,
				"omitted":	false,
				"sender":	true
			}
		}, {
			"streams":	[{
					"socket":	5,
					"start":	7.0001,
					"end":	8.0001,
					"seconds":	1,
					"bytes":	12499584,
					"bits_per_second":	99996672,
					"retransmits":	0,
					"snd_cwnd":	40440,
					"rtt":	328,
					"rttvar":	53,
					"pmtu":	1400,
					"omitted":	false,
					"sender":	true
				}],
			"sum":	{
				"start":	7.0001,
				"end":	8.0001,
				"seconds":	1,
				"bytes":	12499584,
				"bits_per_second":	99996672,
				"retransmits":	0,
				"omitted":	false,
				"sender":	true
			}
		}, {
			"streams":	[{
					"socket":	5,
					"start":	8.0001,
					"end":	9.0001,
					"seconds":	1,
					"bytes":	12500608,
					"bits_per_second":	100004864,
					"retransmits":	0,
					"snd_cwnd":	40440,
					"rtt":	347,
					"rttvar":	80,
					"pmtu":	1400,
					"omitted":	false,
					"sender":	true
				}],
			"sum":	{
				"start":	8.0001,
				"end":	9.0001,
				"seconds":	1,
				"bytes":	12500608,
				"bits_per_second":	100004864,
				"retransmits":	0,
				"omitted":	false,
				"sender":	true
			}
		}, {
			"streams":	[{
					"socket":	5,
					"start":	9.0001,
					"end":	10.0001,
					"seconds":	1,
					"bytes":	12502336,
					"bits_per_second":	100018688,
					"retransmits":	0,
					"snd_cwnd":	40440,
					"rtt":	324,
					"rttvar":	66,
					"pmtu":	1400,
					"omitted":	false,
					"sender":	true
				}],
			"sum":	{
				"start":	9.0001,
				"end":	10.0001,
				"seconds":	1,
				"bytes":	12502336,
				"bits_per_second":	100018688,
				"retransmits":	0,
				"omitted":	false,
				"sender":	true
			}
		}, {
			"streams":	[{
					"socket":	5,
					"start":	10.0001,
					"end":	11.000002,
					"seconds":	0.99990200996398926,
					"bytes":	12506176,
					"bits_per_second":	100059212.80586605,
					"retransmits":	0,
					"snd_cwnd":	40440,
					"rtt":	586,
					"rttvar":	84,
					"pmtu":	1400,
					"omitted":	false,
					"sender":	true
				}],
			"sum":	{
				"start":	10.0001,
				"end":	11.000002,
				"seconds":	0.99990200996398926,
				"bytes":	12506176,
				"bits_per_second":	100059212.80586605,
				"retransmits":	0,
				"omitted":	false,
				"sender":	true
			}
		}, {
			"streams":	[{
					"socket":	5,
					"start":	11.000002,
					"end":	12.000107,
					"seconds":	1.0001050233840942,
					"bytes":	12490880,
					"bits_per_second":	99916546.426167309,
					"retransmits":	0,
					"snd_cwnd":	186024,
					"rtt":	340,
					"rttvar":	42,
					"pmtu":	1400,
					"omitted":	false,
					"sender":	true
				}],
			"sum":	{
				"start":	11.000002,
				"end":	12.000107,
				"seconds":	1.0001050233840942,
				"bytes":	12490880,
				"bits_per_second":	99916546.426167309,
				"retransmits":	0,
				"omitted":	false,
				"sender":	true
			}
		}, {
			"streams":	[{
					"socket":	5,
					"start":	12.000107,
					"end":	13.000099,
					"seconds":	0.9999920129776001,
					"bytes":	12501568,
					"bits_per_second":	100013342.80880931,
					"retransmits":	0,
					"snd_cwnd":	186024,
					"rtt":	350,
					"rttvar":	71,
					"pmtu":	1400,
					"omitted":	false,
					"sender":	true
				}],
			"sum":	{
				"start":	12.000107,
				"end":	13.000099,
				"seconds":	0.9999920129776001,
				"bytes":	12501568,
				"bits_per_second":	100013342.80880931,
				"retransmits":	0,
				"omitted":	false,